2025-05-01 14:41:09,112 - INFO - Load pretrained SentenceTransformer: sentence-transformers/all-MiniLM-L6-v2
2025-05-01 14:42:10,228 - INFO - Loading faiss with AVX2 support.
2025-05-01 14:42:10,246 - INFO - Successfully loaded faiss with AVX2 support.
2025-05-01 14:42:10,251 - INFO - Failed to load GPU Faiss: name 'GpuIndexIVFFlat' is not defined. Will not load constructor refs for GPU indexes.
2025-05-01 14:42:10,264 - INFO - Knowledge base reloaded
2025-05-01 14:42:28,829 - INFO - Load pretrained SentenceTransformer: sentence-transformers/all-MiniLM-L6-v2
2025-05-01 14:43:31,492 - INFO - Loading faiss with AVX2 support.
2025-05-01 14:43:31,582 - INFO - Successfully loaded faiss with AVX2 support.
2025-05-01 14:43:31,589 - INFO - Failed to load GPU Faiss: name 'GpuIndexIVFFlat' is not defined. Will not load constructor refs for GPU indexes.
2025-05-01 14:43:31,602 - INFO - Knowledge base reloaded
2025-05-01 14:43:49,038 - INFO - Load pretrained SentenceTransformer: sentence-transformers/all-MiniLM-L6-v2
2025-05-01 14:45:00,211 - INFO - Loading faiss with AVX2 support.
2025-05-01 14:45:00,273 - INFO - Successfully loaded faiss with AVX2 support.
2025-05-01 14:45:00,294 - INFO - Failed to load GPU Faiss: name 'GpuIndexIVFFlat' is not defined. Will not load constructor refs for GPU indexes.
2025-05-01 14:45:00,448 - INFO - Knowledge base reloaded
2025-05-01 14:45:26,738 - ERROR - Internal Server Error: /api/messages/
Traceback (most recent call last):
  File "C:\Users\urjii\OneDrive\Desktop\project\integrated-web-app\venv\Lib\site-packages\django\core\handlers\exception.py", line 55, in inner
    response = get_response(request)
  File "C:\Users\urjii\OneDrive\Desktop\project\integrated-web-app\venv\Lib\site-packages\django\core\handlers\base.py", line 197, in _get_response
    response = wrapped_callback(request, *callback_args, **callback_kwargs)
  File "C:\Users\urjii\OneDrive\Desktop\project\integrated-web-app\venv\Lib\site-packages\django\views\decorators\csrf.py", line 65, in _view_wrapper
    return view_func(request, *args, **kwargs)
  File "C:\Users\urjii\OneDrive\Desktop\project\integrated-web-app\venv\Lib\site-packages\rest_framework\viewsets.py", line 125, in view
    return self.dispatch(request, *args, **kwargs)
           ~~~~~~~~~~~~~^^^^^^^^^^^^^^^^^^^^^^^^^^
  File "C:\Users\urjii\OneDrive\Desktop\project\integrated-web-app\venv\Lib\site-packages\rest_framework\views.py", line 515, in dispatch
    response = self.handle_exception(exc)
  File "C:\Users\urjii\OneDrive\Desktop\project\integrated-web-app\venv\Lib\site-packages\rest_framework\views.py", line 475, in handle_exception
    self.raise_uncaught_exception(exc)
    ~~~~~~~~~~~~~~~~~~~~~~~~~~~~~^^^^^
  File "C:\Users\urjii\OneDrive\Desktop\project\integrated-web-app\venv\Lib\site-packages\rest_framework\views.py", line 486, in raise_uncaught_exception
    raise exc
  File "C:\Users\urjii\OneDrive\Desktop\project\integrated-web-app\venv\Lib\site-packages\rest_framework\views.py", line 512, in dispatch
    response = handler(request, *args, **kwargs)
  File "C:\Users\urjii\OneDrive\Desktop\project\integrated-web-app\chatbot\chatbot_views.py", line 39, in create
    ai_response = generate_response(request.data.get('content'))
  File "C:\Users\urjii\OneDrive\Desktop\project\integrated-web-app\chatbot\llm_integration.py", line 91, in generate_response
    if len(context) > max_context_length:
           ^^^^^^^
UnboundLocalError: cannot access local variable 'context' where it is not associated with a value
2025-05-01 14:52:24,973 - INFO - C:\Users\urjii\OneDrive\Desktop\project\integrated-web-app\chatbot\llm_integration.py changed, reloading.
2025-05-01 14:52:50,172 - INFO - Load pretrained SentenceTransformer: sentence-transformers/all-MiniLM-L6-v2
2025-05-01 14:53:57,949 - INFO - Loading faiss with AVX2 support.
2025-05-01 14:53:57,968 - INFO - Successfully loaded faiss with AVX2 support.
2025-05-01 14:53:57,974 - INFO - Failed to load GPU Faiss: name 'GpuIndexIVFFlat' is not defined. Will not load constructor refs for GPU indexes.
2025-05-01 14:53:57,987 - INFO - Knowledge base reloaded
2025-05-01 15:32:29,660 - INFO - C:\Users\urjii\OneDrive\Desktop\project\integrated-web-app\chatbot\chatbot_views.py changed, reloading.
2025-05-01 15:33:11,071 - INFO - Load pretrained SentenceTransformer: sentence-transformers/all-MiniLM-L6-v2
2025-05-01 15:34:25,810 - INFO - Loading faiss with AVX2 support.
2025-05-01 15:34:25,832 - INFO - Successfully loaded faiss with AVX2 support.
2025-05-01 15:34:25,837 - INFO - Failed to load GPU Faiss: name 'GpuIndexIVFFlat' is not defined. Will not load constructor refs for GPU indexes.
2025-05-01 15:34:25,851 - INFO - Knowledge base reloaded
2025-05-01 15:34:35,448 - INFO - C:\Users\urjii\OneDrive\Desktop\project\integrated-web-app\chatbot\chatbot_views.py changed, reloading.
2025-05-01 15:35:42,370 - INFO - Load pretrained SentenceTransformer: sentence-transformers/all-MiniLM-L6-v2
2025-05-01 15:37:17,072 - INFO - Load pretrained SentenceTransformer: sentence-transformers/all-MiniLM-L6-v2
2025-05-01 15:38:25,357 - INFO - Loading faiss with AVX2 support.
2025-05-01 15:38:25,409 - INFO - Successfully loaded faiss with AVX2 support.
2025-05-01 15:38:25,428 - INFO - Failed to load GPU Faiss: name 'GpuIndexIVFFlat' is not defined. Will not load constructor refs for GPU indexes.
2025-05-01 15:38:25,476 - INFO - Knowledge base reloaded
2025-05-01 15:40:38,207 - INFO - C:\Users\urjii\OneDrive\Desktop\project\integrated-web-app\chatbot\llm_integration.py changed, reloading.
2025-05-01 15:40:59,789 - INFO - Load pretrained SentenceTransformer: sentence-transformers/all-MiniLM-L6-v2
2025-05-01 15:41:03,678 - INFO - Embeddings initialized successfully
2025-05-01 15:50:01,786 - INFO - Load pretrained SentenceTransformer: sentence-transformers/all-MiniLM-L6-v2
2025-05-01 15:50:07,543 - INFO - Embeddings initialized successfully
2025-05-01 15:51:09,016 - INFO - Loading faiss with AVX2 support.
2025-05-01 15:51:09,083 - INFO - Successfully loaded faiss with AVX2 support.
2025-05-01 15:51:09,102 - INFO - Failed to load GPU Faiss: name 'GpuIndexIVFFlat' is not defined. Will not load constructor refs for GPU indexes.
2025-05-01 15:51:09,147 - INFO - Knowledge base reloaded
2025-05-01 15:54:08,636 - ERROR - DeepSeek API call failed: 402 Client Error: Payment Required for url: https://api.deepseek.com/v1/chat/completions
2025-05-01 15:54:49,185 - ERROR - DeepSeek API call failed: 402 Client Error: Payment Required for url: https://api.deepseek.com/v1/chat/completions
2025-05-01 16:05:29,506 - ERROR - DeepSeek API call failed: 402 Client Error: Payment Required for url: https://api.deepseek.com/v1/chat/completions
2025-05-01 16:06:28,781 - WARNING - Not Found: /api/new_chat/
2025-05-01 16:22:58,726 - INFO - C:\Users\urjii\OneDrive\Desktop\project\integrated-web-app\chatbot\chatbot_views.py changed, reloading.
2025-05-01 16:23:06,593 - INFO - Load pretrained SentenceTransformer: sentence-transformers/all-MiniLM-L6-v2
2025-05-01 16:23:09,823 - INFO - Embeddings initialized successfully
2025-05-01 16:23:29,947 - INFO - Loading faiss with AVX2 support.
2025-05-01 16:23:29,967 - INFO - Successfully loaded faiss with AVX2 support.
2025-05-01 16:23:29,972 - INFO - Failed to load GPU Faiss: name 'GpuIndexIVFFlat' is not defined. Will not load constructor refs for GPU indexes.
2025-05-01 16:23:29,983 - INFO - Knowledge base reloaded
2025-05-01 16:23:34,230 - INFO - C:\Users\urjii\OneDrive\Desktop\project\integrated-web-app\chatbot\chatbot_views.py changed, reloading.
2025-05-01 16:23:42,791 - INFO - Load pretrained SentenceTransformer: sentence-transformers/all-MiniLM-L6-v2
2025-05-01 16:23:46,058 - INFO - Embeddings initialized successfully
2025-05-01 16:24:13,027 - INFO - Loading faiss with AVX2 support.
2025-05-01 16:24:13,062 - INFO - Successfully loaded faiss with AVX2 support.
2025-05-01 16:24:13,071 - INFO - Failed to load GPU Faiss: name 'GpuIndexIVFFlat' is not defined. Will not load constructor refs for GPU indexes.
2025-05-01 16:24:13,088 - INFO - Knowledge base reloaded
2025-05-01 16:26:05,717 - INFO - C:\Users\urjii\OneDrive\Desktop\project\integrated-web-app\chatbot\chatbot_views.py changed, reloading.
2025-05-01 16:26:14,075 - INFO - Load pretrained SentenceTransformer: sentence-transformers/all-MiniLM-L6-v2
2025-05-01 16:26:17,982 - INFO - Embeddings initialized successfully
2025-05-01 16:26:50,160 - INFO - Loading faiss with AVX2 support.
2025-05-01 16:26:50,214 - INFO - Successfully loaded faiss with AVX2 support.
2025-05-01 16:26:50,230 - INFO - Failed to load GPU Faiss: name 'GpuIndexIVFFlat' is not defined. Will not load constructor refs for GPU indexes.
2025-05-01 16:26:50,266 - INFO - Knowledge base reloaded
2025-05-01 16:27:25,456 - WARNING - Unauthorized: /api/messages/
2025-05-01 16:27:25,467 - WARNING - Bad Request: /api/auth/token/refresh/
2025-05-01 16:27:46,341 - WARNING - Not Found: /api/conversations/recent/
2025-05-01 16:27:46,419 - WARNING - Unauthorized: /api/messages/
2025-05-01 16:27:46,426 - WARNING - Bad Request: /api/auth/token/refresh/
2025-05-01 16:30:47,569 - INFO - C:\Users\urjii\OneDrive\Desktop\project\integrated-web-app\chatbot\llm_integration.py changed, reloading.
2025-05-01 16:30:55,173 - INFO - Load pretrained SentenceTransformer: sentence-transformers/all-MiniLM-L6-v2
2025-05-01 16:30:56,256 - INFO - Load pretrained SentenceTransformer: sentence-transformers/all-MiniLM-L6-v2
2025-05-01 16:30:58,506 - INFO - Embeddings initialized successfully
2025-05-01 16:30:59,719 - INFO - Embeddings initialized successfully
2025-05-01 16:31:47,829 - INFO - Loading faiss with AVX2 support.
2025-05-01 16:31:47,912 - INFO - Successfully loaded faiss with AVX2 support.
2025-05-01 16:31:47,934 - INFO - Failed to load GPU Faiss: name 'GpuIndexIVFFlat' is not defined. Will not load constructor refs for GPU indexes.
2025-05-01 16:31:47,994 - INFO - Knowledge base reloaded
2025-05-01 16:31:53,820 - INFO - Loading faiss with AVX2 support.
2025-05-01 16:31:53,865 - INFO - Successfully loaded faiss with AVX2 support.
2025-05-01 16:31:53,877 - INFO - Failed to load GPU Faiss: name 'GpuIndexIVFFlat' is not defined. Will not load constructor refs for GPU indexes.
2025-05-01 16:31:53,899 - INFO - Knowledge base reloaded
2025-05-01 16:31:57,953 - INFO - C:\Users\urjii\OneDrive\Desktop\project\integrated-web-app\chatbot\llm_integration.py changed, reloading.
2025-05-01 16:31:58,061 - INFO - C:\Users\urjii\OneDrive\Desktop\project\integrated-web-app\chatbot\llm_integration.py changed, reloading.
2025-05-01 16:32:09,732 - INFO - Load pretrained SentenceTransformer: sentence-transformers/all-MiniLM-L6-v2
2025-05-01 16:32:09,744 - INFO - Load pretrained SentenceTransformer: sentence-transformers/all-MiniLM-L6-v2
2025-05-01 16:32:22,413 - INFO - Embeddings initialized successfully
2025-05-01 16:32:22,616 - INFO - Embeddings initialized successfully
2025-05-01 16:33:18,468 - INFO - Loading faiss with AVX2 support.
2025-05-01 16:33:18,553 - INFO - Successfully loaded faiss with AVX2 support.
2025-05-01 16:33:18,579 - INFO - Failed to load GPU Faiss: name 'GpuIndexIVFFlat' is not defined. Will not load constructor refs for GPU indexes.
2025-05-01 16:33:18,631 - INFO - Knowledge base reloaded
2025-05-01 16:33:19,443 - INFO - Loading faiss with AVX2 support.
2025-05-01 16:33:19,481 - INFO - Successfully loaded faiss with AVX2 support.
2025-05-01 16:33:19,494 - INFO - Failed to load GPU Faiss: name 'GpuIndexIVFFlat' is not defined. Will not load constructor refs for GPU indexes.
2025-05-01 16:33:19,516 - INFO - Knowledge base reloaded
2025-05-01 16:35:32,771 - INFO - C:\Users\urjii\OneDrive\Desktop\project\integrated-web-app\chatbot\llm_integration.py changed, reloading.
2025-05-01 16:35:32,898 - INFO - C:\Users\urjii\OneDrive\Desktop\project\integrated-web-app\chatbot\llm_integration.py changed, reloading.
2025-05-01 16:36:15,242 - INFO - Load pretrained SentenceTransformer: sentence-transformers/all-MiniLM-L6-v2
2025-05-01 16:36:15,291 - INFO - Load pretrained SentenceTransformer: sentence-transformers/all-MiniLM-L6-v2
2025-05-01 16:36:18,651 - INFO - Embeddings initialized successfully
2025-05-01 16:36:18,858 - INFO - Embeddings initialized successfully
2025-05-01 16:37:13,631 - INFO - Loading faiss with AVX2 support.
2025-05-01 16:37:13,695 - INFO - Successfully loaded faiss with AVX2 support.
2025-05-01 16:37:13,718 - INFO - Failed to load GPU Faiss: name 'GpuIndexIVFFlat' is not defined. Will not load constructor refs for GPU indexes.
2025-05-01 16:37:13,771 - INFO - Knowledge base reloaded
2025-05-01 16:37:14,279 - INFO - Loading faiss with AVX2 support.
2025-05-01 16:37:14,314 - INFO - Successfully loaded faiss with AVX2 support.
2025-05-01 16:37:14,324 - INFO - Failed to load GPU Faiss: name 'GpuIndexIVFFlat' is not defined. Will not load constructor refs for GPU indexes.
2025-05-01 16:37:14,345 - INFO - Knowledge base reloaded
2025-05-01 16:37:19,767 - INFO - C:\Users\urjii\OneDrive\Desktop\project\integrated-web-app\chatbot\llm_integration.py changed, reloading.
2025-05-01 16:37:19,884 - INFO - C:\Users\urjii\OneDrive\Desktop\project\integrated-web-app\chatbot\llm_integration.py changed, reloading.
2025-05-01 16:37:37,450 - INFO - Load pretrained SentenceTransformer: sentence-transformers/all-MiniLM-L6-v2
2025-05-01 16:37:37,472 - INFO - Load pretrained SentenceTransformer: sentence-transformers/all-MiniLM-L6-v2
2025-05-01 16:37:41,182 - INFO - Embeddings initialized successfully
2025-05-01 16:37:41,182 - INFO - Embeddings initialized successfully
2025-05-01 16:38:46,080 - INFO - Loading faiss with AVX2 support.
2025-05-01 16:38:46,164 - INFO - Successfully loaded faiss with AVX2 support.
2025-05-01 16:38:46,233 - INFO - Failed to load GPU Faiss: name 'GpuIndexIVFFlat' is not defined. Will not load constructor refs for GPU indexes.
2025-05-01 16:38:46,283 - INFO - Knowledge base reloaded
2025-05-01 16:38:46,379 - INFO - Loading faiss with AVX2 support.
2025-05-01 16:38:46,425 - INFO - Successfully loaded faiss with AVX2 support.
2025-05-01 16:38:46,440 - INFO - Failed to load GPU Faiss: name 'GpuIndexIVFFlat' is not defined. Will not load constructor refs for GPU indexes.
2025-05-01 16:38:46,463 - INFO - Knowledge base reloaded
2025-05-01 16:48:42,659 - INFO - C:\Users\urjii\OneDrive\Desktop\project\integrated-web-app\chatbot\chatbot_views.py changed, reloading.
2025-05-01 16:48:43,165 - INFO - C:\Users\urjii\OneDrive\Desktop\project\integrated-web-app\chatbot\chatbot_views.py changed, reloading.
2025-05-01 16:48:53,680 - INFO - Load pretrained SentenceTransformer: sentence-transformers/all-MiniLM-L6-v2
2025-05-01 16:48:53,989 - INFO - Load pretrained SentenceTransformer: sentence-transformers/all-MiniLM-L6-v2
2025-05-01 16:48:58,133 - INFO - Embeddings initialized successfully
2025-05-01 16:48:58,262 - INFO - Embeddings initialized successfully
2025-05-01 16:49:46,446 - INFO - Loading faiss with AVX2 support.
2025-05-01 16:49:46,501 - INFO - Successfully loaded faiss with AVX2 support.
2025-05-01 16:49:46,519 - INFO - Failed to load GPU Faiss: name 'GpuIndexIVFFlat' is not defined. Will not load constructor refs for GPU indexes.
2025-05-01 16:49:46,556 - INFO - Knowledge base reloaded
2025-05-01 16:49:46,884 - INFO - Loading faiss with AVX2 support.
2025-05-01 16:49:46,929 - INFO - Successfully loaded faiss with AVX2 support.
2025-05-01 16:49:46,941 - INFO - Failed to load GPU Faiss: name 'GpuIndexIVFFlat' is not defined. Will not load constructor refs for GPU indexes.
2025-05-01 16:49:46,961 - INFO - Knowledge base reloaded
2025-05-01 16:52:35,915 - INFO - C:\Users\urjii\OneDrive\Desktop\project\integrated-web-app\chatbot\llm_integration.py changed, reloading.
2025-05-01 16:52:36,021 - INFO - C:\Users\urjii\OneDrive\Desktop\project\integrated-web-app\chatbot\llm_integration.py changed, reloading.
2025-05-01 16:52:45,458 - INFO - Load pretrained SentenceTransformer: sentence-transformers/all-MiniLM-L6-v2
2025-05-01 16:52:45,458 - INFO - Load pretrained SentenceTransformer: sentence-transformers/all-MiniLM-L6-v2
2025-05-01 16:52:49,146 - INFO - Embeddings initialized successfully
2025-05-01 16:52:49,957 - INFO - Embeddings initialized successfully
2025-05-01 16:52:54,109 - INFO - Successfully loaded: knowledge_base\ASTUlegislation2017.pdf
2025-05-01 16:52:54,914 - INFO - Successfully loaded: knowledge_base\ASTUlegislation2017.pdf
2025-05-01 16:53:00,681 - INFO - Successfully loaded: knowledge_base\Course_catalogue_Final.pdf
2025-05-01 16:53:01,072 - INFO - Successfully loaded: knowledge_base\PEOs_and_POs_ASTUs_Programs.pdf
2025-05-01 16:53:01,461 - INFO - Successfully loaded: knowledge_base\Program_Accreditations.pdf
2025-05-01 16:53:01,731 - INFO - Successfully loaded: knowledge_base\Course_catalogue_Final.pdf
2025-05-01 16:53:02,700 - INFO - Successfully loaded: knowledge_base\PEOs_and_POs_ASTUs_Programs.pdf
2025-05-01 16:53:03,615 - INFO - Successfully loaded: knowledge_base\Program_Accreditations.pdf
2025-05-01 16:55:42,222 - INFO - Loading faiss with AVX2 support.
2025-05-01 16:55:42,306 - INFO - Successfully loaded faiss with AVX2 support.
2025-05-01 16:55:42,325 - INFO - Failed to load GPU Faiss: name 'GpuIndexIVFFlat' is not defined. Will not load constructor refs for GPU indexes.
2025-05-01 16:55:42,571 - INFO - Knowledge base reloaded with 1970 chunks from 853 documents
2025-05-01 16:55:45,069 - INFO - Loading faiss with AVX2 support.
2025-05-01 16:55:45,105 - INFO - Successfully loaded faiss with AVX2 support.
2025-05-01 16:55:45,120 - INFO - Failed to load GPU Faiss: name 'GpuIndexIVFFlat' is not defined. Will not load constructor refs for GPU indexes.
2025-05-01 16:55:45,202 - INFO - Knowledge base reloaded with 1970 chunks from 853 documents
2025-05-01 16:58:10,596 - INFO - C:\Users\urjii\OneDrive\Desktop\project\integrated-web-app\chatbot\urls.py changed, reloading.
2025-05-01 16:58:10,728 - INFO - C:\Users\urjii\OneDrive\Desktop\project\integrated-web-app\chatbot\urls.py changed, reloading.
2025-05-01 16:58:20,722 - INFO - Load pretrained SentenceTransformer: sentence-transformers/all-MiniLM-L6-v2
2025-05-01 16:58:20,879 - INFO - Load pretrained SentenceTransformer: sentence-transformers/all-MiniLM-L6-v2
2025-05-01 16:58:24,138 - INFO - Embeddings initialized successfully
2025-05-01 16:58:24,241 - INFO - Embeddings initialized successfully
2025-05-01 16:58:29,293 - INFO - Successfully loaded: knowledge_base\ASTUlegislation2017.pdf
2025-05-01 16:58:29,380 - INFO - Successfully loaded: knowledge_base\ASTUlegislation2017.pdf
2025-05-01 16:58:35,999 - INFO - Successfully loaded: knowledge_base\Course_catalogue_Final.pdf
2025-05-01 16:58:36,191 - INFO - Successfully loaded: knowledge_base\Course_catalogue_Final.pdf
2025-05-01 16:58:36,315 - INFO - Successfully loaded: knowledge_base\PEOs_and_POs_ASTUs_Programs.pdf
2025-05-01 16:58:36,513 - INFO - Successfully loaded: knowledge_base\PEOs_and_POs_ASTUs_Programs.pdf
2025-05-01 16:58:36,641 - INFO - Successfully loaded: knowledge_base\Program_Accreditations.pdf
2025-05-01 16:58:36,849 - INFO - Successfully loaded: knowledge_base\Program_Accreditations.pdf
2025-05-01 17:00:55,622 - INFO - Loading faiss with AVX2 support.
2025-05-01 17:00:55,701 - INFO - Successfully loaded faiss with AVX2 support.
2025-05-01 17:00:55,718 - INFO - Failed to load GPU Faiss: name 'GpuIndexIVFFlat' is not defined. Will not load constructor refs for GPU indexes.
2025-05-01 17:00:55,904 - INFO - Knowledge base reloaded with 1970 chunks from 853 documents
2025-05-01 17:00:56,704 - INFO - Loading faiss with AVX2 support.
2025-05-01 17:00:56,737 - INFO - Successfully loaded faiss with AVX2 support.
2025-05-01 17:00:56,745 - INFO - Failed to load GPU Faiss: name 'GpuIndexIVFFlat' is not defined. Will not load constructor refs for GPU indexes.
2025-05-01 17:00:56,822 - INFO - Knowledge base reloaded with 1970 chunks from 853 documents
2025-05-01 17:06:29,357 - WARNING - Not Found: /api/conversations/recent/
2025-05-01 17:06:29,475 - WARNING - Unauthorized: /api/messages/
2025-05-01 17:06:29,482 - WARNING - Bad Request: /api/auth/token/refresh/
2025-05-01 17:09:40,099 - WARNING - Not Found: /api/api/conversations/recent/
2025-05-01 17:09:40,111 - WARNING - Not Found: /api/api/conversations/recent/
2025-05-01 17:09:40,185 - WARNING - Unauthorized: /api/messages/
2025-05-01 17:09:40,187 - WARNING - Unauthorized: /api/messages/
2025-05-01 17:09:40,195 - WARNING - Bad Request: /api/auth/token/refresh/
2025-05-01 17:09:40,199 - WARNING - Bad Request: /api/auth/token/refresh/
2025-05-01 17:10:08,045 - WARNING - Not Found: /api/api/conversations/recent/
2025-05-01 17:10:08,054 - WARNING - Not Found: /api/api/conversations/recent/
2025-05-01 17:10:08,180 - WARNING - Unauthorized: /api/messages/
2025-05-01 17:10:08,182 - WARNING - Unauthorized: /api/messages/
2025-05-01 17:10:08,334 - WARNING - Bad Request: /api/auth/token/refresh/
2025-05-01 17:10:08,336 - WARNING - Bad Request: /api/auth/token/refresh/
2025-05-01 17:11:39,286 - WARNING - Not Found: /api/api/conversations/recent/
2025-05-01 17:11:39,300 - WARNING - Not Found: /api/api/conversations/recent/
2025-05-01 17:11:39,468 - WARNING - Unauthorized: /api/messages/
2025-05-01 17:11:39,473 - WARNING - Unauthorized: /api/messages/
2025-05-01 17:11:39,486 - WARNING - Bad Request: /api/auth/token/refresh/
2025-05-01 17:11:39,488 - WARNING - Bad Request: /api/auth/token/refresh/
2025-05-01 17:11:56,517 - WARNING - Not Found: /api/api/conversations/recent/
2025-05-01 17:11:56,526 - WARNING - Not Found: /api/api/conversations/recent/
2025-05-01 17:11:56,706 - WARNING - Unauthorized: /api/messages/
2025-05-01 17:11:56,708 - WARNING - Unauthorized: /api/messages/
2025-05-01 17:11:56,954 - WARNING - Bad Request: /api/auth/token/refresh/
2025-05-01 17:11:56,956 - WARNING - Bad Request: /api/auth/token/refresh/
2025-05-01 17:12:04,914 - WARNING - Too Many Requests: /api/conversations/
2025-05-01 17:12:04,922 - WARNING - Not Found: /api/api/conversations/recent/
2025-05-01 17:12:04,934 - WARNING - Not Found: /api/api/conversations/recent/
2025-05-01 17:12:04,998 - WARNING - Unauthorized: /api/messages/
2025-05-01 17:12:05,006 - WARNING - Bad Request: /api/auth/token/refresh/
2025-05-01 17:12:28,225 - WARNING - Too Many Requests: /api/conversations/
2025-05-01 17:12:28,227 - WARNING - Too Many Requests: /api/conversations/recent/
2025-05-01 17:12:28,229 - WARNING - Too Many Requests: /api/conversations/
2025-05-01 17:12:28,236 - WARNING - Too Many Requests: /api/conversations/recent/
2025-05-01 17:24:09,752 - WARNING - Not Found: /api/conversations/recent/
2025-05-01 17:24:09,758 - WARNING - Not Found: /api/conversations/recent/
2025-05-01 17:24:09,899 - WARNING - Unauthorized: /api/messages/
2025-05-01 17:24:09,902 - WARNING - Unauthorized: /api/messages/
2025-05-01 17:24:09,932 - WARNING - Bad Request: /api/auth/token/refresh/
2025-05-01 17:24:09,934 - WARNING - Bad Request: /api/auth/token/refresh/
2025-05-01 17:28:07,972 - WARNING - Not Found: /api/chat/conversations/
2025-05-01 17:28:07,976 - WARNING - Not Found: /api/chat/conversations/
2025-05-01 17:28:07,983 - WARNING - Not Found: /api/chat/conversations/
2025-05-01 17:28:07,988 - WARNING - Not Found: /api/chat/conversations/
2025-05-01 17:28:29,301 - WARNING - Not Found: /api/chat/conversations/
2025-05-01 17:28:29,307 - WARNING - Not Found: /api/chat/conversations/
2025-05-01 17:28:29,312 - WARNING - Not Found: /api/chat/conversations/
2025-05-01 17:28:29,318 - WARNING - Not Found: /api/chat/conversations/
2025-05-01 17:37:32,024 - WARNING - Unauthorized: /api/messages/
2025-05-01 17:37:32,027 - WARNING - Unauthorized: /api/messages/
2025-05-01 17:37:32,047 - WARNING - Bad Request: /api/auth/token/refresh/
2025-05-01 17:37:32,051 - WARNING - Bad Request: /api/auth/token/refresh/
2025-05-01 17:38:44,320 - WARNING - Unauthorized: /api/messages/
2025-05-01 17:38:44,330 - WARNING - Unauthorized: /api/messages/
2025-05-01 17:38:44,392 - WARNING - Bad Request: /api/auth/token/refresh/
2025-05-01 17:38:44,395 - WARNING - Bad Request: /api/auth/token/refresh/
2025-05-01 17:41:25,143 - INFO - C:\Users\urjii\OneDrive\Desktop\project\integrated-web-app\chatbot\urls.py changed, reloading.
2025-05-01 17:41:25,313 - INFO - C:\Users\urjii\OneDrive\Desktop\project\integrated-web-app\chatbot\urls.py changed, reloading.
2025-05-01 17:41:35,744 - INFO - Load pretrained SentenceTransformer: sentence-transformers/all-MiniLM-L6-v2
2025-05-01 17:41:35,753 - INFO - Load pretrained SentenceTransformer: sentence-transformers/all-MiniLM-L6-v2
2025-05-01 17:41:39,091 - INFO - Embeddings initialized successfully
2025-05-01 17:41:39,610 - INFO - Embeddings initialized successfully
2025-05-01 17:41:44,160 - INFO - Successfully loaded: knowledge_base\ASTUlegislation2017.pdf
2025-05-01 17:41:44,664 - INFO - Successfully loaded: knowledge_base\ASTUlegislation2017.pdf
2025-05-01 17:41:50,324 - INFO - Successfully loaded: knowledge_base\Course_catalogue_Final.pdf
2025-05-01 17:41:50,608 - INFO - Successfully loaded: knowledge_base\PEOs_and_POs_ASTUs_Programs.pdf
2025-05-01 17:41:50,869 - INFO - Successfully loaded: knowledge_base\Course_catalogue_Final.pdf
2025-05-01 17:41:50,933 - INFO - Successfully loaded: knowledge_base\Program_Accreditations.pdf
2025-05-01 17:41:51,166 - INFO - Successfully loaded: knowledge_base\PEOs_and_POs_ASTUs_Programs.pdf
2025-05-01 17:41:51,917 - INFO - Successfully loaded: knowledge_base\Program_Accreditations.pdf
2025-05-01 17:43:32,626 - INFO - Loading faiss with AVX2 support.
2025-05-01 17:43:32,657 - INFO - Successfully loaded faiss with AVX2 support.
2025-05-01 17:43:32,666 - INFO - Failed to load GPU Faiss: name 'GpuIndexIVFFlat' is not defined. Will not load constructor refs for GPU indexes.
2025-05-01 17:43:32,728 - INFO - Knowledge base reloaded with 1970 chunks from 853 documents
2025-05-01 17:43:53,788 - WARNING - Not Found: /api/chat/conversations/
2025-05-01 17:43:53,788 - WARNING - Not Found: /api/chat/conversations/
2025-05-01 17:43:53,793 - WARNING - Not Found: /api/chat/conversations/
2025-05-01 17:43:53,810 - WARNING - Not Found: /api/chat/conversations/
2025-05-01 17:51:18,842 - INFO - C:\Users\urjii\OneDrive\Desktop\project\integrated-web-app\chatbot\chatbot_views.py changed, reloading.
2025-05-01 17:51:36,609 - INFO - Load pretrained SentenceTransformer: sentence-transformers/all-MiniLM-L6-v2
2025-05-01 17:51:40,626 - INFO - Embeddings initialized successfully
2025-05-01 17:51:53,381 - INFO - Successfully loaded: knowledge_base\ASTUlegislation2017.pdf
2025-05-01 17:52:11,071 - INFO - Successfully loaded: knowledge_base\Course_catalogue_Final.pdf
2025-05-01 17:52:12,126 - INFO - Successfully loaded: knowledge_base\PEOs_and_POs_ASTUs_Programs.pdf
2025-05-01 17:52:13,180 - INFO - Successfully loaded: knowledge_base\Program_Accreditations.pdf
2025-05-01 17:54:33,507 - INFO - Loading faiss with AVX2 support.
2025-05-01 17:54:33,566 - INFO - Successfully loaded faiss with AVX2 support.
2025-05-01 17:54:33,582 - INFO - Failed to load GPU Faiss: name 'GpuIndexIVFFlat' is not defined. Will not load constructor refs for GPU indexes.
2025-05-01 17:54:33,719 - INFO - Knowledge base reloaded with 1970 chunks from 853 documents
2025-05-01 17:56:52,697 - INFO - C:\Users\urjii\OneDrive\Desktop\project\integrated-web-app\myproject\settings.py changed, reloading.
2025-05-01 17:57:09,835 - INFO - Load pretrained SentenceTransformer: sentence-transformers/all-MiniLM-L6-v2
2025-05-01 17:57:13,742 - INFO - Embeddings initialized successfully
2025-05-01 17:57:26,944 - INFO - Successfully loaded: knowledge_base\ASTUlegislation2017.pdf
2025-05-01 17:57:44,946 - INFO - Successfully loaded: knowledge_base\Course_catalogue_Final.pdf
2025-05-01 17:57:45,161 - INFO - Successfully loaded: knowledge_base\PEOs_and_POs_ASTUs_Programs.pdf
2025-05-01 17:57:45,457 - INFO - Successfully loaded: knowledge_base\Program_Accreditations.pdf
2025-05-01 18:00:01,461 - INFO - Loading faiss with AVX2 support.
2025-05-01 18:00:01,613 - INFO - Successfully loaded faiss with AVX2 support.
2025-05-01 18:00:01,681 - INFO - Failed to load GPU Faiss: name 'GpuIndexIVFFlat' is not defined. Will not load constructor refs for GPU indexes.
2025-05-01 18:00:02,064 - INFO - Knowledge base reloaded with 1970 chunks from 853 documents
2025-05-01 18:01:00,443 - INFO - C:\Users\urjii\OneDrive\Desktop\project\integrated-web-app\chatbot\urls.py changed, reloading.
2025-05-01 18:01:25,786 - INFO - Load pretrained SentenceTransformer: sentence-transformers/all-MiniLM-L6-v2
2025-05-01 18:01:30,518 - INFO - Embeddings initialized successfully
2025-05-01 18:01:49,608 - INFO - Successfully loaded: knowledge_base\ASTUlegislation2017.pdf
2025-05-01 18:02:11,019 - INFO - Successfully loaded: knowledge_base\Course_catalogue_Final.pdf
2025-05-01 18:02:12,063 - INFO - Successfully loaded: knowledge_base\PEOs_and_POs_ASTUs_Programs.pdf
2025-05-01 18:02:13,136 - INFO - Successfully loaded: knowledge_base\Program_Accreditations.pdf
2025-05-01 18:04:32,887 - INFO - Loading faiss with AVX2 support.
2025-05-01 18:04:32,942 - INFO - Successfully loaded faiss with AVX2 support.
2025-05-01 18:04:32,959 - INFO - Failed to load GPU Faiss: name 'GpuIndexIVFFlat' is not defined. Will not load constructor refs for GPU indexes.
2025-05-01 18:04:33,107 - INFO - Knowledge base reloaded with 1970 chunks from 853 documents
2025-05-01 20:50:30,519 - INFO - Load pretrained SentenceTransformer: sentence-transformers/all-MiniLM-L6-v2
2025-05-01 20:50:39,014 - INFO - Embeddings initialized successfully
2025-05-01 20:50:49,634 - INFO - Successfully loaded: knowledge_base\ASTUlegislation2017.pdf
2025-05-01 20:51:01,610 - INFO - Successfully loaded: knowledge_base\Course_catalogue_Final.pdf
2025-05-01 20:51:05,442 - INFO - Successfully loaded: knowledge_base\PEOs_and_POs_ASTUs_Programs.pdf
2025-05-01 20:51:06,932 - INFO - Successfully loaded: knowledge_base\Program_Accreditations.pdf
2025-05-01 20:53:22,286 - INFO - Loading faiss with AVX2 support.
2025-05-01 20:53:22,349 - INFO - Successfully loaded faiss with AVX2 support.
2025-05-01 20:53:22,364 - INFO - Failed to load GPU Faiss: name 'GpuIndexIVFFlat' is not defined. Will not load constructor refs for GPU indexes.
2025-05-01 20:53:22,491 - INFO - Knowledge base reloaded with 1970 chunks from 853 documents
2025-05-01 20:55:56,421 - WARNING - Not Found: /api/chat/conversations/recent/
2025-05-01 20:55:56,432 - WARNING - Not Found: /api/chat/conversations/recent/
2025-05-01 20:55:56,453 - WARNING - Not Found: /api/chat/conversations/recent/
2025-05-01 21:02:52,989 - WARNING - Not Found: /api/chat/conversations/recent/
2025-05-01 21:02:52,993 - WARNING - Not Found: /api/chat/conversations/recent/
2025-05-01 21:03:06,040 - WARNING - Unauthorized: /api/
2025-05-01 21:03:12,942 - WARNING - Not Found: /favicon.ico
2025-05-01 21:03:36,429 - WARNING - Not Found: /api/chat/conversations/recent/
2025-05-01 21:03:36,434 - WARNING - Not Found: /api/chat/conversations/recent/
2025-05-01 21:08:00,514 - INFO - C:\Users\urjii\OneDrive\Desktop\project\integrated-web-app\myproject\settings.py changed, reloading.
2025-05-01 21:08:24,155 - INFO - Load pretrained SentenceTransformer: sentence-transformers/all-MiniLM-L6-v2
2025-05-01 21:08:31,163 - INFO - Embeddings initialized successfully
2025-05-01 21:08:47,874 - INFO - Successfully loaded: knowledge_base\ASTUlegislation2017.pdf
2025-05-01 21:08:58,693 - INFO - Successfully loaded: knowledge_base\Course_catalogue_Final.pdf
2025-05-01 21:08:58,906 - INFO - Successfully loaded: knowledge_base\PEOs_and_POs_ASTUs_Programs.pdf
2025-05-01 21:08:59,124 - INFO - Successfully loaded: knowledge_base\Program_Accreditations.pdf
2025-05-01 21:11:18,859 - INFO - Loading faiss with AVX2 support.
2025-05-01 21:11:18,885 - INFO - Successfully loaded faiss with AVX2 support.
2025-05-01 21:11:18,890 - INFO - Failed to load GPU Faiss: name 'GpuIndexIVFFlat' is not defined. Will not load constructor refs for GPU indexes.
2025-05-01 21:11:18,936 - INFO - Knowledge base reloaded with 1970 chunks from 853 documents
2025-05-01 21:12:11,852 - INFO - C:\Users\urjii\OneDrive\Desktop\project\integrated-web-app\chatbot\chatbot_views.py changed, reloading.
2025-05-01 21:12:25,520 - INFO - Load pretrained SentenceTransformer: sentence-transformers/all-MiniLM-L6-v2
2025-05-01 21:12:33,135 - INFO - Embeddings initialized successfully
2025-05-01 21:12:43,320 - INFO - Successfully loaded: knowledge_base\ASTUlegislation2017.pdf
2025-05-01 21:12:53,994 - INFO - Successfully loaded: knowledge_base\Course_catalogue_Final.pdf
2025-05-01 21:12:54,257 - INFO - Successfully loaded: knowledge_base\PEOs_and_POs_ASTUs_Programs.pdf
2025-05-01 21:12:54,492 - INFO - Successfully loaded: knowledge_base\Program_Accreditations.pdf
2025-05-01 21:15:20,591 - INFO - Loading faiss with AVX2 support.
2025-05-01 21:15:20,648 - INFO - Successfully loaded faiss with AVX2 support.
2025-05-01 21:15:20,664 - INFO - Failed to load GPU Faiss: name 'GpuIndexIVFFlat' is not defined. Will not load constructor refs for GPU indexes.
2025-05-01 21:15:20,801 - INFO - Knowledge base reloaded with 1970 chunks from 853 documents
2025-05-01 21:18:28,213 - WARNING - Not Found: /api/chat/conversations/recent/
2025-05-01 21:18:28,220 - WARNING - Not Found: /api/chat/conversations/recent/
2025-05-01 21:19:15,614 - WARNING - Not Found: /api/chat/conversations/recent/
2025-05-01 21:19:27,927 - WARNING - Not Found: /api/chat/conversations/recent/
2025-05-01 21:19:41,597 - WARNING - Not Found: /api/chat/conversations/recent/
2025-05-01 21:26:24,348 - INFO - C:\Users\urjii\OneDrive\Desktop\project\integrated-web-app\chatbot\models.py changed, reloading.
2025-05-01 21:26:43,353 - INFO - Load pretrained SentenceTransformer: sentence-transformers/all-MiniLM-L6-v2
2025-05-01 21:26:51,233 - INFO - Embeddings initialized successfully
2025-05-01 21:27:01,630 - INFO - Successfully loaded: knowledge_base\ASTUlegislation2017.pdf
2025-05-01 21:27:13,420 - INFO - Successfully loaded: knowledge_base\Course_catalogue_Final.pdf
2025-05-01 21:27:14,505 - INFO - Successfully loaded: knowledge_base\PEOs_and_POs_ASTUs_Programs.pdf
2025-05-01 21:27:15,738 - INFO - Successfully loaded: knowledge_base\Program_Accreditations.pdf
2025-05-01 21:29:35,799 - INFO - Loading faiss with AVX2 support.
2025-05-01 21:29:35,975 - INFO - Successfully loaded faiss with AVX2 support.
2025-05-01 21:29:36,024 - INFO - Failed to load GPU Faiss: name 'GpuIndexIVFFlat' is not defined. Will not load constructor refs for GPU indexes.
2025-05-01 21:29:36,396 - INFO - Knowledge base reloaded with 1970 chunks from 853 documents
2025-05-01 21:29:57,871 - INFO - C:\Users\urjii\OneDrive\Desktop\project\integrated-web-app\chatbot\llm_integration.py changed, reloading.
2025-05-01 21:30:19,760 - INFO - Load pretrained SentenceTransformer: sentence-transformers/all-MiniLM-L6-v2
2025-05-01 21:30:37,452 - INFO - Embeddings initialized successfully
2025-05-01 21:30:53,175 - INFO - Successfully loaded: knowledge_base\ASTUlegislation2017.pdf
2025-05-01 21:31:09,028 - INFO - Successfully loaded: knowledge_base\Course_catalogue_Final.pdf
2025-05-01 21:31:09,242 - INFO - Successfully loaded: knowledge_base\PEOs_and_POs_ASTUs_Programs.pdf
2025-05-01 21:31:09,495 - INFO - Successfully loaded: knowledge_base\Program_Accreditations.pdf
2025-05-01 21:33:26,442 - INFO - Loading faiss with AVX2 support.
2025-05-01 21:33:26,480 - INFO - Successfully loaded faiss with AVX2 support.
2025-05-01 21:33:26,487 - INFO - Failed to load GPU Faiss: name 'GpuIndexIVFFlat' is not defined. Will not load constructor refs for GPU indexes.
2025-05-01 21:33:26,536 - INFO - Knowledge base reloaded with 1970 chunks from 853 documents
2025-05-01 21:33:52,940 - INFO - C:\Users\urjii\OneDrive\Desktop\project\integrated-web-app\chatbot\chatbot_views.py changed, reloading.
2025-05-01 21:34:11,886 - INFO - Load pretrained SentenceTransformer: sentence-transformers/all-MiniLM-L6-v2
2025-05-01 21:34:17,537 - INFO - Embeddings initialized successfully
2025-05-01 21:34:31,946 - INFO - Successfully loaded: knowledge_base\ASTUlegislation2017.pdf
2025-05-01 21:34:45,076 - INFO - Successfully loaded: knowledge_base\Course_catalogue_Final.pdf
2025-05-01 21:34:49,035 - INFO - Successfully loaded: knowledge_base\PEOs_and_POs_ASTUs_Programs.pdf
2025-05-01 21:34:51,911 - INFO - Successfully loaded: knowledge_base\Program_Accreditations.pdf
2025-05-01 21:37:18,099 - INFO - Loading faiss with AVX2 support.
2025-05-01 21:37:18,164 - INFO - Successfully loaded faiss with AVX2 support.
2025-05-01 21:37:18,183 - INFO - Failed to load GPU Faiss: name 'GpuIndexIVFFlat' is not defined. Will not load constructor refs for GPU indexes.
2025-05-01 21:37:18,340 - INFO - Knowledge base reloaded with 1970 chunks from 853 documents
2025-05-01 21:37:24,063 - INFO - C:\Users\urjii\OneDrive\Desktop\project\integrated-web-app\chatbot\chatbot_views.py changed, reloading.
2025-05-01 21:41:17,974 - INFO - Load pretrained SentenceTransformer: sentence-transformers/all-MiniLM-L6-v2
2025-05-01 21:41:23,231 - INFO - Embeddings initialized successfully
2025-05-01 21:41:46,172 - INFO - Successfully loaded: knowledge_base\ASTUlegislation2017.pdf
2025-05-01 21:42:03,343 - INFO - Successfully loaded: knowledge_base\Course_catalogue_Final.pdf
2025-05-01 21:42:05,095 - INFO - Successfully loaded: knowledge_base\PEOs_and_POs_ASTUs_Programs.pdf
2025-05-01 21:42:08,104 - INFO - Successfully loaded: knowledge_base\Program_Accreditations.pdf
2025-05-01 21:43:33,221 - INFO - Load pretrained SentenceTransformer: sentence-transformers/all-MiniLM-L6-v2
2025-05-01 21:43:42,671 - INFO - Embeddings initialized successfully
2025-05-01 21:44:21,335 - INFO - Loading faiss with AVX2 support.
2025-05-01 21:44:21,357 - INFO - Successfully loaded faiss with AVX2 support.
2025-05-01 21:44:21,362 - INFO - Failed to load GPU Faiss: name 'GpuIndexIVFFlat' is not defined. Will not load constructor refs for GPU indexes.
2025-05-01 21:44:21,399 - INFO - Knowledge base reloaded with 1970 chunks from 853 documents
2025-05-01 21:44:21,484 - INFO - Successfully loaded: knowledge_base\ASTUlegislation2017.pdf
2025-05-01 21:44:38,569 - INFO - Successfully loaded: knowledge_base\Course_catalogue_Final.pdf
2025-05-01 21:44:38,780 - INFO - Successfully loaded: knowledge_base\PEOs_and_POs_ASTUs_Programs.pdf
2025-05-01 21:44:38,986 - INFO - Successfully loaded: knowledge_base\Program_Accreditations.pdf
2025-05-01 21:46:05,507 - WARNING - Not Found: /api/chat/conversations/recent/
2025-05-01 21:46:05,526 - WARNING - Not Found: /api/chat/conversations/recent/
2025-05-01 21:47:12,958 - INFO - Loading faiss with AVX2 support.
2025-05-01 21:47:13,119 - INFO - Successfully loaded faiss with AVX2 support.
2025-05-01 21:47:13,163 - INFO - Failed to load GPU Faiss: name 'GpuIndexIVFFlat' is not defined. Will not load constructor refs for GPU indexes.
2025-05-01 21:47:13,545 - INFO - Knowledge base reloaded with 1970 chunks from 853 documents
2025-05-01 21:48:45,961 - INFO - C:\Users\urjii\OneDrive\Desktop\project\integrated-web-app\chatbot\chatbot_views.py changed, reloading.
2025-05-01 21:49:07,165 - INFO - Load pretrained SentenceTransformer: sentence-transformers/all-MiniLM-L6-v2
2025-05-01 21:49:12,708 - INFO - Embeddings initialized successfully
2025-05-01 21:49:27,942 - INFO - Successfully loaded: knowledge_base\ASTUlegislation2017.pdf
2025-05-01 21:49:40,330 - INFO - Successfully loaded: knowledge_base\Course_catalogue_Final.pdf
2025-05-01 21:49:43,371 - INFO - Successfully loaded: knowledge_base\PEOs_and_POs_ASTUs_Programs.pdf
2025-05-01 21:49:44,345 - INFO - Successfully loaded: knowledge_base\Program_Accreditations.pdf
2025-05-01 21:52:10,229 - INFO - Loading faiss with AVX2 support.
2025-05-01 21:52:10,251 - INFO - Successfully loaded faiss with AVX2 support.
2025-05-01 21:52:10,256 - INFO - Failed to load GPU Faiss: name 'GpuIndexIVFFlat' is not defined. Will not load constructor refs for GPU indexes.
2025-05-01 21:52:10,293 - INFO - Knowledge base reloaded with 1970 chunks from 853 documents
2025-05-01 21:53:05,188 - INFO - Load pretrained SentenceTransformer: sentence-transformers/all-MiniLM-L6-v2
2025-05-01 21:53:15,292 - INFO - Embeddings initialized successfully
2025-05-01 21:53:31,573 - INFO - Successfully loaded: knowledge_base\ASTUlegislation2017.pdf
2025-05-01 21:53:46,034 - INFO - Successfully loaded: knowledge_base\Course_catalogue_Final.pdf
2025-05-01 21:53:47,761 - INFO - Successfully loaded: knowledge_base\PEOs_and_POs_ASTUs_Programs.pdf
2025-05-01 21:53:47,979 - INFO - Successfully loaded: knowledge_base\Program_Accreditations.pdf
2025-05-01 21:56:37,998 - INFO - Loading faiss with AVX2 support.
2025-05-01 21:56:38,062 - INFO - Successfully loaded faiss with AVX2 support.
2025-05-01 21:56:38,078 - INFO - Failed to load GPU Faiss: name 'GpuIndexIVFFlat' is not defined. Will not load constructor refs for GPU indexes.
2025-05-01 21:56:38,219 - INFO - Knowledge base reloaded with 1970 chunks from 853 documents
2025-05-01 21:57:11,292 - INFO - Load pretrained SentenceTransformer: sentence-transformers/all-MiniLM-L6-v2
2025-05-01 21:57:15,771 - INFO - Embeddings initialized successfully
2025-05-01 21:57:45,182 - INFO - Successfully loaded: knowledge_base\ASTUlegislation2017.pdf
2025-05-01 21:58:09,502 - INFO - Successfully loaded: knowledge_base\Course_catalogue_Final.pdf
2025-05-01 21:58:10,625 - INFO - Successfully loaded: knowledge_base\PEOs_and_POs_ASTUs_Programs.pdf
2025-05-01 21:58:10,867 - INFO - Successfully loaded: knowledge_base\Program_Accreditations.pdf
2025-05-01 22:00:33,134 - INFO - Loading faiss with AVX2 support.
2025-05-01 22:00:33,189 - INFO - Successfully loaded faiss with AVX2 support.
2025-05-01 22:00:33,204 - INFO - Failed to load GPU Faiss: name 'GpuIndexIVFFlat' is not defined. Will not load constructor refs for GPU indexes.
2025-05-01 22:00:33,320 - INFO - Knowledge base reloaded with 1970 chunks from 853 documents
2025-05-01 22:01:09,514 - INFO - Load pretrained SentenceTransformer: sentence-transformers/all-MiniLM-L6-v2
2025-05-01 22:01:13,817 - INFO - Embeddings initialized successfully
2025-05-01 22:01:23,554 - INFO - Successfully loaded: knowledge_base\ASTUlegislation2017.pdf
2025-05-01 22:01:40,591 - INFO - Successfully loaded: knowledge_base\Course_catalogue_Final.pdf
2025-05-01 22:01:40,797 - INFO - Successfully loaded: knowledge_base\PEOs_and_POs_ASTUs_Programs.pdf
2025-05-01 22:01:41,022 - INFO - Successfully loaded: knowledge_base\Program_Accreditations.pdf
2025-05-01 22:03:55,643 - INFO - Loading faiss with AVX2 support.
2025-05-01 22:03:55,664 - INFO - Successfully loaded faiss with AVX2 support.
2025-05-01 22:03:55,668 - INFO - Failed to load GPU Faiss: name 'GpuIndexIVFFlat' is not defined. Will not load constructor refs for GPU indexes.
2025-05-01 22:03:55,709 - INFO - Knowledge base reloaded with 1970 chunks from 853 documents
2025-05-01 22:04:40,876 - WARNING - Unauthorized: /api/chat/conversations/
2025-05-01 22:04:40,882 - WARNING - Unauthorized: /api/chat/conversations/
2025-05-01 22:04:40,892 - WARNING - Unauthorized: /api/auth/token/refresh/
2025-05-01 22:04:40,894 - WARNING - Unauthorized: /api/auth/token/refresh/
2025-05-01 22:56:23,979 - WARNING - Unauthorized: /api/chat/conversations/
2025-05-01 22:56:23,985 - WARNING - Unauthorized: /api/chat/conversations/
2025-05-01 22:56:24,005 - WARNING - Unauthorized: /api/auth/token/refresh/
2025-05-01 22:56:24,011 - WARNING - Unauthorized: /api/auth/token/refresh/
2025-05-01 22:56:27,036 - WARNING - Unauthorized: /api/chat/conversations/
2025-05-01 22:56:27,040 - WARNING - Unauthorized: /api/chat/conversations/
2025-05-01 22:56:27,054 - WARNING - Unauthorized: /api/auth/token/refresh/
2025-05-01 22:56:27,060 - WARNING - Unauthorized: /api/auth/token/refresh/
2025-05-01 22:57:05,317 - WARNING - Bad Request: /api/auth/login/
2025-05-01 23:01:26,806 - INFO - Load pretrained SentenceTransformer: sentence-transformers/all-MiniLM-L6-v2
2025-05-01 23:01:30,372 - INFO - Embeddings initialized successfully
2025-05-01 23:01:34,965 - INFO - Successfully loaded: knowledge_base\ASTUlegislation2017.pdf
2025-05-01 23:01:40,292 - INFO - Successfully loaded: knowledge_base\Course_catalogue_Final.pdf
2025-05-01 23:01:40,542 - INFO - Successfully loaded: knowledge_base\PEOs_and_POs_ASTUs_Programs.pdf
2025-05-01 23:01:40,769 - INFO - Successfully loaded: knowledge_base\Program_Accreditations.pdf
2025-05-01 23:03:01,799 - INFO - Loading faiss with AVX2 support.
2025-05-01 23:03:01,843 - INFO - Successfully loaded faiss with AVX2 support.
2025-05-01 23:03:01,857 - INFO - Failed to load GPU Faiss: name 'GpuIndexIVFFlat' is not defined. Will not load constructor refs for GPU indexes.
2025-05-01 23:03:01,960 - INFO - Knowledge base reloaded with 1970 chunks from 853 documents
2025-05-01 23:05:10,229 - ERROR - DeepSeek API call failed: 402 Client Error: Payment Required for url: https://api.deepseek.com/v1/chat/completions
2025-05-01 23:05:52,555 - WARNING - Not Found: /api/messages/
2025-05-01 23:05:53,676 - WARNING - Not Found: /api/messages/
2025-05-01 23:05:53,836 - WARNING - Not Found: /api/messages/
2025-05-01 23:05:54,007 - WARNING - Not Found: /api/messages/
2025-05-01 23:08:48,490 - ERROR - DeepSeek API call failed: 402 Client Error: Payment Required for url: https://api.deepseek.com/v1/chat/completions
2025-05-01 23:10:22,403 - ERROR - DeepSeek API call failed: 402 Client Error: Payment Required for url: https://api.deepseek.com/v1/chat/completions
2025-05-01 23:10:22,776 - ERROR - DeepSeek API call failed: 402 Client Error: Payment Required for url: https://api.deepseek.com/v1/chat/completions
2025-05-01 23:11:05,533 - ERROR - DeepSeek API call failed: 402 Client Error: Payment Required for url: https://api.deepseek.com/v1/chat/completions
2025-05-01 23:11:05,840 - ERROR - DeepSeek API call failed: 402 Client Error: Payment Required for url: https://api.deepseek.com/v1/chat/completions
2025-05-01 23:12:04,577 - ERROR - DeepSeek API call failed: 402 Client Error: Payment Required for url: https://api.deepseek.com/v1/chat/completions
2025-05-01 23:12:04,578 - ERROR - DeepSeek API call failed: 402 Client Error: Payment Required for url: https://api.deepseek.com/v1/chat/completions
2025-05-02 00:04:59,753 - INFO - C:\Users\urjii\OneDrive\Desktop\project\integrated-web-app\chatbot\llm_integration.py changed, reloading.
2025-05-02 00:05:57,631 - INFO - Load pretrained SentenceTransformer: sentence-transformers/all-MiniLM-L6-v2
2025-05-02 00:06:06,905 - INFO - Embeddings initialized successfully
2025-05-02 00:06:18,139 - INFO - Successfully loaded: knowledge_base\ASTUlegislation2017.pdf
2025-05-02 00:06:29,959 - INFO - Successfully loaded: knowledge_base\Course_catalogue_Final.pdf
2025-05-02 00:06:31,126 - INFO - Successfully loaded: knowledge_base\PEOs_and_POs_ASTUs_Programs.pdf
2025-05-02 00:06:34,768 - INFO - Successfully loaded: knowledge_base\Program_Accreditations.pdf
2025-05-02 00:08:53,951 - INFO - Loading faiss with AVX2 support.
2025-05-02 00:08:54,248 - INFO - Successfully loaded faiss with AVX2 support.
2025-05-02 00:08:54,252 - INFO - Failed to load GPU Faiss: name 'GpuIndexIVFFlat' is not defined. Will not load constructor refs for GPU indexes.
2025-05-02 00:08:54,289 - INFO - Knowledge base reloaded with 1970 chunks from 853 documents
2025-05-02 00:28:21,308 - ERROR - DeepSeek API call failed: 402 Client Error: Payment Required for url: https://api.deepseek.com/v1/chat/completions
2025-05-02 00:34:23,970 - WARNING - Not Found: /ws/chat/
2025-05-02 00:34:24,021 - WARNING - Not Found: /ws/chat/
2025-05-02 14:11:10,781 - INFO - Load pretrained SentenceTransformer: sentence-transformers/all-MiniLM-L6-v2
2025-05-02 14:11:17,759 - INFO - Embeddings initialized successfully
2025-05-02 14:11:22,274 - INFO - Successfully loaded: knowledge_base\ASTUlegislation2017.pdf
2025-05-02 14:11:26,937 - INFO - Successfully loaded: knowledge_base\Course_catalogue_Final.pdf
2025-05-02 14:11:27,190 - INFO - Successfully loaded: knowledge_base\PEOs_and_POs_ASTUs_Programs.pdf
2025-05-02 14:11:27,416 - INFO - Successfully loaded: knowledge_base\Program_Accreditations.pdf
2025-05-02 14:12:14,182 - INFO - Loading faiss with AVX2 support.
2025-05-02 14:12:14,412 - INFO - Successfully loaded faiss with AVX2 support.
2025-05-02 14:12:14,423 - INFO - Failed to load GPU Faiss: name 'GpuIndexIVFFlat' is not defined. Will not load constructor refs for GPU indexes.
2025-05-02 14:12:14,462 - INFO - Knowledge base reloaded with 1970 chunks from 853 documents
2025-05-02 14:15:37,864 - INFO - Load pretrained SentenceTransformer: sentence-transformers/all-MiniLM-L6-v2
2025-05-02 14:15:43,029 - INFO - Embeddings initialized successfully
2025-05-02 14:15:52,003 - INFO - Successfully loaded: knowledge_base\ASTUlegislation2017.pdf
2025-05-02 14:16:03,228 - INFO - Successfully loaded: knowledge_base\Course_catalogue_Final.pdf
2025-05-02 14:16:03,840 - INFO - Successfully loaded: knowledge_base\PEOs_and_POs_ASTUs_Programs.pdf
2025-05-02 14:16:04,399 - INFO - Successfully loaded: knowledge_base\Program_Accreditations.pdf
2025-05-02 14:17:05,939 - INFO - Loading faiss with AVX2 support.
2025-05-02 14:17:05,986 - INFO - Successfully loaded faiss with AVX2 support.
2025-05-02 14:17:06,001 - INFO - Failed to load GPU Faiss: name 'GpuIndexIVFFlat' is not defined. Will not load constructor refs for GPU indexes.
2025-05-02 14:17:06,090 - INFO - Knowledge base reloaded with 1970 chunks from 853 documents
2025-05-02 14:18:20,684 - INFO - Load pretrained SentenceTransformer: sentence-transformers/all-MiniLM-L6-v2
2025-05-02 14:18:26,408 - INFO - Embeddings initialized successfully
2025-05-02 14:18:37,306 - INFO - Successfully loaded: knowledge_base\ASTUlegislation2017.pdf
2025-05-02 14:18:46,783 - INFO - Successfully loaded: knowledge_base\Course_catalogue_Final.pdf
2025-05-02 14:18:46,997 - INFO - Successfully loaded: knowledge_base\PEOs_and_POs_ASTUs_Programs.pdf
2025-05-02 14:18:47,212 - INFO - Successfully loaded: knowledge_base\Program_Accreditations.pdf
2025-05-02 14:19:56,385 - INFO - Loading faiss with AVX2 support.
2025-05-02 14:19:56,419 - INFO - Successfully loaded faiss with AVX2 support.
2025-05-02 14:19:56,428 - INFO - Failed to load GPU Faiss: name 'GpuIndexIVFFlat' is not defined. Will not load constructor refs for GPU indexes.
2025-05-02 14:19:56,486 - INFO - Knowledge base reloaded with 1970 chunks from 853 documents
2025-05-02 14:44:31,036 - INFO - Load pretrained SentenceTransformer: sentence-transformers/all-MiniLM-L6-v2
2025-05-02 14:44:35,299 - INFO - Embeddings initialized successfully
2025-05-02 14:44:39,274 - INFO - Successfully loaded: knowledge_base\ASTUlegislation2017.pdf
2025-05-02 14:44:43,732 - INFO - Successfully loaded: knowledge_base\Course_catalogue_Final.pdf
2025-05-02 14:44:43,937 - INFO - Successfully loaded: knowledge_base\PEOs_and_POs_ASTUs_Programs.pdf
2025-05-02 14:44:44,153 - INFO - Successfully loaded: knowledge_base\Program_Accreditations.pdf
2025-05-02 14:45:29,813 - INFO - Loading faiss with AVX2 support.
2025-05-02 14:45:29,839 - INFO - Successfully loaded faiss with AVX2 support.
2025-05-02 14:45:29,844 - INFO - Failed to load GPU Faiss: name 'GpuIndexIVFFlat' is not defined. Will not load constructor refs for GPU indexes.
2025-05-02 14:45:29,892 - INFO - Knowledge base reloaded with 1970 chunks from 853 documents
2025-05-02 14:45:30,000 - INFO - File watcher initialized
2025-05-02 14:45:53,436 - INFO - Load pretrained SentenceTransformer: sentence-transformers/all-MiniLM-L6-v2
2025-05-02 14:45:57,738 - INFO - Embeddings initialized successfully
2025-05-02 14:46:01,807 - INFO - Successfully loaded: knowledge_base\ASTUlegislation2017.pdf
2025-05-02 14:46:06,449 - INFO - Successfully loaded: knowledge_base\Course_catalogue_Final.pdf
2025-05-02 14:46:06,671 - INFO - Successfully loaded: knowledge_base\PEOs_and_POs_ASTUs_Programs.pdf
2025-05-02 14:46:06,888 - INFO - Successfully loaded: knowledge_base\Program_Accreditations.pdf
2025-05-02 14:46:58,429 - INFO - Loading faiss with AVX2 support.
2025-05-02 14:46:58,456 - INFO - Successfully loaded faiss with AVX2 support.
2025-05-02 14:46:58,463 - INFO - Failed to load GPU Faiss: name 'GpuIndexIVFFlat' is not defined. Will not load constructor refs for GPU indexes.
2025-05-02 14:46:58,513 - INFO - Knowledge base reloaded with 1970 chunks from 853 documents
2025-05-02 14:46:58,617 - INFO - File watcher initialized
2025-05-02 15:17:01,729 - INFO - Load pretrained SentenceTransformer: sentence-transformers/all-MiniLM-L6-v2
2025-05-02 15:17:06,975 - INFO - Embeddings initialized successfully
2025-05-02 15:17:11,166 - INFO - Successfully loaded: knowledge_base\ASTUlegislation2017.pdf
2025-05-02 15:17:23,383 - INFO - Successfully loaded: knowledge_base\Course_catalogue_Final.pdf
2025-05-02 15:17:23,607 - INFO - Successfully loaded: knowledge_base\PEOs_and_POs_ASTUs_Programs.pdf
2025-05-02 15:17:23,838 - INFO - Successfully loaded: knowledge_base\Program_Accreditations.pdf
2025-05-02 15:19:20,549 - INFO - Loading faiss with AVX2 support.
2025-05-02 15:19:20,658 - INFO - Successfully loaded faiss with AVX2 support.
2025-05-02 15:19:20,673 - INFO - Failed to load GPU Faiss: name 'GpuIndexIVFFlat' is not defined. Will not load constructor refs for GPU indexes.
2025-05-02 15:19:20,803 - INFO - Knowledge base reloaded with 1970 chunks from 853 documents
2025-05-02 15:19:21,200 - INFO - File watcher initialized
2025-05-02 15:20:46,551 - WARNING - Not Found: /chat/sse/chat/
2025-05-02 15:26:22,106 - INFO - C:\Users\urjii\OneDrive\Desktop\project\integrated-web-app\chatbot\sse.py changed, reloading.
2025-05-02 15:26:36,401 - INFO - Load pretrained SentenceTransformer: sentence-transformers/all-MiniLM-L6-v2
2025-05-02 15:26:40,138 - INFO - Embeddings initialized successfully
2025-05-02 15:26:50,621 - INFO - Successfully loaded: knowledge_base\ASTUlegislation2017.pdf
2025-05-02 15:27:01,121 - INFO - Successfully loaded: knowledge_base\Course_catalogue_Final.pdf
2025-05-02 15:27:01,344 - INFO - Successfully loaded: knowledge_base\PEOs_and_POs_ASTUs_Programs.pdf
2025-05-02 15:27:01,589 - INFO - Successfully loaded: knowledge_base\Program_Accreditations.pdf
2025-05-03 17:02:04,172 - INFO - Load pretrained SentenceTransformer: sentence-transformers/all-MiniLM-L6-v2
2025-05-03 17:02:08,306 - INFO - Embeddings initialized successfully
2025-05-03 17:02:19,960 - INFO - Successfully loaded: knowledge_base\ASTUlegislation2017.pdf
2025-05-03 17:02:30,818 - INFO - Successfully loaded: knowledge_base\Course_catalogue_Final.pdf
2025-05-03 17:02:31,389 - INFO - Successfully loaded: knowledge_base\PEOs_and_POs_ASTUs_Programs.pdf
2025-05-03 17:02:31,943 - INFO - Successfully loaded: knowledge_base\Program_Accreditations.pdf
2025-05-03 17:04:03,246 - INFO - Loading faiss with AVX2 support.
2025-05-03 17:04:03,625 - INFO - Successfully loaded faiss with AVX2 support.
2025-05-03 17:04:03,634 - INFO - Failed to load GPU Faiss: name 'GpuIndexIVFFlat' is not defined. Will not load constructor refs for GPU indexes.
2025-05-03 17:04:03,685 - INFO - Knowledge base reloaded with 1970 chunks from 853 documents
2025-05-03 17:04:03,837 - INFO - File watcher initialized
2025-05-03 17:18:45,982 - INFO - C:\Users\urjii\OneDrive\Desktop\project\integrated-web-app\chatbot\sse.py changed, reloading.
2025-05-03 17:19:28,308 - INFO - Load pretrained SentenceTransformer: sentence-transformers/all-MiniLM-L6-v2
2025-05-03 17:19:32,693 - INFO - Embeddings initialized successfully
2025-05-03 17:19:42,638 - INFO - Successfully loaded: knowledge_base\ASTUlegislation2017.pdf
2025-05-03 17:19:54,870 - INFO - Successfully loaded: knowledge_base\Course_catalogue_Final.pdf
2025-05-03 17:19:55,743 - INFO - Successfully loaded: knowledge_base\PEOs_and_POs_ASTUs_Programs.pdf
2025-05-03 17:19:56,631 - INFO - Successfully loaded: knowledge_base\Program_Accreditations.pdf
2025-05-03 17:21:27,929 - INFO - Loading faiss with AVX2 support.
2025-05-03 17:21:27,958 - INFO - Successfully loaded faiss with AVX2 support.
2025-05-03 17:21:27,966 - INFO - Failed to load GPU Faiss: name 'GpuIndexIVFFlat' is not defined. Will not load constructor refs for GPU indexes.
2025-05-03 17:21:28,025 - INFO - Knowledge base reloaded with 1970 chunks from 853 documents
2025-05-03 17:21:28,137 - INFO - File watcher initialized
2025-05-03 17:21:28,668 - WARNING - Not Found: /sse/chat/
2025-05-03 17:21:58,159 - ERROR - Internal Server Error: /api/sse/chat/
Traceback (most recent call last):
  File "C:\Users\urjii\OneDrive\Desktop\project\integrated-web-app\venv\Lib\site-packages\django\core\handlers\exception.py", line 55, in inner
    response = get_response(request)
  File "C:\Users\urjii\OneDrive\Desktop\project\integrated-web-app\venv\Lib\site-packages\django\core\handlers\base.py", line 204, in _get_response
    self.check_response(response, callback)
    ~~~~~~~~~~~~~~~~~~~^^^^^^^^^^^^^^^^^^^^
  File "C:\Users\urjii\OneDrive\Desktop\project\integrated-web-app\venv\Lib\site-packages\django\core\handlers\base.py", line 332, in check_response
    raise ValueError(
    ...<2 lines>...
    )
ValueError: The view chatbot.sse.chat_stream didn't return an HttpResponse object. It returned None instead.
2025-05-03 17:25:03,847 - INFO - C:\Users\urjii\OneDrive\Desktop\project\integrated-web-app\chatbot\sse.py changed, reloading.
2025-05-03 17:25:11,601 - INFO - Load pretrained SentenceTransformer: sentence-transformers/all-MiniLM-L6-v2
2025-05-03 17:25:15,452 - INFO - Embeddings initialized successfully
2025-05-03 17:25:23,556 - INFO - Successfully loaded: knowledge_base\ASTUlegislation2017.pdf
2025-05-03 17:25:29,635 - INFO - Successfully loaded: knowledge_base\Course_catalogue_Final.pdf
2025-05-03 17:25:29,913 - INFO - Successfully loaded: knowledge_base\PEOs_and_POs_ASTUs_Programs.pdf
2025-05-03 17:25:30,234 - INFO - Successfully loaded: knowledge_base\Program_Accreditations.pdf
2025-05-03 17:27:03,136 - INFO - Loading faiss with AVX2 support.
2025-05-03 17:27:03,166 - INFO - Successfully loaded faiss with AVX2 support.
2025-05-03 17:27:03,179 - INFO - Failed to load GPU Faiss: name 'GpuIndexIVFFlat' is not defined. Will not load constructor refs for GPU indexes.
2025-05-03 17:27:03,247 - INFO - Knowledge base reloaded with 1970 chunks from 853 documents
2025-05-03 17:27:03,356 - INFO - File watcher initialized
2025-05-03 17:55:24,971 - INFO - C:\Users\urjii\OneDrive\Desktop\project\integrated-web-app\chatbot\sse.py changed, reloading.
2025-05-03 17:55:33,121 - INFO - Load pretrained SentenceTransformer: sentence-transformers/all-MiniLM-L6-v2
2025-05-03 17:55:37,486 - INFO - Embeddings initialized successfully
2025-05-03 17:55:41,920 - INFO - Successfully loaded: knowledge_base\ASTUlegislation2017.pdf
2025-05-03 17:55:46,934 - INFO - Successfully loaded: knowledge_base\Course_catalogue_Final.pdf
2025-05-03 17:55:47,174 - INFO - Successfully loaded: knowledge_base\PEOs_and_POs_ASTUs_Programs.pdf
2025-05-03 17:55:47,434 - INFO - Successfully loaded: knowledge_base\Program_Accreditations.pdf
2025-05-03 17:57:00,781 - INFO - Loading faiss with AVX2 support.
2025-05-03 17:57:00,822 - INFO - Successfully loaded faiss with AVX2 support.
2025-05-03 17:57:00,833 - INFO - Failed to load GPU Faiss: name 'GpuIndexIVFFlat' is not defined. Will not load constructor refs for GPU indexes.
2025-05-03 17:57:00,899 - INFO - Knowledge base reloaded with 1970 chunks from 853 documents
2025-05-03 17:57:01,016 - INFO - File watcher initialized
2025-05-03 17:57:17,044 - INFO - C:\Users\urjii\OneDrive\Desktop\project\integrated-web-app\chatbot\urls.py changed, reloading.
2025-05-03 17:57:26,190 - INFO - Load pretrained SentenceTransformer: sentence-transformers/all-MiniLM-L6-v2
2025-05-03 17:57:29,887 - INFO - Embeddings initialized successfully
2025-05-03 17:57:29,931 - INFO - Load pretrained SentenceTransformer: sentence-transformers/all-MiniLM-L6-v2
2025-05-03 17:57:33,030 - INFO - Embeddings initialized successfully
2025-05-03 17:59:29,943 - INFO - C:\Users\urjii\OneDrive\Desktop\project\integrated-web-app\chatbot\llm_integration.py changed, reloading.
2025-05-03 18:05:03,995 - INFO - Load pretrained SentenceTransformer: sentence-transformers/all-MiniLM-L6-v2
2025-05-03 18:05:07,273 - INFO - Embeddings initialized successfully
2025-05-03 18:05:12,280 - INFO - Successfully loaded: knowledge_base\ASTUlegislation2017.pdf
2025-05-03 18:05:17,014 - INFO - Successfully loaded: knowledge_base\Course_catalogue_Final.pdf
2025-05-03 18:05:17,230 - INFO - Successfully loaded: knowledge_base\PEOs_and_POs_ASTUs_Programs.pdf
2025-05-03 18:05:17,450 - INFO - Successfully loaded: knowledge_base\Program_Accreditations.pdf
2025-05-03 18:06:15,588 - INFO - Loading faiss with AVX2 support.
2025-05-03 18:06:15,618 - INFO - Successfully loaded faiss with AVX2 support.
2025-05-03 18:06:15,624 - INFO - Failed to load GPU Faiss: name 'GpuIndexIVFFlat' is not defined. Will not load constructor refs for GPU indexes.
2025-05-03 18:06:15,678 - INFO - Knowledge base reloaded with 1970 chunks from 853 documents
2025-05-03 18:06:15,793 - INFO - File watcher initialized
2025-05-03 18:06:30,176 - WARNING - Not Found: /sse/chat/
2025-05-03 18:19:28,496 - INFO - C:\Users\urjii\OneDrive\Desktop\project\integrated-web-app\chatbot\models.py changed, reloading.
2025-05-03 18:19:37,761 - INFO - Load pretrained SentenceTransformer: sentence-transformers/all-MiniLM-L6-v2
2025-05-03 18:19:41,635 - INFO - Embeddings initialized successfully
2025-05-03 18:19:48,954 - INFO - Successfully loaded: knowledge_base\ASTUlegislation2017.pdf
2025-05-03 18:19:54,157 - INFO - Successfully loaded: knowledge_base\Course_catalogue_Final.pdf
2025-05-03 18:19:54,387 - INFO - Successfully loaded: knowledge_base\PEOs_and_POs_ASTUs_Programs.pdf
2025-05-03 18:19:54,623 - INFO - Successfully loaded: knowledge_base\Program_Accreditations.pdf
2025-05-03 18:20:07,818 - INFO - Load pretrained SentenceTransformer: sentence-transformers/all-MiniLM-L6-v2
2025-05-03 18:20:11,928 - INFO - Embeddings initialized successfully
2025-05-03 18:20:26,141 - INFO - Successfully loaded: knowledge_base\ASTUlegislation2017.pdf
2025-05-03 18:20:44,053 - INFO - Successfully loaded: knowledge_base\Course_catalogue_Final.pdf
2025-05-03 18:20:44,126 - INFO - Loading faiss with AVX2 support.
2025-05-03 18:20:44,153 - INFO - Successfully loaded faiss with AVX2 support.
2025-05-03 18:20:44,160 - INFO - Failed to load GPU Faiss: name 'GpuIndexIVFFlat' is not defined. Will not load constructor refs for GPU indexes.
2025-05-03 18:20:44,211 - INFO - Knowledge base reloaded with 1970 chunks from 853 documents
2025-05-03 18:20:44,317 - INFO - File watcher initialized
2025-05-03 18:20:44,405 - INFO - Successfully loaded: knowledge_base\PEOs_and_POs_ASTUs_Programs.pdf
2025-05-03 18:20:44,715 - INFO - Successfully loaded: knowledge_base\Program_Accreditations.pdf
2025-05-03 18:21:41,134 - INFO - Loading faiss with AVX2 support.
2025-05-03 18:21:41,161 - INFO - Successfully loaded faiss with AVX2 support.
2025-05-03 18:21:41,170 - INFO - Failed to load GPU Faiss: name 'GpuIndexIVFFlat' is not defined. Will not load constructor refs for GPU indexes.
2025-05-03 18:21:41,225 - INFO - Knowledge base reloaded with 1970 chunks from 853 documents
2025-05-03 18:21:41,336 - INFO - File watcher initialized
2025-05-03 18:21:49,935 - INFO - Load pretrained SentenceTransformer: sentence-transformers/all-MiniLM-L6-v2
2025-05-03 18:21:53,454 - INFO - Embeddings initialized successfully
2025-05-03 18:21:57,691 - INFO - Successfully loaded: knowledge_base\ASTUlegislation2017.pdf
2025-05-03 18:22:02,501 - INFO - Successfully loaded: knowledge_base\Course_catalogue_Final.pdf
2025-05-03 18:22:02,723 - INFO - Successfully loaded: knowledge_base\PEOs_and_POs_ASTUs_Programs.pdf
2025-05-03 18:22:02,959 - INFO - Successfully loaded: knowledge_base\Program_Accreditations.pdf
2025-05-03 18:23:07,100 - INFO - Loading faiss with AVX2 support.
2025-05-03 18:23:07,128 - INFO - Successfully loaded faiss with AVX2 support.
2025-05-03 18:23:07,135 - INFO - Failed to load GPU Faiss: name 'GpuIndexIVFFlat' is not defined. Will not load constructor refs for GPU indexes.
2025-05-03 18:23:07,194 - INFO - Knowledge base reloaded with 1970 chunks from 853 documents
2025-05-03 18:23:07,294 - INFO - File watcher initialized
2025-05-03 18:23:49,137 - INFO - C:\Users\urjii\OneDrive\Desktop\project\integrated-web-app\chatbot\models.py changed, reloading.
2025-05-03 18:23:57,037 - INFO - Load pretrained SentenceTransformer: sentence-transformers/all-MiniLM-L6-v2
2025-05-03 18:24:00,252 - INFO - Embeddings initialized successfully
2025-05-03 18:24:04,816 - INFO - Successfully loaded: knowledge_base\ASTUlegislation2017.pdf
2025-05-03 18:24:09,775 - INFO - Successfully loaded: knowledge_base\Course_catalogue_Final.pdf
2025-05-03 18:24:10,017 - INFO - Successfully loaded: knowledge_base\PEOs_and_POs_ASTUs_Programs.pdf
2025-05-03 18:24:10,257 - INFO - Successfully loaded: knowledge_base\Program_Accreditations.pdf
2025-05-03 18:25:36,571 - INFO - Loading faiss with AVX2 support.
2025-05-03 18:25:36,610 - INFO - Successfully loaded faiss with AVX2 support.
2025-05-03 18:25:36,621 - INFO - Failed to load GPU Faiss: name 'GpuIndexIVFFlat' is not defined. Will not load constructor refs for GPU indexes.
2025-05-03 18:25:36,687 - INFO - Knowledge base reloaded with 1970 chunks from 853 documents
2025-05-03 18:25:36,806 - INFO - File watcher initialized
2025-05-03 18:27:07,887 - INFO - Load pretrained SentenceTransformer: sentence-transformers/all-MiniLM-L6-v2
2025-05-03 18:27:11,543 - INFO - Embeddings initialized successfully
2025-05-03 18:27:15,597 - INFO - Successfully loaded: knowledge_base\ASTUlegislation2017.pdf
2025-05-03 18:27:20,119 - INFO - Successfully loaded: knowledge_base\Course_catalogue_Final.pdf
2025-05-03 18:27:20,325 - INFO - Successfully loaded: knowledge_base\PEOs_and_POs_ASTUs_Programs.pdf
2025-05-03 18:27:20,542 - INFO - Successfully loaded: knowledge_base\Program_Accreditations.pdf
2025-05-03 18:28:19,505 - INFO - Loading faiss with AVX2 support.
2025-05-03 18:28:19,536 - INFO - Successfully loaded faiss with AVX2 support.
2025-05-03 18:28:19,543 - INFO - Failed to load GPU Faiss: name 'GpuIndexIVFFlat' is not defined. Will not load constructor refs for GPU indexes.
2025-05-03 18:28:19,598 - INFO - Knowledge base reloaded with 1970 chunks from 853 documents
2025-05-03 18:28:19,696 - INFO - File watcher initialized
2025-05-03 18:28:27,303 - INFO - Load pretrained SentenceTransformer: sentence-transformers/all-MiniLM-L6-v2
2025-05-03 18:28:31,031 - INFO - Embeddings initialized successfully
2025-05-03 18:28:35,316 - INFO - Successfully loaded: knowledge_base\ASTUlegislation2017.pdf
2025-05-03 18:28:40,146 - INFO - Successfully loaded: knowledge_base\Course_catalogue_Final.pdf
2025-05-03 18:28:40,377 - INFO - Successfully loaded: knowledge_base\PEOs_and_POs_ASTUs_Programs.pdf
2025-05-03 18:28:40,628 - INFO - Successfully loaded: knowledge_base\Program_Accreditations.pdf
2025-05-03 18:29:43,388 - INFO - Loading faiss with AVX2 support.
2025-05-03 18:29:43,417 - INFO - Successfully loaded faiss with AVX2 support.
2025-05-03 18:29:43,425 - INFO - Failed to load GPU Faiss: name 'GpuIndexIVFFlat' is not defined. Will not load constructor refs for GPU indexes.
2025-05-03 18:29:43,481 - INFO - Knowledge base reloaded with 1970 chunks from 853 documents
2025-05-03 18:29:43,583 - INFO - File watcher initialized
2025-05-03 18:33:49,873 - INFO - Load pretrained SentenceTransformer: sentence-transformers/all-MiniLM-L6-v2
2025-05-03 18:33:53,222 - INFO - Embeddings initialized successfully
2025-05-03 18:33:57,218 - INFO - Successfully loaded: knowledge_base\ASTUlegislation2017.pdf
2025-05-03 18:34:01,768 - INFO - Successfully loaded: knowledge_base\Course_catalogue_Final.pdf
2025-05-03 18:34:01,980 - INFO - Successfully loaded: knowledge_base\PEOs_and_POs_ASTUs_Programs.pdf
2025-05-03 18:34:02,198 - INFO - Successfully loaded: knowledge_base\Program_Accreditations.pdf
2025-05-03 18:34:48,112 - INFO - Loading faiss with AVX2 support.
2025-05-03 18:34:48,136 - INFO - Successfully loaded faiss with AVX2 support.
2025-05-03 18:34:48,143 - INFO - Failed to load GPU Faiss: name 'GpuIndexIVFFlat' is not defined. Will not load constructor refs for GPU indexes.
2025-05-03 18:34:48,191 - INFO - Knowledge base reloaded with 1970 chunks from 853 documents
2025-05-03 18:34:48,281 - INFO - File watcher initialized
2025-05-03 18:35:05,486 - INFO - Load pretrained SentenceTransformer: sentence-transformers/all-MiniLM-L6-v2
2025-05-03 18:35:08,743 - INFO - Embeddings initialized successfully
2025-05-03 18:35:12,902 - INFO - Successfully loaded: knowledge_base\ASTUlegislation2017.pdf
2025-05-03 18:35:17,474 - INFO - Successfully loaded: knowledge_base\Course_catalogue_Final.pdf
2025-05-03 18:35:17,695 - INFO - Successfully loaded: knowledge_base\PEOs_and_POs_ASTUs_Programs.pdf
2025-05-03 18:35:17,921 - INFO - Successfully loaded: knowledge_base\Program_Accreditations.pdf
2025-05-03 18:36:11,195 - INFO - Loading faiss with AVX2 support.
2025-05-03 18:36:11,223 - INFO - Successfully loaded faiss with AVX2 support.
2025-05-03 18:36:11,230 - INFO - Failed to load GPU Faiss: name 'GpuIndexIVFFlat' is not defined. Will not load constructor refs for GPU indexes.
2025-05-03 18:36:11,285 - INFO - Knowledge base reloaded with 1970 chunks from 853 documents
2025-05-03 18:36:11,382 - INFO - File watcher initialized
2025-05-03 18:36:41,548 - INFO - Load pretrained SentenceTransformer: sentence-transformers/all-MiniLM-L6-v2
2025-05-03 18:36:46,185 - INFO - Embeddings initialized successfully
2025-05-03 18:36:50,264 - INFO - Successfully loaded: knowledge_base\ASTUlegislation2017.pdf
2025-05-03 18:36:54,815 - INFO - Successfully loaded: knowledge_base\Course_catalogue_Final.pdf
2025-05-03 18:36:55,039 - INFO - Successfully loaded: knowledge_base\PEOs_and_POs_ASTUs_Programs.pdf
2025-05-03 18:36:55,258 - INFO - Successfully loaded: knowledge_base\Program_Accreditations.pdf
2025-05-03 18:37:55,713 - INFO - Loading faiss with AVX2 support.
2025-05-03 18:37:55,741 - INFO - Successfully loaded faiss with AVX2 support.
2025-05-03 18:37:55,748 - INFO - Failed to load GPU Faiss: name 'GpuIndexIVFFlat' is not defined. Will not load constructor refs for GPU indexes.
2025-05-03 18:37:55,802 - INFO - Knowledge base reloaded with 1970 chunks from 853 documents
2025-05-03 18:37:55,900 - INFO - File watcher initialized
2025-05-03 18:38:04,551 - INFO - Load pretrained SentenceTransformer: sentence-transformers/all-MiniLM-L6-v2
2025-05-03 18:38:07,886 - INFO - Embeddings initialized successfully
2025-05-03 18:38:12,127 - INFO - Successfully loaded: knowledge_base\ASTUlegislation2017.pdf
2025-05-03 18:38:16,792 - INFO - Successfully loaded: knowledge_base\Course_catalogue_Final.pdf
2025-05-03 18:38:17,026 - INFO - Successfully loaded: knowledge_base\PEOs_and_POs_ASTUs_Programs.pdf
2025-05-03 18:38:17,270 - INFO - Successfully loaded: knowledge_base\Program_Accreditations.pdf
2025-05-03 18:39:20,179 - INFO - Loading faiss with AVX2 support.
2025-05-03 18:39:20,208 - INFO - Successfully loaded faiss with AVX2 support.
2025-05-03 18:39:20,216 - INFO - Failed to load GPU Faiss: name 'GpuIndexIVFFlat' is not defined. Will not load constructor refs for GPU indexes.
2025-05-03 18:39:20,273 - INFO - Knowledge base reloaded with 1970 chunks from 853 documents
2025-05-03 18:39:20,376 - INFO - File watcher initialized
2025-05-03 18:42:13,827 - INFO - Load pretrained SentenceTransformer: sentence-transformers/all-MiniLM-L6-v2
2025-05-03 18:42:18,321 - INFO - Embeddings initialized successfully
2025-05-03 18:42:22,382 - INFO - Successfully loaded: knowledge_base\ASTUlegislation2017.pdf
2025-05-03 18:42:26,893 - INFO - Successfully loaded: knowledge_base\Course_catalogue_Final.pdf
2025-05-03 18:42:27,103 - INFO - Successfully loaded: knowledge_base\PEOs_and_POs_ASTUs_Programs.pdf
2025-05-03 18:42:27,316 - INFO - Successfully loaded: knowledge_base\Program_Accreditations.pdf
2025-05-03 18:43:16,879 - INFO - Loading faiss with AVX2 support.
2025-05-03 18:43:16,906 - INFO - Successfully loaded faiss with AVX2 support.
2025-05-03 18:43:16,913 - INFO - Failed to load GPU Faiss: name 'GpuIndexIVFFlat' is not defined. Will not load constructor refs for GPU indexes.
2025-05-03 18:43:16,962 - INFO - Knowledge base reloaded with 1970 chunks from 853 documents
2025-05-03 18:43:17,053 - INFO - File watcher initialized
2025-05-03 18:52:23,953 - INFO - Load pretrained SentenceTransformer: sentence-transformers/all-MiniLM-L6-v2
2025-05-03 18:52:27,567 - INFO - Embeddings initialized successfully
2025-05-03 18:52:31,636 - INFO - Successfully loaded: knowledge_base\ASTUlegislation2017.pdf
2025-05-03 18:52:36,231 - INFO - Successfully loaded: knowledge_base\Course_catalogue_Final.pdf
2025-05-03 18:52:36,449 - INFO - Successfully loaded: knowledge_base\PEOs_and_POs_ASTUs_Programs.pdf
2025-05-03 18:52:36,670 - INFO - Successfully loaded: knowledge_base\Program_Accreditations.pdf
2025-05-03 18:53:22,657 - INFO - Loading faiss with AVX2 support.
2025-05-03 18:53:22,683 - INFO - Successfully loaded faiss with AVX2 support.
2025-05-03 18:53:22,689 - INFO - Failed to load GPU Faiss: name 'GpuIndexIVFFlat' is not defined. Will not load constructor refs for GPU indexes.
2025-05-03 18:53:22,736 - INFO - Knowledge base reloaded with 1970 chunks from 853 documents
2025-05-03 18:53:22,820 - INFO - File watcher initialized
2025-05-03 18:53:30,722 - INFO - Load pretrained SentenceTransformer: sentence-transformers/all-MiniLM-L6-v2
2025-05-03 18:53:33,871 - INFO - Embeddings initialized successfully
2025-05-03 18:53:38,072 - INFO - Successfully loaded: knowledge_base\ASTUlegislation2017.pdf
2025-05-03 18:53:42,747 - INFO - Successfully loaded: knowledge_base\Course_catalogue_Final.pdf
2025-05-03 18:53:42,980 - INFO - Successfully loaded: knowledge_base\PEOs_and_POs_ASTUs_Programs.pdf
2025-05-03 18:53:43,209 - INFO - Successfully loaded: knowledge_base\Program_Accreditations.pdf
2025-05-03 18:54:41,739 - INFO - Loading faiss with AVX2 support.
2025-05-03 18:54:41,769 - INFO - Successfully loaded faiss with AVX2 support.
2025-05-03 18:54:41,777 - INFO - Failed to load GPU Faiss: name 'GpuIndexIVFFlat' is not defined. Will not load constructor refs for GPU indexes.
2025-05-03 18:54:41,836 - INFO - Knowledge base reloaded with 1970 chunks from 853 documents
2025-05-03 18:54:41,944 - INFO - File watcher initialized
2025-05-03 18:55:36,871 - INFO - Load pretrained SentenceTransformer: sentence-transformers/all-MiniLM-L6-v2
2025-05-03 18:55:40,146 - INFO - Embeddings initialized successfully
2025-05-03 18:55:44,238 - INFO - Successfully loaded: knowledge_base\ASTUlegislation2017.pdf
2025-05-03 18:55:48,745 - INFO - Successfully loaded: knowledge_base\Course_catalogue_Final.pdf
2025-05-03 18:55:49,025 - INFO - Successfully loaded: knowledge_base\PEOs_and_POs_ASTUs_Programs.pdf
2025-05-03 18:55:49,343 - INFO - Successfully loaded: knowledge_base\Program_Accreditations.pdf
2025-05-03 18:56:48,322 - INFO - Loading faiss with AVX2 support.
2025-05-03 18:56:48,354 - INFO - Successfully loaded faiss with AVX2 support.
2025-05-03 18:56:48,362 - INFO - Failed to load GPU Faiss: name 'GpuIndexIVFFlat' is not defined. Will not load constructor refs for GPU indexes.
2025-05-03 18:56:48,417 - INFO - Knowledge base reloaded with 1970 chunks from 853 documents
2025-05-03 18:56:48,519 - INFO - File watcher initialized
2025-05-03 18:57:21,239 - WARNING - Not Found: /sse/chat/
2025-05-03 18:59:33,148 - WARNING - Not Found: /sse/chat/
2025-05-03 19:01:34,221 - INFO - C:\Users\urjii\OneDrive\Desktop\project\integrated-web-app\myproject\urls.py changed, reloading.
2025-05-03 19:01:42,159 - INFO - Load pretrained SentenceTransformer: sentence-transformers/all-MiniLM-L6-v2
2025-05-03 19:01:45,421 - INFO - Embeddings initialized successfully
2025-05-03 19:01:49,768 - INFO - Successfully loaded: knowledge_base\ASTUlegislation2017.pdf
2025-05-03 19:01:58,569 - INFO - Successfully loaded: knowledge_base\Course_catalogue_Final.pdf
2025-05-03 19:01:58,794 - INFO - Successfully loaded: knowledge_base\PEOs_and_POs_ASTUs_Programs.pdf
2025-05-03 19:01:59,078 - INFO - Successfully loaded: knowledge_base\Program_Accreditations.pdf
2025-05-03 19:02:58,984 - INFO - Loading faiss with AVX2 support.
2025-05-03 19:02:59,016 - INFO - Successfully loaded faiss with AVX2 support.
2025-05-03 19:02:59,027 - INFO - Failed to load GPU Faiss: name 'GpuIndexIVFFlat' is not defined. Will not load constructor refs for GPU indexes.
2025-05-03 19:02:59,112 - INFO - Knowledge base reloaded with 1970 chunks from 853 documents
2025-05-03 19:02:59,237 - INFO - File watcher initialized
2025-05-03 19:03:18,511 - INFO - C:\Users\urjii\OneDrive\Desktop\project\integrated-web-app\chatbot\sse.py changed, reloading.
2025-05-03 19:03:26,643 - INFO - Load pretrained SentenceTransformer: sentence-transformers/all-MiniLM-L6-v2
2025-05-03 19:03:30,737 - INFO - Embeddings initialized successfully
2025-05-03 19:03:41,606 - INFO - Successfully loaded: knowledge_base\ASTUlegislation2017.pdf
2025-05-03 19:03:52,379 - INFO - Successfully loaded: knowledge_base\Course_catalogue_Final.pdf
2025-05-03 19:03:52,890 - INFO - Successfully loaded: knowledge_base\PEOs_and_POs_ASTUs_Programs.pdf
2025-05-03 19:03:53,373 - INFO - Successfully loaded: knowledge_base\Program_Accreditations.pdf
2025-05-03 19:05:26,566 - INFO - Loading faiss with AVX2 support.
2025-05-03 19:05:26,597 - INFO - Successfully loaded faiss with AVX2 support.
2025-05-03 19:05:26,605 - INFO - Failed to load GPU Faiss: name 'GpuIndexIVFFlat' is not defined. Will not load constructor refs for GPU indexes.
2025-05-03 19:05:26,665 - INFO - Knowledge base reloaded with 1970 chunks from 853 documents
2025-05-03 19:05:26,782 - INFO - File watcher initialized
2025-05-03 19:09:10,605 - INFO - C:\Users\urjii\OneDrive\Desktop\project\integrated-web-app\chatbot\sse.py changed, reloading.
2025-05-03 19:09:18,717 - INFO - Load pretrained SentenceTransformer: sentence-transformers/all-MiniLM-L6-v2
2025-05-03 19:09:22,587 - INFO - Embeddings initialized successfully
2025-05-03 19:09:26,984 - INFO - Successfully loaded: knowledge_base\ASTUlegislation2017.pdf
2025-05-03 19:09:32,078 - INFO - Successfully loaded: knowledge_base\Course_catalogue_Final.pdf
2025-05-03 19:09:32,308 - INFO - Successfully loaded: knowledge_base\PEOs_and_POs_ASTUs_Programs.pdf
2025-05-03 19:09:32,546 - INFO - Successfully loaded: knowledge_base\Program_Accreditations.pdf
2025-05-03 19:10:33,142 - INFO - Loading faiss with AVX2 support.
2025-05-03 19:10:33,170 - INFO - Successfully loaded faiss with AVX2 support.
2025-05-03 19:10:33,178 - INFO - Failed to load GPU Faiss: name 'GpuIndexIVFFlat' is not defined. Will not load constructor refs for GPU indexes.
2025-05-03 19:10:33,231 - INFO - Knowledge base reloaded with 1970 chunks from 853 documents
2025-05-03 19:10:33,330 - INFO - File watcher initialized
2025-05-03 19:14:40,790 - INFO - Load pretrained SentenceTransformer: sentence-transformers/all-MiniLM-L6-v2
2025-05-03 19:14:44,802 - INFO - Embeddings initialized successfully
2025-05-03 19:14:48,863 - INFO - Successfully loaded: knowledge_base\ASTUlegislation2017.pdf
2025-05-03 19:14:53,293 - INFO - Successfully loaded: knowledge_base\Course_catalogue_Final.pdf
2025-05-03 19:14:53,506 - INFO - Successfully loaded: knowledge_base\PEOs_and_POs_ASTUs_Programs.pdf
2025-05-03 19:14:53,722 - INFO - Successfully loaded: knowledge_base\Program_Accreditations.pdf
2025-05-03 19:15:41,020 - INFO - Loading faiss with AVX2 support.
2025-05-03 19:15:41,045 - INFO - Successfully loaded faiss with AVX2 support.
2025-05-03 19:15:41,051 - INFO - Failed to load GPU Faiss: name 'GpuIndexIVFFlat' is not defined. Will not load constructor refs for GPU indexes.
2025-05-03 19:15:41,099 - INFO - Knowledge base reloaded with 1970 chunks from 853 documents
2025-05-03 19:15:41,188 - INFO - File watcher initialized
2025-05-03 19:16:41,274 - INFO - C:\Users\urjii\OneDrive\Desktop\project\integrated-web-app\chatbot\urls.py changed, reloading.
2025-05-03 19:16:49,267 - INFO - Load pretrained SentenceTransformer: sentence-transformers/all-MiniLM-L6-v2
2025-05-03 19:16:52,582 - INFO - Embeddings initialized successfully
2025-05-03 19:16:57,179 - INFO - Successfully loaded: knowledge_base\ASTUlegislation2017.pdf
2025-05-03 19:17:02,322 - INFO - Successfully loaded: knowledge_base\Course_catalogue_Final.pdf
2025-05-03 19:17:02,545 - INFO - Successfully loaded: knowledge_base\PEOs_and_POs_ASTUs_Programs.pdf
2025-05-03 19:17:02,772 - INFO - Successfully loaded: knowledge_base\Program_Accreditations.pdf
2025-05-03 19:18:18,802 - INFO - Loading faiss with AVX2 support.
2025-05-03 19:18:18,853 - INFO - Successfully loaded faiss with AVX2 support.
2025-05-03 19:18:18,868 - INFO - Failed to load GPU Faiss: name 'GpuIndexIVFFlat' is not defined. Will not load constructor refs for GPU indexes.
2025-05-03 19:18:18,923 - INFO - Knowledge base reloaded with 1970 chunks from 853 documents
2025-05-03 19:18:19,027 - INFO - File watcher initialized
2025-05-03 19:21:30,659 - INFO - C:\Users\urjii\OneDrive\Desktop\project\integrated-web-app\myproject\settings.py changed, reloading.
2025-05-03 19:21:49,045 - INFO - Load pretrained SentenceTransformer: sentence-transformers/all-MiniLM-L6-v2
2025-05-03 19:21:52,590 - INFO - Embeddings initialized successfully
2025-05-03 19:22:01,813 - INFO - Successfully loaded: knowledge_base\ASTUlegislation2017.pdf
2025-05-03 19:22:12,594 - INFO - Successfully loaded: knowledge_base\Course_catalogue_Final.pdf
2025-05-03 19:22:13,216 - INFO - Successfully loaded: knowledge_base\PEOs_and_POs_ASTUs_Programs.pdf
2025-05-03 19:22:13,726 - INFO - Successfully loaded: knowledge_base\Program_Accreditations.pdf
2025-05-03 19:23:10,525 - INFO - Loading faiss with AVX2 support.
2025-05-03 19:23:10,553 - INFO - Successfully loaded faiss with AVX2 support.
2025-05-03 19:23:10,559 - INFO - Failed to load GPU Faiss: name 'GpuIndexIVFFlat' is not defined. Will not load constructor refs for GPU indexes.
2025-05-03 19:23:10,611 - INFO - Knowledge base reloaded with 1970 chunks from 853 documents
2025-05-03 19:23:10,702 - INFO - File watcher initialized
2025-05-03 19:30:14,463 - INFO - Load pretrained SentenceTransformer: sentence-transformers/all-MiniLM-L6-v2
2025-05-03 19:30:17,756 - INFO - Embeddings initialized successfully
2025-05-03 19:30:21,820 - INFO - Successfully loaded: knowledge_base\ASTUlegislation2017.pdf
2025-05-03 19:30:26,795 - INFO - Successfully loaded: knowledge_base\Course_catalogue_Final.pdf
2025-05-03 19:30:27,029 - INFO - Successfully loaded: knowledge_base\PEOs_and_POs_ASTUs_Programs.pdf
2025-05-03 19:30:27,260 - INFO - Successfully loaded: knowledge_base\Program_Accreditations.pdf
2025-05-03 19:31:34,613 - INFO - Loading faiss with AVX2 support.
2025-05-03 19:31:34,639 - INFO - Successfully loaded faiss with AVX2 support.
2025-05-03 19:31:34,646 - INFO - Failed to load GPU Faiss: name 'GpuIndexIVFFlat' is not defined. Will not load constructor refs for GPU indexes.
2025-05-03 19:31:34,695 - INFO - Knowledge base reloaded with 1970 chunks from 853 documents
2025-05-03 19:31:34,785 - INFO - File watcher initialized
2025-05-03 19:34:30,956 - INFO - Load pretrained SentenceTransformer: sentence-transformers/all-MiniLM-L6-v2
2025-05-03 19:34:34,601 - INFO - Embeddings initialized successfully
2025-05-03 19:34:38,637 - INFO - Successfully loaded: knowledge_base\ASTUlegislation2017.pdf
2025-05-03 19:34:43,090 - INFO - Successfully loaded: knowledge_base\Course_catalogue_Final.pdf
2025-05-03 19:34:43,295 - INFO - Successfully loaded: knowledge_base\PEOs_and_POs_ASTUs_Programs.pdf
2025-05-03 19:34:43,509 - INFO - Successfully loaded: knowledge_base\Program_Accreditations.pdf
2025-05-03 19:35:31,099 - INFO - Loading faiss with AVX2 support.
2025-05-03 19:35:31,124 - INFO - Successfully loaded faiss with AVX2 support.
2025-05-03 19:35:31,131 - INFO - Failed to load GPU Faiss: name 'GpuIndexIVFFlat' is not defined. Will not load constructor refs for GPU indexes.
2025-05-03 19:35:31,179 - INFO - Knowledge base reloaded with 1970 chunks from 853 documents
2025-05-03 19:35:31,268 - INFO - File watcher initialized
2025-05-03 19:35:58,743 - INFO - Load pretrained SentenceTransformer: sentence-transformers/all-MiniLM-L6-v2
2025-05-03 19:36:01,999 - INFO - Embeddings initialized successfully
2025-05-03 19:36:06,186 - INFO - Successfully loaded: knowledge_base\ASTUlegislation2017.pdf
2025-05-03 19:36:10,797 - INFO - Successfully loaded: knowledge_base\Course_catalogue_Final.pdf
2025-05-03 19:36:11,021 - INFO - Successfully loaded: knowledge_base\PEOs_and_POs_ASTUs_Programs.pdf
2025-05-03 19:36:11,242 - INFO - Successfully loaded: knowledge_base\Program_Accreditations.pdf
2025-05-03 19:37:08,015 - INFO - Loading faiss with AVX2 support.
2025-05-03 19:37:08,044 - INFO - Successfully loaded faiss with AVX2 support.
2025-05-03 19:37:08,052 - INFO - Failed to load GPU Faiss: name 'GpuIndexIVFFlat' is not defined. Will not load constructor refs for GPU indexes.
2025-05-03 19:37:08,111 - INFO - Knowledge base reloaded with 1970 chunks from 853 documents
2025-05-03 19:37:08,215 - INFO - File watcher initialized
2025-05-03 19:37:42,986 - INFO - Load pretrained SentenceTransformer: sentence-transformers/all-MiniLM-L6-v2
2025-05-03 19:37:46,588 - INFO - Embeddings initialized successfully
2025-05-03 19:37:50,982 - INFO - Successfully loaded: knowledge_base\ASTUlegislation2017.pdf
2025-05-03 19:37:56,451 - INFO - Successfully loaded: knowledge_base\Course_catalogue_Final.pdf
2025-05-03 19:37:56,706 - INFO - Successfully loaded: knowledge_base\PEOs_and_POs_ASTUs_Programs.pdf
2025-05-03 19:37:56,957 - INFO - Successfully loaded: knowledge_base\Program_Accreditations.pdf
2025-05-03 19:38:58,305 - INFO - Loading faiss with AVX2 support.
2025-05-03 19:38:58,333 - INFO - Successfully loaded faiss with AVX2 support.
2025-05-03 19:38:58,340 - INFO - Failed to load GPU Faiss: name 'GpuIndexIVFFlat' is not defined. Will not load constructor refs for GPU indexes.
2025-05-03 19:38:58,395 - INFO - Knowledge base reloaded with 1970 chunks from 853 documents
2025-05-03 19:38:58,497 - INFO - File watcher initialized
2025-05-03 19:39:21,840 - INFO - Load pretrained SentenceTransformer: sentence-transformers/all-MiniLM-L6-v2
2025-05-03 19:39:25,375 - INFO - Embeddings initialized successfully
2025-05-03 19:39:29,466 - INFO - Successfully loaded: knowledge_base\ASTUlegislation2017.pdf
2025-05-03 19:39:33,988 - INFO - Successfully loaded: knowledge_base\Course_catalogue_Final.pdf
2025-05-03 19:39:34,200 - INFO - Successfully loaded: knowledge_base\PEOs_and_POs_ASTUs_Programs.pdf
2025-05-03 19:39:34,415 - INFO - Successfully loaded: knowledge_base\Program_Accreditations.pdf
2025-05-03 19:40:35,036 - INFO - Loading faiss with AVX2 support.
2025-05-03 19:40:35,065 - INFO - Successfully loaded faiss with AVX2 support.
2025-05-03 19:40:35,073 - INFO - Failed to load GPU Faiss: name 'GpuIndexIVFFlat' is not defined. Will not load constructor refs for GPU indexes.
2025-05-03 19:40:35,129 - INFO - Knowledge base reloaded with 1970 chunks from 853 documents
2025-05-03 19:40:35,232 - INFO - File watcher initialized
2025-05-03 19:49:11,764 - INFO - Load pretrained SentenceTransformer: sentence-transformers/all-MiniLM-L6-v2
2025-05-03 19:49:20,170 - INFO - Embeddings initialized successfully
2025-05-03 19:49:24,392 - INFO - Successfully loaded: knowledge_base\ASTUlegislation2017.pdf
2025-05-03 19:49:29,191 - INFO - Successfully loaded: knowledge_base\Course_catalogue_Final.pdf
2025-05-03 19:49:29,397 - INFO - Successfully loaded: knowledge_base\PEOs_and_POs_ASTUs_Programs.pdf
2025-05-03 19:49:29,620 - INFO - Successfully loaded: knowledge_base\Program_Accreditations.pdf
2025-05-03 19:50:17,199 - INFO - Loading faiss with AVX2 support.
2025-05-03 19:50:17,225 - INFO - Successfully loaded faiss with AVX2 support.
2025-05-03 19:50:17,232 - INFO - Failed to load GPU Faiss: name 'GpuIndexIVFFlat' is not defined. Will not load constructor refs for GPU indexes.
2025-05-03 19:50:17,282 - INFO - Knowledge base reloaded with 1970 chunks from 853 documents
2025-05-03 19:50:17,378 - INFO - File watcher initialized
2025-05-03 19:50:17,993 - INFO - C:\Users\urjii\OneDrive\Desktop\project\integrated-web-app\chatbot\migrations\__init__.py changed, reloading.
2025-05-03 19:50:26,562 - INFO - Load pretrained SentenceTransformer: sentence-transformers/all-MiniLM-L6-v2
2025-05-03 19:50:26,758 - INFO - Load pretrained SentenceTransformer: sentence-transformers/all-MiniLM-L6-v2
2025-05-03 19:50:32,956 - INFO - Embeddings initialized successfully
2025-05-03 19:50:32,972 - INFO - Embeddings initialized successfully
2025-05-03 19:50:37,383 - INFO - Successfully loaded: knowledge_base\ASTUlegislation2017.pdf
2025-05-03 19:50:37,404 - INFO - Successfully loaded: knowledge_base\ASTUlegislation2017.pdf
2025-05-03 19:50:42,266 - INFO - Successfully loaded: knowledge_base\Course_catalogue_Final.pdf
2025-05-03 19:50:42,410 - INFO - Successfully loaded: knowledge_base\Course_catalogue_Final.pdf
2025-05-03 19:50:42,502 - INFO - Successfully loaded: knowledge_base\PEOs_and_POs_ASTUs_Programs.pdf
2025-05-03 19:50:42,639 - INFO - Successfully loaded: knowledge_base\PEOs_and_POs_ASTUs_Programs.pdf
2025-05-03 19:50:42,747 - INFO - Successfully loaded: knowledge_base\Program_Accreditations.pdf
2025-05-03 19:50:42,883 - INFO - Successfully loaded: knowledge_base\Program_Accreditations.pdf
2025-05-03 19:52:35,775 - INFO - Loading faiss with AVX2 support.
2025-05-03 19:52:35,838 - INFO - Successfully loaded faiss with AVX2 support.
2025-05-03 19:52:35,857 - INFO - Failed to load GPU Faiss: name 'GpuIndexIVFFlat' is not defined. Will not load constructor refs for GPU indexes.
2025-05-03 19:52:35,983 - INFO - Knowledge base reloaded with 1970 chunks from 853 documents
2025-05-03 19:52:36,214 - INFO - File watcher initialized
2025-05-03 19:52:37,782 - INFO - Loading faiss with AVX2 support.
2025-05-03 19:52:37,817 - INFO - Successfully loaded faiss with AVX2 support.
2025-05-03 19:52:37,827 - INFO - Failed to load GPU Faiss: name 'GpuIndexIVFFlat' is not defined. Will not load constructor refs for GPU indexes.
2025-05-03 19:52:37,889 - INFO - Knowledge base reloaded with 1970 chunks from 853 documents
2025-05-03 19:52:38,029 - INFO - File watcher initialized
2025-05-03 19:59:23,380 - INFO - Load pretrained SentenceTransformer: sentence-transformers/all-MiniLM-L6-v2
2025-05-03 19:59:28,252 - INFO - Embeddings initialized successfully
2025-05-03 19:59:32,406 - INFO - Successfully loaded: knowledge_base\ASTUlegislation2017.pdf
2025-05-03 19:59:37,070 - INFO - Successfully loaded: knowledge_base\Course_catalogue_Final.pdf
2025-05-03 19:59:37,281 - INFO - Successfully loaded: knowledge_base\PEOs_and_POs_ASTUs_Programs.pdf
2025-05-03 19:59:37,501 - INFO - Successfully loaded: knowledge_base\Program_Accreditations.pdf
2025-05-03 20:00:29,616 - INFO - Loading faiss with AVX2 support.
2025-05-03 20:00:29,642 - INFO - Successfully loaded faiss with AVX2 support.
2025-05-03 20:00:29,649 - INFO - Failed to load GPU Faiss: name 'GpuIndexIVFFlat' is not defined. Will not load constructor refs for GPU indexes.
2025-05-03 20:00:29,701 - INFO - Knowledge base reloaded with 1970 chunks from 853 documents
2025-05-03 20:00:29,810 - INFO - File watcher initialized
2025-05-03 20:00:29,998 - INFO - C:\Users\urjii\OneDrive\Desktop\project\integrated-web-app\chatbot\migrations\0001_initial.py changed, reloading.
2025-05-03 20:00:39,664 - INFO - Load pretrained SentenceTransformer: sentence-transformers/all-MiniLM-L6-v2
2025-05-03 20:00:39,670 - INFO - Load pretrained SentenceTransformer: sentence-transformers/all-MiniLM-L6-v2
2025-05-03 20:00:46,175 - INFO - Embeddings initialized successfully
2025-05-03 20:00:47,540 - INFO - Embeddings initialized successfully
2025-05-03 20:00:50,423 - INFO - Successfully loaded: knowledge_base\ASTUlegislation2017.pdf
2025-05-03 20:00:51,826 - INFO - Successfully loaded: knowledge_base\ASTUlegislation2017.pdf
2025-05-03 20:00:55,578 - INFO - Successfully loaded: knowledge_base\Course_catalogue_Final.pdf
2025-05-03 20:00:55,870 - INFO - Successfully loaded: knowledge_base\PEOs_and_POs_ASTUs_Programs.pdf
2025-05-03 20:00:56,195 - INFO - Successfully loaded: knowledge_base\Program_Accreditations.pdf
2025-05-03 20:00:59,834 - INFO - Successfully loaded: knowledge_base\Course_catalogue_Final.pdf
2025-05-03 20:01:00,781 - INFO - Successfully loaded: knowledge_base\PEOs_and_POs_ASTUs_Programs.pdf
2025-05-03 20:01:01,768 - INFO - Successfully loaded: knowledge_base\Program_Accreditations.pdf
2025-05-03 20:02:56,208 - INFO - Loading faiss with AVX2 support.
2025-05-03 20:02:56,277 - INFO - Successfully loaded faiss with AVX2 support.
2025-05-03 20:02:56,298 - INFO - Failed to load GPU Faiss: name 'GpuIndexIVFFlat' is not defined. Will not load constructor refs for GPU indexes.
2025-05-03 20:02:56,429 - INFO - Knowledge base reloaded with 1970 chunks from 853 documents
2025-05-03 20:02:56,711 - INFO - File watcher initialized
2025-05-03 20:03:00,356 - INFO - Loading faiss with AVX2 support.
2025-05-03 20:03:00,385 - INFO - Successfully loaded faiss with AVX2 support.
2025-05-03 20:03:00,394 - INFO - Failed to load GPU Faiss: name 'GpuIndexIVFFlat' is not defined. Will not load constructor refs for GPU indexes.
2025-05-03 20:03:00,452 - INFO - Knowledge base reloaded with 1970 chunks from 853 documents
2025-05-03 20:03:00,557 - INFO - File watcher initialized
2025-05-03 20:18:44,198 - INFO - Load pretrained SentenceTransformer: sentence-transformers/all-MiniLM-L6-v2
2025-05-03 20:18:50,463 - INFO - Embeddings initialized successfully
2025-05-03 20:18:54,683 - INFO - Successfully loaded: knowledge_base\ASTUlegislation2017.pdf
2025-05-03 20:18:59,338 - INFO - Successfully loaded: knowledge_base\Course_catalogue_Final.pdf
2025-05-03 20:18:59,556 - INFO - Successfully loaded: knowledge_base\PEOs_and_POs_ASTUs_Programs.pdf
2025-05-03 20:18:59,771 - INFO - Successfully loaded: knowledge_base\Program_Accreditations.pdf
2025-05-03 20:20:03,053 - INFO - Loading faiss with AVX2 support.
2025-05-03 20:20:03,089 - INFO - Successfully loaded faiss with AVX2 support.
2025-05-03 20:20:03,099 - INFO - Failed to load GPU Faiss: name 'GpuIndexIVFFlat' is not defined. Will not load constructor refs for GPU indexes.
2025-05-03 20:20:03,154 - INFO - Knowledge base reloaded with 1970 chunks from 853 documents
2025-05-03 20:20:03,312 - INFO - File watcher initialized
2025-05-03 20:20:45,943 - INFO - Load pretrained SentenceTransformer: sentence-transformers/all-MiniLM-L6-v2
2025-05-03 20:20:52,634 - INFO - Embeddings initialized successfully
2025-05-03 20:20:56,765 - INFO - Successfully loaded: knowledge_base\ASTUlegislation2017.pdf
2025-05-03 20:21:01,406 - INFO - Successfully loaded: knowledge_base\Course_catalogue_Final.pdf
2025-05-03 20:21:01,620 - INFO - Successfully loaded: knowledge_base\PEOs_and_POs_ASTUs_Programs.pdf
2025-05-03 20:21:01,841 - INFO - Successfully loaded: knowledge_base\Program_Accreditations.pdf
2025-05-03 20:22:04,683 - INFO - Loading faiss with AVX2 support.
2025-05-03 20:22:04,713 - INFO - Successfully loaded faiss with AVX2 support.
2025-05-03 20:22:04,722 - INFO - Failed to load GPU Faiss: name 'GpuIndexIVFFlat' is not defined. Will not load constructor refs for GPU indexes.
2025-05-03 20:22:04,781 - INFO - Knowledge base reloaded with 1970 chunks from 853 documents
2025-05-03 20:22:04,904 - INFO - File watcher initialized
2025-05-03 20:22:05,795 - INFO - C:\Users\urjii\OneDrive\Desktop\project\integrated-web-app\chatbot\migrations\0001_initial.py changed, reloading.
2025-05-03 20:22:13,921 - INFO - Load pretrained SentenceTransformer: sentence-transformers/all-MiniLM-L6-v2
2025-05-03 20:22:18,319 - INFO - Embeddings initialized successfully
2025-05-03 20:22:22,485 - INFO - Successfully loaded: knowledge_base\ASTUlegislation2017.pdf
2025-05-03 20:22:27,112 - INFO - Successfully loaded: knowledge_base\Course_catalogue_Final.pdf
2025-05-03 20:22:27,334 - INFO - Successfully loaded: knowledge_base\PEOs_and_POs_ASTUs_Programs.pdf
2025-05-03 20:22:27,566 - INFO - Successfully loaded: knowledge_base\Program_Accreditations.pdf
2025-05-03 20:23:01,567 - INFO - Load pretrained SentenceTransformer: sentence-transformers/all-MiniLM-L6-v2
2025-05-03 20:23:06,501 - INFO - Embeddings initialized successfully
2025-05-03 20:23:24,978 - INFO - Successfully loaded: knowledge_base\ASTUlegislation2017.pdf
2025-05-03 20:23:34,654 - INFO - Loading faiss with AVX2 support.
2025-05-03 20:23:34,686 - INFO - Successfully loaded faiss with AVX2 support.
2025-05-03 20:23:34,694 - INFO - Failed to load GPU Faiss: name 'GpuIndexIVFFlat' is not defined. Will not load constructor refs for GPU indexes.
2025-05-03 20:23:34,753 - INFO - Knowledge base reloaded with 1970 chunks from 853 documents
2025-05-03 20:23:34,869 - INFO - File watcher initialized
2025-05-03 20:23:38,243 - INFO - Successfully loaded: knowledge_base\Course_catalogue_Final.pdf
2025-05-03 20:23:38,527 - INFO - Successfully loaded: knowledge_base\PEOs_and_POs_ASTUs_Programs.pdf
2025-05-03 20:23:38,843 - INFO - Successfully loaded: knowledge_base\Program_Accreditations.pdf
2025-05-03 20:24:44,188 - INFO - Loading faiss with AVX2 support.
2025-05-03 20:24:44,220 - INFO - Successfully loaded faiss with AVX2 support.
2025-05-03 20:24:44,228 - INFO - Failed to load GPU Faiss: name 'GpuIndexIVFFlat' is not defined. Will not load constructor refs for GPU indexes.
2025-05-03 20:24:44,289 - INFO - Knowledge base reloaded with 1970 chunks from 853 documents
2025-05-03 20:24:44,527 - INFO - File watcher initialized
2025-05-03 20:25:16,259 - INFO - Load pretrained SentenceTransformer: sentence-transformers/all-MiniLM-L6-v2
2025-05-03 20:25:24,907 - INFO - Embeddings initialized successfully
2025-05-03 20:25:29,437 - INFO - Successfully loaded: knowledge_base\ASTUlegislation2017.pdf
2025-05-03 20:25:34,698 - INFO - Successfully loaded: knowledge_base\Course_catalogue_Final.pdf
2025-05-03 20:25:34,927 - INFO - Successfully loaded: knowledge_base\PEOs_and_POs_ASTUs_Programs.pdf
2025-05-03 20:25:35,200 - INFO - Successfully loaded: knowledge_base\Program_Accreditations.pdf
2025-05-03 20:26:45,081 - INFO - Loading faiss with AVX2 support.
2025-05-03 20:26:45,111 - INFO - Successfully loaded faiss with AVX2 support.
2025-05-03 20:26:45,120 - INFO - Failed to load GPU Faiss: name 'GpuIndexIVFFlat' is not defined. Will not load constructor refs for GPU indexes.
2025-05-03 20:26:45,179 - INFO - Knowledge base reloaded with 1970 chunks from 853 documents
2025-05-03 20:26:45,289 - INFO - File watcher initialized
2025-05-03 20:27:58,031 - ERROR - DeepSeek API call failed: 402 Client Error: Payment Required for url: https://api.deepseek.com/v1/chat/completions
2025-05-03 20:37:54,126 - INFO - C:\Users\urjii\OneDrive\Desktop\project\integrated-web-app\chatbot\sse.py changed, reloading.
2025-05-03 20:37:54,195 - INFO - C:\Users\urjii\OneDrive\Desktop\project\integrated-web-app\chatbot\sse.py changed, reloading.
2025-05-03 20:38:04,799 - INFO - Load pretrained SentenceTransformer: sentence-transformers/all-MiniLM-L6-v2
2025-05-03 20:38:04,806 - INFO - Load pretrained SentenceTransformer: sentence-transformers/all-MiniLM-L6-v2
2025-05-03 20:38:10,746 - INFO - Embeddings initialized successfully
2025-05-03 20:38:13,017 - INFO - Embeddings initialized successfully
2025-05-03 20:38:21,298 - INFO - Successfully loaded: knowledge_base\ASTUlegislation2017.pdf
2025-05-03 20:38:23,421 - INFO - Successfully loaded: knowledge_base\ASTUlegislation2017.pdf
2025-05-03 20:38:31,409 - INFO - Successfully loaded: knowledge_base\Course_catalogue_Final.pdf
2025-05-03 20:38:31,877 - INFO - Successfully loaded: knowledge_base\PEOs_and_POs_ASTUs_Programs.pdf
2025-05-03 20:38:32,334 - INFO - Successfully loaded: knowledge_base\Program_Accreditations.pdf
2025-05-03 20:38:34,196 - INFO - Successfully loaded: knowledge_base\Course_catalogue_Final.pdf
2025-05-03 20:38:35,204 - INFO - Successfully loaded: knowledge_base\PEOs_and_POs_ASTUs_Programs.pdf
2025-05-03 20:38:36,178 - INFO - Successfully loaded: knowledge_base\Program_Accreditations.pdf
2025-05-03 20:40:57,068 - INFO - Loading faiss with AVX2 support.
2025-05-03 20:40:57,118 - INFO - Successfully loaded faiss with AVX2 support.
2025-05-03 20:40:57,130 - INFO - Failed to load GPU Faiss: name 'GpuIndexIVFFlat' is not defined. Will not load constructor refs for GPU indexes.
2025-05-03 20:40:57,232 - INFO - Knowledge base reloaded with 1970 chunks from 853 documents
2025-05-03 20:40:57,362 - INFO - File watcher initialized
2025-05-03 20:41:03,621 - WARNING - Not Found: /favicon.ico
2025-05-03 20:44:39,333 - ERROR - DeepSeek API call failed: 402 Client Error: Payment Required for url: https://api.deepseek.com/v1/chat/completions
2025-05-03 20:46:56,079 - ERROR - DeepSeek API call failed: 402 Client Error: Payment Required for url: https://api.deepseek.com/v1/chat/completions
2025-05-03 20:47:44,026 - ERROR - DeepSeek API call failed: 402 Client Error: Payment Required for url: https://api.deepseek.com/v1/chat/completions
2025-05-03 20:48:14,402 - INFO - C:\Users\urjii\OneDrive\Desktop\project\integrated-web-app\chatbot\sse.py changed, reloading.
2025-05-03 20:49:13,561 - INFO - Load pretrained SentenceTransformer: sentence-transformers/all-MiniLM-L6-v2
2025-05-03 20:49:21,867 - INFO - Embeddings initialized successfully
2025-05-03 20:49:32,463 - INFO - Successfully loaded: knowledge_base\ASTUlegislation2017.pdf
2025-05-03 20:49:39,731 - INFO - Successfully loaded: knowledge_base\Course_catalogue_Final.pdf
2025-05-03 20:49:39,964 - INFO - Successfully loaded: knowledge_base\PEOs_and_POs_ASTUs_Programs.pdf
2025-05-03 20:49:40,234 - INFO - Successfully loaded: knowledge_base\Program_Accreditations.pdf
2025-05-03 20:50:29,816 - INFO - Loading faiss with AVX2 support.
2025-05-03 20:50:29,842 - INFO - Successfully loaded faiss with AVX2 support.
2025-05-03 20:50:29,848 - INFO - Failed to load GPU Faiss: name 'GpuIndexIVFFlat' is not defined. Will not load constructor refs for GPU indexes.
2025-05-03 20:50:29,894 - INFO - Knowledge base reloaded with 1970 chunks from 853 documents
2025-05-03 20:50:29,980 - INFO - File watcher initialized
2025-05-03 20:51:18,912 - INFO - C:\Users\urjii\OneDrive\Desktop\project\integrated-web-app\myproject\settings.py changed, reloading.
2025-05-03 20:51:27,204 - INFO - Load pretrained SentenceTransformer: sentence-transformers/all-MiniLM-L6-v2
2025-05-03 20:51:32,203 - INFO - Embeddings initialized successfully
2025-05-03 20:51:37,087 - INFO - Successfully loaded: knowledge_base\ASTUlegislation2017.pdf
2025-05-03 20:51:42,725 - INFO - Successfully loaded: knowledge_base\Course_catalogue_Final.pdf
2025-05-03 20:51:42,946 - INFO - Successfully loaded: knowledge_base\PEOs_and_POs_ASTUs_Programs.pdf
2025-05-03 20:51:43,191 - INFO - Successfully loaded: knowledge_base\Program_Accreditations.pdf
2025-05-03 20:52:43,980 - INFO - Loading faiss with AVX2 support.
2025-05-03 20:52:44,009 - INFO - Successfully loaded faiss with AVX2 support.
2025-05-03 20:52:44,016 - INFO - Failed to load GPU Faiss: name 'GpuIndexIVFFlat' is not defined. Will not load constructor refs for GPU indexes.
2025-05-03 20:52:44,073 - INFO - Knowledge base reloaded with 1970 chunks from 853 documents
2025-05-03 20:52:44,174 - INFO - File watcher initialized
2025-05-03 20:53:35,310 - ERROR - DeepSeek API call failed: 402 Client Error: Payment Required for url: https://api.deepseek.com/v1/chat/completions
2025-05-03 20:54:00,601 - ERROR - DeepSeek API call failed: 402 Client Error: Payment Required for url: https://api.deepseek.com/v1/chat/completions
2025-05-04 01:22:32,442 - INFO - Load pretrained SentenceTransformer: sentence-transformers/all-MiniLM-L6-v2
2025-05-04 01:22:35,960 - INFO - Embeddings initialized successfully
2025-05-04 01:22:40,029 - INFO - Successfully loaded: knowledge_base\ASTUlegislation2017.pdf
2025-05-04 01:22:44,781 - INFO - Successfully loaded: knowledge_base\Course_catalogue_Final.pdf
2025-05-04 01:22:45,012 - INFO - Successfully loaded: knowledge_base\PEOs_and_POs_ASTUs_Programs.pdf
2025-05-04 01:22:45,250 - INFO - Successfully loaded: knowledge_base\Program_Accreditations.pdf
2025-05-04 01:23:47,659 - INFO - Loading faiss with AVX2 support.
2025-05-04 01:23:47,688 - INFO - Successfully loaded faiss with AVX2 support.
2025-05-04 01:23:47,695 - INFO - Failed to load GPU Faiss: name 'GpuIndexIVFFlat' is not defined. Will not load constructor refs for GPU indexes.
2025-05-04 01:23:47,751 - INFO - Knowledge base reloaded with 1970 chunks from 853 documents
2025-05-04 01:23:47,856 - INFO - File watcher initialized
2025-05-04 02:44:02,001 - INFO - Load pretrained SentenceTransformer: sentence-transformers/all-MiniLM-L6-v2
2025-05-04 02:44:09,854 - INFO - Embeddings initialized successfully
2025-05-04 02:44:21,647 - INFO - Successfully loaded: knowledge_base\ASTUlegislation2017.pdf
2025-05-04 02:44:32,584 - INFO - Successfully loaded: knowledge_base\Course_catalogue_Final.pdf
2025-05-04 02:44:32,948 - INFO - Successfully loaded: knowledge_base\PEOs_and_POs_ASTUs_Programs.pdf
2025-05-04 02:44:34,310 - INFO - Successfully loaded: knowledge_base\Program_Accreditations.pdf
2025-05-04 02:46:40,039 - INFO - Loading faiss with AVX2 support.
2025-05-04 02:46:40,253 - INFO - Successfully loaded faiss with AVX2 support.
2025-05-04 02:46:40,260 - INFO - Failed to load GPU Faiss: name 'GpuIndexIVFFlat' is not defined. Will not load constructor refs for GPU indexes.
2025-05-04 02:46:40,295 - INFO - Knowledge base reloaded with 1970 chunks from 853 documents
2025-05-04 02:46:40,487 - INFO - File watcher initialized
2025-05-04 02:46:53,537 - WARNING - Not Found: /api/conversations/
2025-05-04 02:46:53,553 - WARNING - Not Found: /api/conversations/
2025-05-04 02:48:24,945 - WARNING - Not Found: /api/conversations/
2025-05-04 02:49:02,689 - WARNING - Not Found: /api/conversations/
2025-05-04 02:55:05,450 - ERROR - Internal Server Error: /chat/conversations/
Traceback (most recent call last):
  File "C:\Users\urjii\OneDrive\Desktop\project\integrated-web-app\venv\Lib\site-packages\django\db\models\fields\__init__.py", line 2128, in get_prep_value
    return int(value)
  File "C:\Users\urjii\OneDrive\Desktop\project\integrated-web-app\venv\Lib\site-packages\django\contrib\auth\models.py", line 549, in __int__
    raise TypeError(
    ...<2 lines>...
    )
TypeError: Cannot cast AnonymousUser to int. Are you trying to use it in place of User?

The above exception was the direct cause of the following exception:

Traceback (most recent call last):
  File "C:\Users\urjii\OneDrive\Desktop\project\integrated-web-app\venv\Lib\site-packages\django\core\handlers\exception.py", line 55, in inner
    response = get_response(request)
  File "C:\Users\urjii\OneDrive\Desktop\project\integrated-web-app\venv\Lib\site-packages\django\core\handlers\base.py", line 197, in _get_response
    response = wrapped_callback(request, *callback_args, **callback_kwargs)
  File "C:\Users\urjii\OneDrive\Desktop\project\integrated-web-app\venv\Lib\site-packages\django\views\decorators\csrf.py", line 65, in _view_wrapper
    return view_func(request, *args, **kwargs)
  File "C:\Users\urjii\OneDrive\Desktop\project\integrated-web-app\venv\Lib\site-packages\rest_framework\viewsets.py", line 125, in view
    return self.dispatch(request, *args, **kwargs)
           ~~~~~~~~~~~~~^^^^^^^^^^^^^^^^^^^^^^^^^^
  File "C:\Users\urjii\OneDrive\Desktop\project\integrated-web-app\venv\Lib\site-packages\rest_framework\views.py", line 515, in dispatch
    response = self.handle_exception(exc)
  File "C:\Users\urjii\OneDrive\Desktop\project\integrated-web-app\venv\Lib\site-packages\rest_framework\views.py", line 475, in handle_exception
    self.raise_uncaught_exception(exc)
    ~~~~~~~~~~~~~~~~~~~~~~~~~~~~~^^^^^
  File "C:\Users\urjii\OneDrive\Desktop\project\integrated-web-app\venv\Lib\site-packages\rest_framework\views.py", line 486, in raise_uncaught_exception
    raise exc
  File "C:\Users\urjii\OneDrive\Desktop\project\integrated-web-app\venv\Lib\site-packages\rest_framework\views.py", line 512, in dispatch
    response = handler(request, *args, **kwargs)
  File "C:\Users\urjii\OneDrive\Desktop\project\integrated-web-app\venv\Lib\site-packages\rest_framework\mixins.py", line 38, in list
    queryset = self.filter_queryset(self.get_queryset())
                                    ~~~~~~~~~~~~~~~~~^^
  File "C:\Users\urjii\OneDrive\Desktop\project\integrated-web-app\chatbot\chatbot_views.py", line 13, in get_queryset
    queryset = Conversation.objects.filter(user=self.request.user)
  File "C:\Users\urjii\OneDrive\Desktop\project\integrated-web-app\venv\Lib\site-packages\django\db\models\manager.py", line 87, in manager_method
    return getattr(self.get_queryset(), name)(*args, **kwargs)
           ~~~~~~~~~~~~~~~~~~~~~~~~~~~~~~~~~~^^^^^^^^^^^^^^^^^
  File "C:\Users\urjii\OneDrive\Desktop\project\integrated-web-app\venv\Lib\site-packages\django\db\models\query.py", line 1481, in filter
    return self._filter_or_exclude(False, args, kwargs)
           ~~~~~~~~~~~~~~~~~~~~~~~^^^^^^^^^^^^^^^^^^^^^
  File "C:\Users\urjii\OneDrive\Desktop\project\integrated-web-app\venv\Lib\site-packages\django\db\models\query.py", line 1499, in _filter_or_exclude
    clone._filter_or_exclude_inplace(negate, args, kwargs)
    ~~~~~~~~~~~~~~~~~~~~~~~~~~~~~~~~^^^^^^^^^^^^^^^^^^^^^^
  File "C:\Users\urjii\OneDrive\Desktop\project\integrated-web-app\venv\Lib\site-packages\django\db\models\query.py", line 1506, in _filter_or_exclude_inplace
    self._query.add_q(Q(*args, **kwargs))
    ~~~~~~~~~~~~~~~~~^^^^^^^^^^^^^^^^^^^^
  File "C:\Users\urjii\OneDrive\Desktop\project\integrated-web-app\venv\Lib\site-packages\django\db\models\sql\query.py", line 1643, in add_q
    clause, _ = self._add_q(q_object, can_reuse)
                ~~~~~~~~~~~^^^^^^^^^^^^^^^^^^^^^
  File "C:\Users\urjii\OneDrive\Desktop\project\integrated-web-app\venv\Lib\site-packages\django\db\models\sql\query.py", line 1675, in _add_q
    child_clause, needed_inner = self.build_filter(
                                 ~~~~~~~~~~~~~~~~~^
        child,
        ^^^^^^
    ...<7 lines>...
        update_join_types=update_join_types,
        ^^^^^^^^^^^^^^^^^^^^^^^^^^^^^^^^^^^^
    )
    ^
  File "C:\Users\urjii\OneDrive\Desktop\project\integrated-web-app\venv\Lib\site-packages\django\db\models\sql\query.py", line 1585, in build_filter
    condition = self.build_lookup(lookups, col, value)
  File "C:\Users\urjii\OneDrive\Desktop\project\integrated-web-app\venv\Lib\site-packages\django\db\models\sql\query.py", line 1412, in build_lookup
    lookup = lookup_class(lhs, rhs)
  File "C:\Users\urjii\OneDrive\Desktop\project\integrated-web-app\venv\Lib\site-packages\django\db\models\lookups.py", line 38, in __init__
    self.rhs = self.get_prep_lookup()
               ~~~~~~~~~~~~~~~~~~~~^^
  File "C:\Users\urjii\OneDrive\Desktop\project\integrated-web-app\venv\Lib\site-packages\django\db\models\fields\related_lookups.py", line 112, in get_prep_lookup
    self.rhs = target_field.get_prep_value(self.rhs)
               ~~~~~~~~~~~~~~~~~~~~~~~~~~~^^^^^^^^^^
  File "C:\Users\urjii\OneDrive\Desktop\project\integrated-web-app\venv\Lib\site-packages\django\db\models\fields\__init__.py", line 2130, in get_prep_value
    raise e.__class__(
        "Field '%s' expected a number but got %r." % (self.name, value),
    ) from e
TypeError: Field 'id' expected a number but got <django.contrib.auth.models.AnonymousUser object at 0x0000024D06FB0EC0>.
2025-05-04 02:55:09,351 - WARNING - Not Found: /favicon.ico
2025-05-04 02:55:30,062 - WARNING - Unauthorized: /chat/messages/
2025-05-04 03:13:16,940 - WARNING - Bad Request: /chat/conversations/
2025-05-04 03:13:16,946 - WARNING - Bad Request: /chat/conversations/
2025-05-04 10:53:22,195 - INFO - Load pretrained SentenceTransformer: sentence-transformers/all-MiniLM-L6-v2
2025-05-04 10:53:26,083 - INFO - Embeddings initialized successfully
2025-05-04 10:53:30,176 - INFO - Loaded: knowledge_base\ASTUlegislation2017.pdf
2025-05-04 10:53:34,668 - INFO - Loaded: knowledge_base\Course_catalogue_Final.pdf
2025-05-04 10:53:34,898 - INFO - Loaded: knowledge_base\PEOs_and_POs_ASTUs_Programs.pdf
2025-05-04 10:53:35,116 - INFO - Loaded: knowledge_base\Program_Accreditations.pdf
2025-05-04 10:54:21,908 - INFO - Loading faiss with AVX2 support.
2025-05-04 10:54:22,006 - INFO - Successfully loaded faiss with AVX2 support.
2025-05-04 10:54:22,020 - INFO - Failed to load GPU Faiss: name 'GpuIndexIVFFlat' is not defined. Will not load constructor refs for GPU indexes.
2025-05-04 10:54:22,238 - INFO - Loaded 1970 chunks from 853 documents
2025-05-04 10:54:22,240 - INFO - File watcher initialized
2025-05-04 10:59:47,048 - INFO - Load pretrained SentenceTransformer: sentence-transformers/all-MiniLM-L6-v2
2025-05-04 10:59:50,737 - INFO - Embeddings initialized successfully
2025-05-04 10:59:55,444 - INFO - Loaded: knowledge_base\ASTUlegislation2017.pdf
2025-05-04 11:00:00,017 - INFO - Loaded: knowledge_base\Course_catalogue_Final.pdf
2025-05-04 11:00:00,238 - INFO - Loaded: knowledge_base\PEOs_and_POs_ASTUs_Programs.pdf
2025-05-04 11:00:00,472 - INFO - Loaded: knowledge_base\Program_Accreditations.pdf
2025-05-04 11:00:46,296 - INFO - Loading faiss with AVX2 support.
2025-05-04 11:00:46,551 - INFO - Successfully loaded faiss with AVX2 support.
2025-05-04 11:00:46,556 - INFO - Failed to load GPU Faiss: name 'GpuIndexIVFFlat' is not defined. Will not load constructor refs for GPU indexes.
2025-05-04 11:00:46,662 - INFO - Loaded 1970 chunks from 853 documents
2025-05-04 11:00:46,664 - INFO - File watcher initialized
2025-05-04 11:02:16,944 - INFO - Load pretrained SentenceTransformer: sentence-transformers/all-MiniLM-L6-v2
2025-05-04 11:02:20,567 - INFO - Embeddings initialized successfully
2025-05-04 11:02:24,517 - INFO - Loaded: knowledge_base\ASTUlegislation2017.pdf
2025-05-04 11:02:28,908 - INFO - Loaded: knowledge_base\Course_catalogue_Final.pdf
2025-05-04 11:02:29,113 - INFO - Loaded: knowledge_base\PEOs_and_POs_ASTUs_Programs.pdf
2025-05-04 11:02:29,332 - INFO - Loaded: knowledge_base\Program_Accreditations.pdf
2025-05-04 11:03:14,547 - INFO - Loading faiss with AVX2 support.
2025-05-04 11:03:14,572 - INFO - Successfully loaded faiss with AVX2 support.
2025-05-04 11:03:14,578 - INFO - Failed to load GPU Faiss: name 'GpuIndexIVFFlat' is not defined. Will not load constructor refs for GPU indexes.
2025-05-04 11:03:14,731 - INFO - Loaded 1970 chunks from 853 documents
2025-05-04 11:03:14,734 - INFO - File watcher initialized
2025-05-04 11:05:18,390 - INFO - Load pretrained SentenceTransformer: sentence-transformers/all-MiniLM-L6-v2
2025-05-04 11:05:21,579 - INFO - Embeddings initialized successfully
2025-05-04 11:05:25,597 - INFO - Loaded: knowledge_base\ASTUlegislation2017.pdf
2025-05-04 11:05:30,079 - INFO - Loaded: knowledge_base\Course_catalogue_Final.pdf
2025-05-04 11:05:30,291 - INFO - Loaded: knowledge_base\PEOs_and_POs_ASTUs_Programs.pdf
2025-05-04 11:05:30,513 - INFO - Loaded: knowledge_base\Program_Accreditations.pdf
2025-05-04 11:06:16,298 - INFO - Loading faiss with AVX2 support.
2025-05-04 11:06:16,322 - INFO - Successfully loaded faiss with AVX2 support.
2025-05-04 11:06:16,328 - INFO - Failed to load GPU Faiss: name 'GpuIndexIVFFlat' is not defined. Will not load constructor refs for GPU indexes.
2025-05-04 11:06:16,464 - INFO - Loaded 1970 chunks from 853 documents
2025-05-04 11:06:16,467 - INFO - File watcher initialized
2025-05-04 11:07:07,193 - INFO - Load pretrained SentenceTransformer: sentence-transformers/all-MiniLM-L6-v2
2025-05-04 11:07:12,382 - INFO - Embeddings initialized successfully
2025-05-04 11:07:24,000 - INFO - Loaded: knowledge_base\ASTUlegislation2017.pdf
2025-05-04 11:07:36,817 - INFO - Loaded: knowledge_base\Course_catalogue_Final.pdf
2025-05-04 11:07:37,378 - INFO - Loaded: knowledge_base\PEOs_and_POs_ASTUs_Programs.pdf
2025-05-04 11:07:38,035 - INFO - Loaded: knowledge_base\Program_Accreditations.pdf
2025-05-04 11:08:45,446 - INFO - Loading faiss with AVX2 support.
2025-05-04 11:08:45,471 - INFO - Successfully loaded faiss with AVX2 support.
2025-05-04 11:08:45,477 - INFO - Failed to load GPU Faiss: name 'GpuIndexIVFFlat' is not defined. Will not load constructor refs for GPU indexes.
2025-05-04 11:08:45,620 - INFO - Loaded 1970 chunks from 853 documents
2025-05-04 11:08:45,623 - INFO - File watcher initialized
2025-05-04 11:13:13,392 - WARNING - Unauthorized: /chat/conversations/
2025-05-04 11:13:13,393 - WARNING - Unauthorized: /chat/conversations/
2025-05-04 11:13:28,017 - WARNING - Unauthorized: /chat/conversations/
2025-05-04 11:13:28,019 - WARNING - Unauthorized: /chat/conversations/
2025-05-04 11:13:40,507 - WARNING - Unauthorized: /chat/conversations/
2025-05-04 11:13:40,510 - WARNING - Unauthorized: /chat/conversations/
2025-05-04 11:14:07,195 - WARNING - Unauthorized: /chat/conversations/
2025-05-04 11:14:07,201 - WARNING - Unauthorized: /chat/conversations/
2025-05-04 11:14:13,954 - WARNING - Unauthorized: /chat/conversations/
2025-05-04 11:14:13,955 - WARNING - Unauthorized: /chat/conversations/
2025-05-04 12:25:00,889 - INFO - Load pretrained SentenceTransformer: sentence-transformers/all-MiniLM-L6-v2
2025-05-04 12:25:05,257 - INFO - Embeddings initialized successfully
2025-05-04 12:25:09,905 - INFO - Loaded: knowledge_base\ASTUlegislation2017.pdf
2025-05-04 12:25:14,499 - INFO - Loaded: knowledge_base\Course_catalogue_Final.pdf
2025-05-04 12:25:14,728 - INFO - Loaded: knowledge_base\PEOs_and_POs_ASTUs_Programs.pdf
2025-05-04 12:25:14,960 - INFO - Loaded: knowledge_base\Program_Accreditations.pdf
2025-05-04 12:26:00,862 - INFO - Loading faiss with AVX2 support.
2025-05-04 12:26:01,303 - INFO - Successfully loaded faiss with AVX2 support.
2025-05-04 12:26:01,309 - INFO - Failed to load GPU Faiss: name 'GpuIndexIVFFlat' is not defined. Will not load constructor refs for GPU indexes.
2025-05-04 12:26:01,440 - INFO - Loaded 1970 chunks from 853 documents
2025-05-04 12:26:01,442 - INFO - File watcher initialized
2025-05-04 12:26:09,721 - INFO - Load pretrained SentenceTransformer: sentence-transformers/all-MiniLM-L6-v2
2025-05-04 12:26:13,180 - INFO - Embeddings initialized successfully
2025-05-04 12:26:17,367 - INFO - Loaded: knowledge_base\ASTUlegislation2017.pdf
2025-05-04 12:26:22,009 - INFO - Loaded: knowledge_base\Course_catalogue_Final.pdf
2025-05-04 12:26:22,220 - INFO - Loaded: knowledge_base\PEOs_and_POs_ASTUs_Programs.pdf
2025-05-04 12:26:22,441 - INFO - Loaded: knowledge_base\Program_Accreditations.pdf
2025-05-04 12:27:15,601 - INFO - Loading faiss with AVX2 support.
2025-05-04 12:27:15,627 - INFO - Successfully loaded faiss with AVX2 support.
2025-05-04 12:27:15,634 - INFO - Failed to load GPU Faiss: name 'GpuIndexIVFFlat' is not defined. Will not load constructor refs for GPU indexes.
2025-05-04 12:27:15,778 - INFO - Loaded 1970 chunks from 853 documents
2025-05-04 12:27:15,781 - INFO - File watcher initialized
2025-05-04 13:20:59,787 - INFO - Load pretrained SentenceTransformer: sentence-transformers/all-MiniLM-L6-v2
2025-05-04 13:21:00,145 - INFO - Embeddings initialized successfully
2025-05-04 13:21:10,363 - INFO - Loaded: knowledge_base\ASTUlegislation2017.pdf
2025-05-04 13:21:20,469 - INFO - Loaded: knowledge_base\Course_catalogue_Final.pdf
2025-05-04 13:21:20,677 - INFO - Loaded: knowledge_base\PEOs_and_POs_ASTUs_Programs.pdf
2025-05-04 13:21:20,882 - INFO - Loaded: knowledge_base\Program_Accreditations.pdf
2025-05-04 13:23:12,753 - INFO - Loading faiss with AVX2 support.
2025-05-04 13:23:12,774 - INFO - Successfully loaded faiss with AVX2 support.
2025-05-04 13:23:12,779 - INFO - Failed to load GPU Faiss: name 'GpuIndexIVFFlat' is not defined. Will not load constructor refs for GPU indexes.
2025-05-04 13:23:12,905 - INFO - Loaded 1970 chunks from 853 documents
2025-05-04 13:23:12,907 - INFO - File watcher initialized
2025-05-04 13:23:25,655 - INFO - Load pretrained SentenceTransformer: sentence-transformers/all-MiniLM-L6-v2
2025-05-04 13:23:27,383 - INFO - Embeddings initialized successfully
2025-05-04 13:23:36,403 - INFO - Loaded: knowledge_base\ASTUlegislation2017.pdf
2025-05-04 13:23:48,223 - INFO - Loaded: knowledge_base\Course_catalogue_Final.pdf
2025-05-04 13:23:48,431 - INFO - Loaded: knowledge_base\PEOs_and_POs_ASTUs_Programs.pdf
2025-05-04 13:23:48,646 - INFO - Loaded: knowledge_base\Program_Accreditations.pdf
2025-05-04 13:27:13,986 - INFO - Load pretrained SentenceTransformer: sentence-transformers/all-MiniLM-L6-v2
2025-05-04 13:27:14,269 - INFO - Embeddings initialized successfully
2025-05-04 13:27:24,554 - INFO - Loaded: knowledge_base\ASTUlegislation2017.pdf
2025-05-04 13:27:34,981 - INFO - Loaded: knowledge_base\Course_catalogue_Final.pdf
2025-05-04 13:27:35,196 - INFO - Loaded: knowledge_base\PEOs_and_POs_ASTUs_Programs.pdf
2025-05-04 13:27:35,407 - INFO - Loaded: knowledge_base\Program_Accreditations.pdf
2025-05-04 13:29:32,394 - INFO - Loading faiss with AVX2 support.
2025-05-04 13:29:32,415 - INFO - Successfully loaded faiss with AVX2 support.
2025-05-04 13:29:32,420 - INFO - Failed to load GPU Faiss: name 'GpuIndexIVFFlat' is not defined. Will not load constructor refs for GPU indexes.
2025-05-04 13:29:32,552 - INFO - Loaded 1970 chunks from 853 documents
2025-05-04 13:29:32,554 - INFO - File watcher initialized
2025-05-04 13:29:46,435 - INFO - Load pretrained SentenceTransformer: sentence-transformers/all-MiniLM-L6-v2
2025-05-04 13:29:46,777 - INFO - Embeddings initialized successfully
2025-05-04 13:30:04,526 - INFO - Loaded: knowledge_base\ASTUlegislation2017.pdf
2025-05-04 13:30:25,241 - INFO - Loaded: knowledge_base\Course_catalogue_Final.pdf
2025-05-04 13:30:26,208 - INFO - Loaded: knowledge_base\PEOs_and_POs_ASTUs_Programs.pdf
2025-05-04 13:30:27,266 - INFO - Loaded: knowledge_base\Program_Accreditations.pdf
2025-05-04 13:32:52,537 - INFO - Loading faiss with AVX2 support.
2025-05-04 13:32:52,561 - INFO - Successfully loaded faiss with AVX2 support.
2025-05-04 13:32:52,566 - INFO - Failed to load GPU Faiss: name 'GpuIndexIVFFlat' is not defined. Will not load constructor refs for GPU indexes.
2025-05-04 13:32:52,714 - INFO - Loaded 1970 chunks from 853 documents
2025-05-04 13:32:52,718 - INFO - File watcher initialized
2025-05-04 13:34:00,990 - INFO - Load pretrained SentenceTransformer: sentence-transformers/all-MiniLM-L6-v2
2025-05-04 13:34:04,968 - INFO - Embeddings initialized successfully
2025-05-04 13:34:14,807 - INFO - Loaded: knowledge_base\ASTUlegislation2017.pdf
2025-05-04 13:34:25,434 - INFO - Loaded: knowledge_base\Course_catalogue_Final.pdf
2025-05-04 13:34:25,666 - INFO - Loaded: knowledge_base\PEOs_and_POs_ASTUs_Programs.pdf
2025-05-04 13:34:25,888 - INFO - Loaded: knowledge_base\Program_Accreditations.pdf
2025-05-04 13:36:26,683 - INFO - Loading faiss with AVX2 support.
2025-05-04 13:36:26,840 - INFO - Successfully loaded faiss with AVX2 support.
2025-05-04 13:36:26,889 - INFO - Failed to load GPU Faiss: name 'GpuIndexIVFFlat' is not defined. Will not load constructor refs for GPU indexes.
2025-05-04 13:36:27,813 - INFO - Loaded 1970 chunks from 853 documents
2025-05-04 13:36:27,825 - INFO - File watcher initialized
2025-05-04 13:36:41,527 - INFO - Load pretrained SentenceTransformer: sentence-transformers/all-MiniLM-L6-v2
2025-05-04 13:36:48,152 - INFO - Embeddings initialized successfully
2025-05-04 13:36:56,124 - INFO - Loaded: knowledge_base\ASTUlegislation2017.pdf
2025-05-04 13:37:08,871 - INFO - Loaded: knowledge_base\Course_catalogue_Final.pdf
2025-05-04 13:37:09,105 - INFO - Loaded: knowledge_base\PEOs_and_POs_ASTUs_Programs.pdf
2025-05-04 13:37:09,347 - INFO - Loaded: knowledge_base\Program_Accreditations.pdf
2025-05-04 13:37:32,180 - INFO - Load pretrained SentenceTransformer: sentence-transformers/all-MiniLM-L6-v2
2025-05-04 13:37:36,072 - INFO - Embeddings initialized successfully
2025-05-04 13:37:55,189 - INFO - Loaded: knowledge_base\ASTUlegislation2017.pdf
2025-05-04 13:38:16,614 - INFO - Loaded: knowledge_base\Course_catalogue_Final.pdf
2025-05-04 13:38:17,643 - INFO - Loaded: knowledge_base\PEOs_and_POs_ASTUs_Programs.pdf
2025-05-04 13:38:18,705 - INFO - Loaded: knowledge_base\Program_Accreditations.pdf
2025-05-04 13:40:39,577 - INFO - Loading faiss with AVX2 support.
2025-05-04 13:40:39,730 - INFO - Successfully loaded faiss with AVX2 support.
2025-05-04 13:40:39,773 - INFO - Failed to load GPU Faiss: name 'GpuIndexIVFFlat' is not defined. Will not load constructor refs for GPU indexes.
2025-05-04 13:40:40,693 - INFO - Loaded 1970 chunks from 853 documents
2025-05-04 13:40:40,705 - INFO - File watcher initialized
2025-05-04 13:41:01,308 - INFO - Load pretrained SentenceTransformer: sentence-transformers/all-MiniLM-L6-v2
2025-05-04 13:41:15,173 - INFO - Embeddings initialized successfully
2025-05-04 13:41:34,385 - INFO - Loaded: knowledge_base\ASTUlegislation2017.pdf
2025-05-04 13:41:56,001 - INFO - Loaded: knowledge_base\Course_catalogue_Final.pdf
2025-05-04 13:41:57,059 - INFO - Loaded: knowledge_base\PEOs_and_POs_ASTUs_Programs.pdf
2025-05-04 13:41:58,152 - INFO - Loaded: knowledge_base\Program_Accreditations.pdf
2025-05-04 13:44:36,758 - INFO - Load pretrained SentenceTransformer: sentence-transformers/all-MiniLM-L6-v2
2025-05-04 13:44:41,315 - INFO - Embeddings initialized successfully
2025-05-04 13:44:45,397 - INFO - Loaded: knowledge_base\ASTUlegislation2017.pdf
2025-05-04 13:44:58,571 - INFO - Loaded: knowledge_base\Course_catalogue_Final.pdf
2025-05-04 13:45:00,139 - INFO - Loaded: knowledge_base\PEOs_and_POs_ASTUs_Programs.pdf
2025-05-04 13:45:01,914 - INFO - Loaded: knowledge_base\Program_Accreditations.pdf
2025-05-04 13:47:03,441 - INFO - Loading faiss with AVX2 support.
2025-05-04 13:47:03,460 - INFO - Successfully loaded faiss with AVX2 support.
2025-05-04 13:47:03,465 - INFO - Failed to load GPU Faiss: name 'GpuIndexIVFFlat' is not defined. Will not load constructor refs for GPU indexes.
2025-05-04 13:47:03,568 - INFO - Loaded 1970 chunks from 853 documents
2025-05-04 13:47:03,571 - INFO - File watcher initialized
2025-05-04 13:47:22,637 - INFO - Load pretrained SentenceTransformer: sentence-transformers/all-MiniLM-L6-v2
2025-05-04 13:47:26,445 - INFO - Embeddings initialized successfully
2025-05-04 13:48:45,396 - INFO - Loaded: knowledge_base\ASTUlegislation2017.pdf
2025-05-04 13:48:57,924 - INFO - Loaded: knowledge_base\Course_catalogue_Final.pdf
2025-05-04 13:48:58,260 - INFO - Loaded: knowledge_base\PEOs_and_POs_ASTUs_Programs.pdf
2025-05-04 13:48:58,558 - INFO - Loaded: knowledge_base\Program_Accreditations.pdf
2025-05-04 13:51:20,578 - INFO - Loading faiss with AVX2 support.
2025-05-04 13:51:20,748 - INFO - Successfully loaded faiss with AVX2 support.
2025-05-04 13:51:20,795 - INFO - Failed to load GPU Faiss: name 'GpuIndexIVFFlat' is not defined. Will not load constructor refs for GPU indexes.
2025-05-04 13:51:21,905 - INFO - Loaded 1970 chunks from 853 documents
2025-05-04 13:51:21,917 - INFO - File watcher initialized
2025-05-04 13:56:38,490 - INFO - Load pretrained SentenceTransformer: sentence-transformers/all-MiniLM-L6-v2
2025-05-04 13:56:44,218 - INFO - Embeddings initialized successfully
2025-05-04 13:56:53,814 - INFO - Loaded: knowledge_base\ASTUlegislation2017.pdf
2025-05-04 13:57:07,570 - INFO - Loaded: knowledge_base\Course_catalogue_Final.pdf
2025-05-04 13:57:09,966 - INFO - Loaded: knowledge_base\PEOs_and_POs_ASTUs_Programs.pdf
2025-05-04 13:57:10,417 - INFO - Loaded: knowledge_base\Program_Accreditations.pdf
2025-05-04 13:59:17,357 - INFO - Loading faiss with AVX2 support.
2025-05-04 13:59:17,520 - INFO - Successfully loaded faiss with AVX2 support.
2025-05-04 13:59:17,565 - INFO - Failed to load GPU Faiss: name 'GpuIndexIVFFlat' is not defined. Will not load constructor refs for GPU indexes.
2025-05-04 13:59:18,064 - INFO - Loaded 1970 chunks from 853 documents
2025-05-04 13:59:18,066 - INFO - File watcher initialized
2025-05-04 14:00:43,719 - INFO - Load pretrained SentenceTransformer: sentence-transformers/all-MiniLM-L6-v2
2025-05-04 14:00:48,248 - INFO - Embeddings initialized successfully
2025-05-04 14:00:57,702 - INFO - Loaded: knowledge_base\ASTUlegislation2017.pdf
2025-05-04 14:01:12,918 - INFO - Loaded: knowledge_base\Course_catalogue_Final.pdf
2025-05-04 14:01:13,128 - INFO - Loaded: knowledge_base\PEOs_and_POs_ASTUs_Programs.pdf
2025-05-04 14:01:13,398 - INFO - Loaded: knowledge_base\Program_Accreditations.pdf
2025-05-04 14:03:16,578 - INFO - Loading faiss with AVX2 support.
2025-05-04 14:03:16,637 - INFO - Successfully loaded faiss with AVX2 support.
2025-05-04 14:03:16,655 - INFO - Failed to load GPU Faiss: name 'GpuIndexIVFFlat' is not defined. Will not load constructor refs for GPU indexes.
2025-05-04 14:03:16,997 - INFO - Loaded 1970 chunks from 853 documents
2025-05-04 14:03:17,002 - INFO - File watcher initialized
2025-05-04 14:08:54,769 - INFO - Load pretrained SentenceTransformer: sentence-transformers/all-MiniLM-L6-v2
2025-05-04 14:08:59,649 - INFO - Embeddings initialized successfully
2025-05-04 14:09:11,111 - INFO - Loaded: knowledge_base\ASTUlegislation2017.pdf
2025-05-04 14:09:33,130 - INFO - Loaded: knowledge_base\Course_catalogue_Final.pdf
2025-05-04 14:09:34,771 - INFO - Loaded: knowledge_base\PEOs_and_POs_ASTUs_Programs.pdf
2025-05-04 14:09:35,091 - INFO - Loaded: knowledge_base\Program_Accreditations.pdf
2025-05-04 14:12:02,072 - INFO - Loading faiss with AVX2 support.
2025-05-04 14:12:02,129 - INFO - Successfully loaded faiss with AVX2 support.
2025-05-04 14:12:02,146 - INFO - Failed to load GPU Faiss: name 'GpuIndexIVFFlat' is not defined. Will not load constructor refs for GPU indexes.
2025-05-04 14:12:02,571 - INFO - Loaded 1970 chunks from 853 documents
2025-05-04 14:12:02,577 - INFO - File watcher initialized
2025-05-04 14:12:24,088 - INFO - Load pretrained SentenceTransformer: sentence-transformers/all-MiniLM-L6-v2
2025-05-04 14:12:29,136 - INFO - Embeddings initialized successfully
2025-05-04 14:12:48,398 - INFO - Loaded: knowledge_base\ASTUlegislation2017.pdf
2025-05-04 14:13:09,964 - INFO - Loaded: knowledge_base\Course_catalogue_Final.pdf
2025-05-04 14:13:11,000 - INFO - Loaded: knowledge_base\PEOs_and_POs_ASTUs_Programs.pdf
2025-05-04 14:13:12,057 - INFO - Loaded: knowledge_base\Program_Accreditations.pdf
2025-05-04 14:15:31,884 - INFO - Loading faiss with AVX2 support.
2025-05-04 14:15:31,935 - INFO - Successfully loaded faiss with AVX2 support.
2025-05-04 14:15:31,949 - INFO - Failed to load GPU Faiss: name 'GpuIndexIVFFlat' is not defined. Will not load constructor refs for GPU indexes.
2025-05-04 14:15:32,243 - INFO - Loaded 1970 chunks from 853 documents
2025-05-04 14:15:32,248 - INFO - File watcher initialized
2025-05-04 14:19:37,410 - INFO - Load pretrained SentenceTransformer: sentence-transformers/all-MiniLM-L6-v2
2025-05-04 14:19:41,740 - INFO - Embeddings initialized successfully
2025-05-04 14:19:58,293 - INFO - Loaded: knowledge_base\ASTUlegislation2017.pdf
2025-05-04 14:20:09,206 - INFO - Loaded: knowledge_base\Course_catalogue_Final.pdf
2025-05-04 14:20:09,422 - INFO - Loaded: knowledge_base\PEOs_and_POs_ASTUs_Programs.pdf
2025-05-04 14:20:09,647 - INFO - Loaded: knowledge_base\Program_Accreditations.pdf
2025-05-04 14:22:16,511 - INFO - Loading faiss with AVX2 support.
2025-05-04 14:22:16,665 - INFO - Successfully loaded faiss with AVX2 support.
2025-05-04 14:22:16,708 - INFO - Failed to load GPU Faiss: name 'GpuIndexIVFFlat' is not defined. Will not load constructor refs for GPU indexes.
2025-05-04 14:22:17,854 - INFO - Loaded 1970 chunks from 853 documents
2025-05-04 14:22:17,868 - INFO - File watcher initialized
2025-05-04 14:39:01,621 - INFO - Load pretrained SentenceTransformer: sentence-transformers/all-MiniLM-L6-v2
2025-05-04 14:39:07,721 - INFO - Embeddings initialized successfully
2025-05-04 14:39:30,450 - INFO - Loaded: knowledge_base\ASTUlegislation2017.pdf
2025-05-04 14:39:51,935 - INFO - Loaded: knowledge_base\Course_catalogue_Final.pdf
2025-05-04 14:39:52,946 - INFO - Loaded: knowledge_base\PEOs_and_POs_ASTUs_Programs.pdf
2025-05-04 14:39:53,988 - INFO - Loaded: knowledge_base\Program_Accreditations.pdf
2025-05-04 14:42:12,370 - INFO - Loading faiss with AVX2 support.
2025-05-04 14:42:12,395 - INFO - Successfully loaded faiss with AVX2 support.
2025-05-04 14:42:12,400 - INFO - Failed to load GPU Faiss: name 'GpuIndexIVFFlat' is not defined. Will not load constructor refs for GPU indexes.
2025-05-04 14:42:12,526 - INFO - Loaded 1970 chunks from 853 documents
2025-05-04 14:42:12,529 - INFO - File watcher initialized
2025-05-04 15:01:08,169 - INFO - Load pretrained SentenceTransformer: sentence-transformers/all-MiniLM-L6-v2
2025-05-04 15:01:11,668 - INFO - Embeddings initialized successfully
2025-05-04 15:01:21,240 - INFO - Loaded: knowledge_base\ASTUlegislation2017.pdf
2025-05-04 15:01:43,387 - INFO - Loaded: knowledge_base\Course_catalogue_Final.pdf
2025-05-04 15:01:44,455 - INFO - Loaded: knowledge_base\PEOs_and_POs_ASTUs_Programs.pdf
2025-05-04 15:01:45,534 - INFO - Loaded: knowledge_base\Program_Accreditations.pdf
2025-05-04 15:02:24,600 - INFO - Load pretrained SentenceTransformer: sentence-transformers/all-MiniLM-L6-v2
2025-05-04 15:02:30,569 - INFO - Embeddings initialized successfully
2025-05-04 15:02:40,592 - INFO - Loaded: knowledge_base\ASTUlegislation2017.pdf
2025-05-04 15:02:51,269 - INFO - Loaded: knowledge_base\Course_catalogue_Final.pdf
2025-05-04 15:02:51,628 - INFO - Loaded: knowledge_base\PEOs_and_POs_ASTUs_Programs.pdf
2025-05-04 15:02:54,125 - INFO - Loaded: knowledge_base\Program_Accreditations.pdf
2025-05-04 15:05:01,184 - INFO - Loading faiss with AVX2 support.
2025-05-04 15:05:01,204 - INFO - Successfully loaded faiss with AVX2 support.
2025-05-04 15:05:01,209 - INFO - Failed to load GPU Faiss: name 'GpuIndexIVFFlat' is not defined. Will not load constructor refs for GPU indexes.
2025-05-04 15:05:01,308 - INFO - Loaded 1970 chunks from 853 documents
2025-05-04 15:05:01,310 - INFO - File watcher initialized
2025-05-04 15:10:37,431 - INFO - Load pretrained SentenceTransformer: sentence-transformers/all-MiniLM-L6-v2
2025-05-04 15:10:43,267 - INFO - Embeddings initialized successfully
2025-05-04 15:10:52,869 - INFO - Loaded: knowledge_base\ASTUlegislation2017.pdf
2025-05-04 15:11:08,314 - INFO - Loaded: knowledge_base\Course_catalogue_Final.pdf
2025-05-04 15:11:08,514 - INFO - Loaded: knowledge_base\PEOs_and_POs_ASTUs_Programs.pdf
2025-05-04 15:11:08,732 - INFO - Loaded: knowledge_base\Program_Accreditations.pdf
2025-05-04 15:13:13,172 - INFO - Loading faiss with AVX2 support.
2025-05-04 15:13:13,193 - INFO - Successfully loaded faiss with AVX2 support.
2025-05-04 15:13:13,198 - INFO - Failed to load GPU Faiss: name 'GpuIndexIVFFlat' is not defined. Will not load constructor refs for GPU indexes.
2025-05-04 15:13:13,318 - INFO - Loaded 1970 chunks from 853 documents
2025-05-04 15:13:13,320 - INFO - File watcher initialized
2025-05-04 15:14:45,562 - INFO - Load pretrained SentenceTransformer: sentence-transformers/all-MiniLM-L6-v2
2025-05-04 15:14:54,954 - INFO - Embeddings initialized successfully
2025-05-04 15:15:14,818 - INFO - Loaded: knowledge_base\ASTUlegislation2017.pdf
2025-05-04 15:15:35,042 - INFO - Loaded: knowledge_base\Course_catalogue_Final.pdf
2025-05-04 15:15:35,848 - INFO - Loaded: knowledge_base\PEOs_and_POs_ASTUs_Programs.pdf
2025-05-04 15:15:37,122 - INFO - Loaded: knowledge_base\Program_Accreditations.pdf
2025-05-04 15:18:10,277 - INFO - Loading faiss with AVX2 support.
2025-05-04 15:18:10,438 - INFO - Successfully loaded faiss with AVX2 support.
2025-05-04 15:18:10,510 - INFO - Failed to load GPU Faiss: name 'GpuIndexIVFFlat' is not defined. Will not load constructor refs for GPU indexes.
2025-05-04 15:18:10,630 - INFO - Loaded 1970 chunks from 853 documents
2025-05-04 15:18:10,633 - INFO - File watcher initialized
2025-05-04 15:20:17,303 - INFO - Load pretrained SentenceTransformer: sentence-transformers/all-MiniLM-L6-v2
2025-05-04 15:20:22,054 - INFO - Embeddings initialized successfully
2025-05-04 15:20:37,913 - INFO - Loaded: knowledge_base\ASTUlegislation2017.pdf
2025-05-04 15:20:53,953 - INFO - Loaded: knowledge_base\Course_catalogue_Final.pdf
2025-05-04 15:20:54,162 - INFO - Loaded: knowledge_base\PEOs_and_POs_ASTUs_Programs.pdf
2025-05-04 15:20:54,513 - INFO - Loaded: knowledge_base\Program_Accreditations.pdf
2025-05-04 15:26:35,734 - INFO - Load pretrained SentenceTransformer: sentence-transformers/all-MiniLM-L6-v2
2025-05-04 15:26:40,428 - INFO - Embeddings initialized successfully
2025-05-04 15:26:42,266 - INFO - Loading faiss with AVX2 support.
2025-05-04 15:26:42,432 - INFO - Successfully loaded faiss with AVX2 support.
2025-05-04 15:26:42,473 - INFO - Failed to load GPU Faiss: name 'GpuIndexIVFFlat' is not defined. Will not load constructor refs for GPU indexes.
2025-05-04 15:26:43,454 - INFO - Loaded 1970 chunks from 853 documents
2025-05-04 15:26:43,472 - INFO - File watcher initialized
2025-05-04 15:26:55,517 - INFO - Loaded: knowledge_base\ASTUlegislation2017.pdf
2025-05-04 15:27:06,175 - INFO - Loaded: knowledge_base\Course_catalogue_Final.pdf
2025-05-04 15:27:08,539 - INFO - Loaded: knowledge_base\PEOs_and_POs_ASTUs_Programs.pdf
2025-05-04 15:27:10,959 - INFO - Loaded: knowledge_base\Program_Accreditations.pdf
2025-05-04 15:29:15,491 - INFO - Loading faiss with AVX2 support.
2025-05-04 15:29:15,512 - INFO - Successfully loaded faiss with AVX2 support.
2025-05-04 15:29:15,517 - INFO - Failed to load GPU Faiss: name 'GpuIndexIVFFlat' is not defined. Will not load constructor refs for GPU indexes.
2025-05-04 15:29:15,620 - INFO - Loaded 1970 chunks from 853 documents
2025-05-04 15:29:15,623 - INFO - File watcher initialized
2025-05-04 15:32:42,958 - INFO - Load pretrained SentenceTransformer: sentence-transformers/all-MiniLM-L6-v2
2025-05-04 15:32:51,364 - INFO - Embeddings initialized successfully
2025-05-04 15:33:03,808 - INFO - Loaded: knowledge_base\ASTUlegislation2017.pdf
2025-05-04 15:33:17,548 - INFO - Loaded: knowledge_base\Course_catalogue_Final.pdf
2025-05-04 15:33:17,808 - INFO - Loaded: knowledge_base\PEOs_and_POs_ASTUs_Programs.pdf
2025-05-04 15:33:18,022 - INFO - Loaded: knowledge_base\Program_Accreditations.pdf
2025-05-04 15:35:28,739 - INFO - Loading faiss with AVX2 support.
2025-05-04 15:35:28,760 - INFO - Successfully loaded faiss with AVX2 support.
2025-05-04 15:35:28,765 - INFO - Failed to load GPU Faiss: name 'GpuIndexIVFFlat' is not defined. Will not load constructor refs for GPU indexes.
2025-05-04 15:35:28,900 - INFO - Loaded 1970 chunks from 853 documents
2025-05-04 15:35:28,904 - INFO - File watcher initialized
2025-05-04 15:44:55,586 - INFO - Load pretrained SentenceTransformer: sentence-transformers/all-MiniLM-L6-v2
2025-05-04 15:45:00,354 - INFO - Embeddings initialized successfully
2025-05-04 15:45:10,919 - INFO - Loaded: knowledge_base\ASTUlegislation2017.pdf
2025-05-04 15:45:21,956 - INFO - Loaded: knowledge_base\Course_catalogue_Final.pdf
2025-05-04 15:45:22,538 - INFO - Loaded: knowledge_base\PEOs_and_POs_ASTUs_Programs.pdf
2025-05-04 15:45:25,289 - INFO - Loaded: knowledge_base\Program_Accreditations.pdf
2025-05-04 15:47:31,778 - INFO - Loading faiss with AVX2 support.
2025-05-04 15:47:31,939 - INFO - Successfully loaded faiss with AVX2 support.
2025-05-04 15:47:31,988 - INFO - Failed to load GPU Faiss: name 'GpuIndexIVFFlat' is not defined. Will not load constructor refs for GPU indexes.
2025-05-04 15:47:32,980 - INFO - Loaded 1970 chunks from 853 documents
2025-05-04 15:47:32,994 - INFO - File watcher initialized
2025-05-04 15:48:55,029 - INFO - Load pretrained SentenceTransformer: sentence-transformers/all-MiniLM-L6-v2
2025-05-04 15:48:58,408 - INFO - Embeddings initialized successfully
2025-05-04 15:49:08,481 - INFO - Loaded: knowledge_base\ASTUlegislation2017.pdf
2025-05-04 15:49:24,693 - INFO - Loaded: knowledge_base\Course_catalogue_Final.pdf
2025-05-04 15:49:25,072 - INFO - Loaded: knowledge_base\PEOs_and_POs_ASTUs_Programs.pdf
2025-05-04 15:49:25,293 - INFO - Loaded: knowledge_base\Program_Accreditations.pdf
2025-05-04 15:51:36,721 - INFO - Loading faiss with AVX2 support.
2025-05-04 15:51:36,886 - INFO - Successfully loaded faiss with AVX2 support.
2025-05-04 15:51:36,928 - INFO - Failed to load GPU Faiss: name 'GpuIndexIVFFlat' is not defined. Will not load constructor refs for GPU indexes.
2025-05-04 15:51:37,918 - INFO - Loaded 1970 chunks from 853 documents
2025-05-04 15:51:37,931 - INFO - File watcher initialized
2025-05-04 15:53:52,388 - INFO - Load pretrained SentenceTransformer: sentence-transformers/all-MiniLM-L6-v2
2025-05-04 15:53:56,133 - INFO - Embeddings initialized successfully
2025-05-04 15:54:12,687 - INFO - Loaded: knowledge_base\ASTUlegislation2017.pdf
2025-05-04 15:54:23,830 - INFO - Loaded: knowledge_base\Course_catalogue_Final.pdf
2025-05-04 15:54:26,392 - INFO - Loaded: knowledge_base\PEOs_and_POs_ASTUs_Programs.pdf
2025-05-04 15:54:29,049 - INFO - Loaded: knowledge_base\Program_Accreditations.pdf
2025-05-04 15:55:35,038 - INFO - Loading faiss with AVX2 support.
2025-05-04 15:55:35,067 - INFO - Successfully loaded faiss with AVX2 support.
2025-05-04 15:55:35,074 - INFO - Failed to load GPU Faiss: name 'GpuIndexIVFFlat' is not defined. Will not load constructor refs for GPU indexes.
2025-05-04 15:55:35,248 - INFO - Loaded 1970 chunks from 853 documents
2025-05-04 15:55:35,251 - INFO - File watcher initialized
2025-05-04 15:55:36,459 - INFO - C:\Users\urjii\OneDrive\Desktop\project\integrated-web-app\chatbot\migrations\0001_initial.py changed, reloading.
2025-05-04 15:55:44,365 - INFO - Load pretrained SentenceTransformer: sentence-transformers/all-MiniLM-L6-v2
2025-05-04 15:55:45,050 - INFO - Load pretrained SentenceTransformer: sentence-transformers/all-MiniLM-L6-v2
2025-05-04 15:55:47,521 - INFO - Embeddings initialized successfully
2025-05-04 15:55:48,307 - INFO - Embeddings initialized successfully
2025-05-04 15:55:52,828 - INFO - Loaded: knowledge_base\ASTUlegislation2017.pdf
2025-05-04 15:55:53,511 - INFO - Loaded: knowledge_base\ASTUlegislation2017.pdf
2025-05-04 15:55:58,385 - INFO - Loaded: knowledge_base\Course_catalogue_Final.pdf
2025-05-04 15:55:58,696 - INFO - Loaded: knowledge_base\PEOs_and_POs_ASTUs_Programs.pdf
2025-05-04 15:55:58,971 - INFO - Loaded: knowledge_base\Program_Accreditations.pdf
2025-05-04 15:55:59,853 - INFO - Loaded: knowledge_base\Course_catalogue_Final.pdf
2025-05-04 15:56:00,636 - INFO - Loaded: knowledge_base\PEOs_and_POs_ASTUs_Programs.pdf
2025-05-04 15:56:01,409 - INFO - Loaded: knowledge_base\Program_Accreditations.pdf
2025-05-04 15:57:48,244 - INFO - Loading faiss with AVX2 support.
2025-05-04 15:57:48,279 - INFO - Loading faiss with AVX2 support.
2025-05-04 15:57:48,282 - INFO - Successfully loaded faiss with AVX2 support.
2025-05-04 15:57:48,291 - INFO - Failed to load GPU Faiss: name 'GpuIndexIVFFlat' is not defined. Will not load constructor refs for GPU indexes.
2025-05-04 15:57:48,313 - INFO - Successfully loaded faiss with AVX2 support.
2025-05-04 15:57:48,324 - INFO - Failed to load GPU Faiss: name 'GpuIndexIVFFlat' is not defined. Will not load constructor refs for GPU indexes.
2025-05-04 15:57:48,481 - INFO - Loaded 1970 chunks from 853 documents
2025-05-04 15:57:48,486 - INFO - File watcher initialized
2025-05-04 15:57:48,519 - INFO - Loaded 1970 chunks from 853 documents
2025-05-04 15:57:48,522 - INFO - File watcher initialized
2025-05-04 15:59:25,017 - INFO - C:\Users\urjii\OneDrive\Desktop\project\integrated-web-app\myproject\settings.py changed, reloading.
2025-05-04 15:59:47,055 - INFO - Load pretrained SentenceTransformer: sentence-transformers/all-MiniLM-L6-v2
2025-05-04 15:59:51,335 - INFO - Embeddings initialized successfully
2025-05-04 15:59:59,002 - INFO - Loaded: knowledge_base\ASTUlegislation2017.pdf
2025-05-04 16:00:03,786 - INFO - Loaded: knowledge_base\Course_catalogue_Final.pdf
2025-05-04 16:00:03,997 - INFO - Loaded: knowledge_base\PEOs_and_POs_ASTUs_Programs.pdf
2025-05-04 16:00:04,355 - INFO - Loaded: knowledge_base\Program_Accreditations.pdf
2025-05-04 16:01:21,883 - INFO - Loading faiss with AVX2 support.
2025-05-04 16:01:21,926 - INFO - Successfully loaded faiss with AVX2 support.
2025-05-04 16:01:21,939 - INFO - Failed to load GPU Faiss: name 'GpuIndexIVFFlat' is not defined. Will not load constructor refs for GPU indexes.
2025-05-04 16:01:22,116 - INFO - Loaded 1970 chunks from 853 documents
2025-05-04 16:01:22,120 - INFO - File watcher initialized
2025-05-05 14:45:46,718 - INFO - Load pretrained SentenceTransformer: sentence-transformers/all-MiniLM-L6-v2
2025-05-05 14:45:52,026 - INFO - Embeddings initialized successfully
2025-05-05 14:45:56,655 - INFO - Loaded: knowledge_base\ASTUlegislation2017.pdf
2025-05-05 14:46:01,261 - INFO - Loaded: knowledge_base\Course_catalogue_Final.pdf
2025-05-05 14:46:01,513 - INFO - Loaded: knowledge_base\PEOs_and_POs_ASTUs_Programs.pdf
2025-05-05 14:46:01,750 - INFO - Loaded: knowledge_base\Program_Accreditations.pdf
2025-05-05 14:46:48,640 - INFO - Loading faiss with AVX2 support.
2025-05-05 14:46:48,919 - INFO - Successfully loaded faiss with AVX2 support.
2025-05-05 14:46:48,932 - INFO - Failed to load GPU Faiss: name 'GpuIndexIVFFlat' is not defined. Will not load constructor refs for GPU indexes.
2025-05-05 14:46:49,130 - INFO - Loaded 1970 chunks from 853 documents
2025-05-05 14:46:49,133 - INFO - File watcher initialized
2025-05-05 14:47:13,230 - INFO - Load pretrained SentenceTransformer: sentence-transformers/all-MiniLM-L6-v2
2025-05-05 14:47:16,740 - INFO - Embeddings initialized successfully
2025-05-05 14:47:20,783 - INFO - Loaded: knowledge_base\ASTUlegislation2017.pdf
2025-05-05 14:47:25,282 - INFO - Loaded: knowledge_base\Course_catalogue_Final.pdf
2025-05-05 14:47:25,558 - INFO - Loaded: knowledge_base\PEOs_and_POs_ASTUs_Programs.pdf
2025-05-05 14:47:25,869 - INFO - Loaded: knowledge_base\Program_Accreditations.pdf
2025-05-05 14:48:19,010 - INFO - Loading faiss with AVX2 support.
2025-05-05 14:48:19,038 - INFO - Successfully loaded faiss with AVX2 support.
2025-05-05 14:48:19,044 - INFO - Failed to load GPU Faiss: name 'GpuIndexIVFFlat' is not defined. Will not load constructor refs for GPU indexes.
2025-05-05 14:48:19,188 - INFO - Loaded 1970 chunks from 853 documents
2025-05-05 14:48:19,191 - INFO - File watcher initialized
2025-05-05 14:52:02,099 - INFO - Load pretrained SentenceTransformer: sentence-transformers/all-MiniLM-L6-v2
2025-05-05 14:52:05,596 - INFO - Embeddings initialized successfully
2025-05-05 14:52:10,107 - INFO - Loaded: knowledge_base\ASTUlegislation2017.pdf
2025-05-05 14:52:14,649 - INFO - Loaded: knowledge_base\Course_catalogue_Final.pdf
2025-05-05 14:52:14,860 - INFO - Loaded: knowledge_base\PEOs_and_POs_ASTUs_Programs.pdf
2025-05-05 14:52:15,079 - INFO - Loaded: knowledge_base\Program_Accreditations.pdf
2025-05-05 14:53:01,414 - INFO - Loading faiss with AVX2 support.
2025-05-05 14:53:01,442 - INFO - Successfully loaded faiss with AVX2 support.
2025-05-05 14:53:01,449 - INFO - Failed to load GPU Faiss: name 'GpuIndexIVFFlat' is not defined. Will not load constructor refs for GPU indexes.
2025-05-05 14:53:01,620 - INFO - Loaded 1970 chunks from 853 documents
2025-05-05 14:53:01,623 - INFO - File watcher initialized
2025-05-05 14:54:40,213 - INFO - Load pretrained SentenceTransformer: sentence-transformers/all-MiniLM-L6-v2
2025-05-05 14:54:43,506 - INFO - Embeddings initialized successfully
2025-05-05 14:54:48,283 - INFO - Loaded: knowledge_base\ASTUlegislation2017.pdf
2025-05-05 14:54:55,743 - INFO - Loaded: knowledge_base\Course_catalogue_Final.pdf
2025-05-05 14:54:55,950 - INFO - Loaded: knowledge_base\PEOs_and_POs_ASTUs_Programs.pdf
2025-05-05 14:54:56,171 - INFO - Loaded: knowledge_base\Program_Accreditations.pdf
2025-05-05 14:55:53,610 - INFO - Loading faiss with AVX2 support.
2025-05-05 14:55:53,652 - INFO - Successfully loaded faiss with AVX2 support.
2025-05-05 14:55:53,667 - INFO - Failed to load GPU Faiss: name 'GpuIndexIVFFlat' is not defined. Will not load constructor refs for GPU indexes.
2025-05-05 14:55:53,905 - INFO - Loaded 1970 chunks from 853 documents
2025-05-05 14:55:53,909 - INFO - File watcher initialized
2025-05-05 14:56:37,586 - WARNING - Not Found: /conversations/
2025-05-05 14:58:31,322 - INFO - C:\Users\urjii\OneDrive\Desktop\project\integrated-web-app\myproject\urls.py changed, reloading.
2025-05-05 14:58:39,958 - INFO - Load pretrained SentenceTransformer: sentence-transformers/all-MiniLM-L6-v2
2025-05-05 14:58:43,301 - INFO - Embeddings initialized successfully
2025-05-05 14:58:52,183 - INFO - Loaded: knowledge_base\ASTUlegislation2017.pdf
2025-05-05 14:59:04,470 - INFO - Loaded: knowledge_base\Course_catalogue_Final.pdf
2025-05-05 14:59:05,055 - INFO - Loaded: knowledge_base\PEOs_and_POs_ASTUs_Programs.pdf
2025-05-05 14:59:05,683 - INFO - Loaded: knowledge_base\Program_Accreditations.pdf
2025-05-05 14:59:58,917 - INFO - Loading faiss with AVX2 support.
2025-05-05 14:59:58,943 - INFO - Successfully loaded faiss with AVX2 support.
2025-05-05 14:59:58,950 - INFO - Failed to load GPU Faiss: name 'GpuIndexIVFFlat' is not defined. Will not load constructor refs for GPU indexes.
2025-05-05 14:59:59,089 - INFO - Loaded 1970 chunks from 853 documents
2025-05-05 14:59:59,092 - INFO - File watcher initialized
2025-05-05 15:00:29,929 - WARNING - Unauthorized: /api/conversations/
2025-05-05 15:01:15,024 - INFO - Load pretrained SentenceTransformer: sentence-transformers/all-MiniLM-L6-v2
2025-05-05 15:01:18,476 - INFO - Embeddings initialized successfully
2025-05-05 15:01:22,729 - INFO - Loaded: knowledge_base\ASTUlegislation2017.pdf
2025-05-05 15:01:27,377 - INFO - Loaded: knowledge_base\Course_catalogue_Final.pdf
2025-05-05 15:01:27,586 - INFO - Loaded: knowledge_base\PEOs_and_POs_ASTUs_Programs.pdf
2025-05-05 15:01:27,804 - INFO - Loaded: knowledge_base\Program_Accreditations.pdf
2025-05-05 15:02:29,667 - INFO - Loading faiss with AVX2 support.
2025-05-05 15:02:29,697 - INFO - Successfully loaded faiss with AVX2 support.
2025-05-05 15:02:29,706 - INFO - Failed to load GPU Faiss: name 'GpuIndexIVFFlat' is not defined. Will not load constructor refs for GPU indexes.
2025-05-05 15:02:29,887 - INFO - Loaded 1970 chunks from 853 documents
2025-05-05 15:02:29,892 - INFO - File watcher initialized
2025-05-05 15:05:50,534 - INFO - C:\Users\urjii\OneDrive\Desktop\project\integrated-web-app\chatbot\views.py changed, reloading.
2025-05-05 15:05:59,129 - INFO - Load pretrained SentenceTransformer: sentence-transformers/all-MiniLM-L6-v2
2025-05-05 15:06:13,602 - INFO - Embeddings initialized successfully
2025-05-05 15:06:18,252 - INFO - Loaded: knowledge_base\ASTUlegislation2017.pdf
2025-05-05 15:06:23,175 - INFO - Loaded: knowledge_base\Course_catalogue_Final.pdf
2025-05-05 15:06:23,395 - INFO - Loaded: knowledge_base\PEOs_and_POs_ASTUs_Programs.pdf
2025-05-05 15:06:23,618 - INFO - Loaded: knowledge_base\Program_Accreditations.pdf
2025-05-05 15:07:26,086 - INFO - Loading faiss with AVX2 support.
2025-05-05 15:07:26,115 - INFO - Successfully loaded faiss with AVX2 support.
2025-05-05 15:07:26,122 - INFO - Failed to load GPU Faiss: name 'GpuIndexIVFFlat' is not defined. Will not load constructor refs for GPU indexes.
2025-05-05 15:07:26,261 - INFO - Loaded 1970 chunks from 853 documents
2025-05-05 15:07:26,264 - INFO - File watcher initialized
2025-05-05 15:07:32,319 - WARNING - Unauthorized: /api/conversations/
2025-05-05 15:10:27,428 - INFO - C:\Users\urjii\OneDrive\Desktop\project\integrated-web-app\chatbot\views.py changed, reloading.
2025-05-05 15:10:35,812 - INFO - Load pretrained SentenceTransformer: sentence-transformers/all-MiniLM-L6-v2
2025-05-05 15:10:39,238 - INFO - Embeddings initialized successfully
2025-05-05 15:10:43,727 - INFO - Loaded: knowledge_base\ASTUlegislation2017.pdf
2025-05-05 15:10:48,826 - INFO - Loaded: knowledge_base\Course_catalogue_Final.pdf
2025-05-05 15:10:49,048 - INFO - Loaded: knowledge_base\PEOs_and_POs_ASTUs_Programs.pdf
2025-05-05 15:10:49,281 - INFO - Loaded: knowledge_base\Program_Accreditations.pdf
2025-05-05 15:11:47,543 - INFO - Loading faiss with AVX2 support.
2025-05-05 15:11:47,570 - INFO - Successfully loaded faiss with AVX2 support.
2025-05-05 15:11:47,577 - INFO - Failed to load GPU Faiss: name 'GpuIndexIVFFlat' is not defined. Will not load constructor refs for GPU indexes.
2025-05-05 15:11:47,715 - INFO - Loaded 1970 chunks from 853 documents
2025-05-05 15:11:47,718 - INFO - File watcher initialized
2025-05-05 15:12:26,256 - WARNING - Bad Request: /api/conversations/
2025-05-05 15:14:14,600 - ERROR - Internal Server Error: /api/conversations/
Traceback (most recent call last):
  File "C:\Users\urjii\OneDrive\Desktop\project\integrated-web-app\venv\Lib\site-packages\django\db\backends\utils.py", line 105, in _execute
    return self.cursor.execute(sql, params)
           ~~~~~~~~~~~~~~~~~~~^^^^^^^^^^^^^
psycopg2.errors.UndefinedColumn: column "is_deleted" of relation "chatbot_conversation" does not exist
LINE 1: ...nversation" ("title", "created_at", "updated_at", "is_delete...
                                                             ^


The above exception was the direct cause of the following exception:

Traceback (most recent call last):
  File "C:\Users\urjii\OneDrive\Desktop\project\integrated-web-app\venv\Lib\site-packages\django\core\handlers\exception.py", line 55, in inner
    response = get_response(request)
  File "C:\Users\urjii\OneDrive\Desktop\project\integrated-web-app\venv\Lib\site-packages\django\core\handlers\base.py", line 197, in _get_response
    response = wrapped_callback(request, *callback_args, **callback_kwargs)
  File "C:\Users\urjii\OneDrive\Desktop\project\integrated-web-app\venv\Lib\site-packages\django\views\decorators\csrf.py", line 65, in _view_wrapper
    return view_func(request, *args, **kwargs)
  File "C:\Users\urjii\OneDrive\Desktop\project\integrated-web-app\venv\Lib\site-packages\django\views\generic\base.py", line 104, in view
    return self.dispatch(request, *args, **kwargs)
           ~~~~~~~~~~~~~^^^^^^^^^^^^^^^^^^^^^^^^^^
  File "C:\Users\urjii\OneDrive\Desktop\project\integrated-web-app\venv\Lib\site-packages\rest_framework\views.py", line 515, in dispatch
    response = self.handle_exception(exc)
  File "C:\Users\urjii\OneDrive\Desktop\project\integrated-web-app\venv\Lib\site-packages\rest_framework\views.py", line 475, in handle_exception
    self.raise_uncaught_exception(exc)
    ~~~~~~~~~~~~~~~~~~~~~~~~~~~~~^^^^^
  File "C:\Users\urjii\OneDrive\Desktop\project\integrated-web-app\venv\Lib\site-packages\rest_framework\views.py", line 486, in raise_uncaught_exception
    raise exc
  File "C:\Users\urjii\OneDrive\Desktop\project\integrated-web-app\venv\Lib\site-packages\rest_framework\views.py", line 512, in dispatch
    response = handler(request, *args, **kwargs)
  File "C:\Users\urjii\OneDrive\Desktop\project\integrated-web-app\venv\Lib\site-packages\rest_framework\generics.py", line 246, in post
    return self.create(request, *args, **kwargs)
           ~~~~~~~~~~~^^^^^^^^^^^^^^^^^^^^^^^^^^
  File "C:\Users\urjii\OneDrive\Desktop\project\integrated-web-app\venv\Lib\site-packages\rest_framework\mixins.py", line 19, in create
    self.perform_create(serializer)
    ~~~~~~~~~~~~~~~~~~~^^^^^^^^^^^^
  File "C:\Users\urjii\OneDrive\Desktop\project\integrated-web-app\venv\Lib\site-packages\rest_framework\mixins.py", line 24, in perform_create
    serializer.save()
    ~~~~~~~~~~~~~~~^^
  File "C:\Users\urjii\OneDrive\Desktop\project\integrated-web-app\venv\Lib\site-packages\rest_framework\serializers.py", line 210, in save
    self.instance = self.create(validated_data)
                    ~~~~~~~~~~~^^^^^^^^^^^^^^^^
  File "C:\Users\urjii\OneDrive\Desktop\project\integrated-web-app\chatbot\serializers.py", line 17, in create
    return Conversation.objects.create(**validated_data)
           ~~~~~~~~~~~~~~~~~~~~~~~~~~~^^^^^^^^^^^^^^^^^^
  File "C:\Users\urjii\OneDrive\Desktop\project\integrated-web-app\venv\Lib\site-packages\django\db\models\manager.py", line 87, in manager_method
    return getattr(self.get_queryset(), name)(*args, **kwargs)
           ~~~~~~~~~~~~~~~~~~~~~~~~~~~~~~~~~~^^^^^^^^^^^^^^^^^
  File "C:\Users\urjii\OneDrive\Desktop\project\integrated-web-app\venv\Lib\site-packages\django\db\models\query.py", line 663, in create
    obj.save(force_insert=True, using=self.db)
    ~~~~~~~~^^^^^^^^^^^^^^^^^^^^^^^^^^^^^^^^^^
  File "C:\Users\urjii\OneDrive\Desktop\project\integrated-web-app\venv\Lib\site-packages\django\db\models\base.py", line 902, in save
    self.save_base(
    ~~~~~~~~~~~~~~^
        using=using,
        ^^^^^^^^^^^^
    ...<2 lines>...
        update_fields=update_fields,
        ^^^^^^^^^^^^^^^^^^^^^^^^^^^^
    )
    ^
  File "C:\Users\urjii\OneDrive\Desktop\project\integrated-web-app\venv\Lib\site-packages\django\db\models\base.py", line 1008, in save_base
    updated = self._save_table(
        raw,
    ...<4 lines>...
        update_fields,
    )
  File "C:\Users\urjii\OneDrive\Desktop\project\integrated-web-app\venv\Lib\site-packages\django\db\models\base.py", line 1169, in _save_table
    results = self._do_insert(
        cls._base_manager, using, fields, returning_fields, raw
    )
  File "C:\Users\urjii\OneDrive\Desktop\project\integrated-web-app\venv\Lib\site-packages\django\db\models\base.py", line 1210, in _do_insert
    return manager._insert(
           ~~~~~~~~~~~~~~~^
        [self],
        ^^^^^^^
    ...<3 lines>...
        raw=raw,
        ^^^^^^^^
    )
    ^
  File "C:\Users\urjii\OneDrive\Desktop\project\integrated-web-app\venv\Lib\site-packages\django\db\models\manager.py", line 87, in manager_method
    return getattr(self.get_queryset(), name)(*args, **kwargs)
           ~~~~~~~~~~~~~~~~~~~~~~~~~~~~~~~~~~^^^^^^^^^^^^^^^^^
  File "C:\Users\urjii\OneDrive\Desktop\project\integrated-web-app\venv\Lib\site-packages\django\db\models\query.py", line 1854, in _insert
    return query.get_compiler(using=using).execute_sql(returning_fields)
           ~~~~~~~~~~~~~~~~~~~~~~~~~~~~~~~~~~~~~~~~~~~^^^^^^^^^^^^^^^^^^
  File "C:\Users\urjii\OneDrive\Desktop\project\integrated-web-app\venv\Lib\site-packages\django\db\models\sql\compiler.py", line 1881, in execute_sql
    cursor.execute(sql, params)
    ~~~~~~~~~~~~~~^^^^^^^^^^^^^
  File "C:\Users\urjii\OneDrive\Desktop\project\integrated-web-app\venv\Lib\site-packages\django\db\backends\utils.py", line 122, in execute
    return super().execute(sql, params)
           ~~~~~~~~~~~~~~~^^^^^^^^^^^^^
  File "C:\Users\urjii\OneDrive\Desktop\project\integrated-web-app\venv\Lib\site-packages\django\db\backends\utils.py", line 79, in execute
    return self._execute_with_wrappers(
           ~~~~~~~~~~~~~~~~~~~~~~~~~~~^
        sql, params, many=False, executor=self._execute
        ^^^^^^^^^^^^^^^^^^^^^^^^^^^^^^^^^^^^^^^^^^^^^^^
    )
    ^
  File "C:\Users\urjii\OneDrive\Desktop\project\integrated-web-app\venv\Lib\site-packages\django\db\backends\utils.py", line 92, in _execute_with_wrappers
    return executor(sql, params, many, context)
  File "C:\Users\urjii\OneDrive\Desktop\project\integrated-web-app\venv\Lib\site-packages\django\db\backends\utils.py", line 100, in _execute
    with self.db.wrap_database_errors:
         ^^^^^^^^^^^^^^^^^^^^^^^^^^^^
  File "C:\Users\urjii\OneDrive\Desktop\project\integrated-web-app\venv\Lib\site-packages\django\db\utils.py", line 91, in __exit__
    raise dj_exc_value.with_traceback(traceback) from exc_value
  File "C:\Users\urjii\OneDrive\Desktop\project\integrated-web-app\venv\Lib\site-packages\django\db\backends\utils.py", line 105, in _execute
    return self.cursor.execute(sql, params)
           ~~~~~~~~~~~~~~~~~~~^^^^^^^^^^^^^
django.db.utils.ProgrammingError: column "is_deleted" of relation "chatbot_conversation" does not exist
LINE 1: ...nversation" ("title", "created_at", "updated_at", "is_delete...
                                                             ^

2025-05-05 15:15:35,859 - INFO - C:\Users\urjii\OneDrive\Desktop\project\integrated-web-app\chatbot\serializers.py changed, reloading.
2025-05-05 15:15:43,768 - INFO - Load pretrained SentenceTransformer: sentence-transformers/all-MiniLM-L6-v2
2025-05-05 15:15:47,280 - INFO - Embeddings initialized successfully
2025-05-05 15:15:51,530 - INFO - Loaded: knowledge_base\ASTUlegislation2017.pdf
2025-05-05 15:15:56,328 - INFO - Loaded: knowledge_base\Course_catalogue_Final.pdf
2025-05-05 15:15:56,547 - INFO - Loaded: knowledge_base\PEOs_and_POs_ASTUs_Programs.pdf
2025-05-05 15:15:56,765 - INFO - Loaded: knowledge_base\Program_Accreditations.pdf
2025-05-05 15:17:18,539 - INFO - Loading faiss with AVX2 support.
2025-05-05 15:17:18,560 - INFO - Successfully loaded faiss with AVX2 support.
2025-05-05 15:17:18,565 - INFO - Failed to load GPU Faiss: name 'GpuIndexIVFFlat' is not defined. Will not load constructor refs for GPU indexes.
2025-05-05 15:17:18,676 - INFO - Loaded 1970 chunks from 853 documents
2025-05-05 15:17:18,679 - INFO - File watcher initialized
2025-05-05 15:17:21,949 - INFO - C:\Users\urjii\OneDrive\Desktop\project\integrated-web-app\chatbot\serializers.py changed, reloading.
2025-05-05 15:17:30,216 - INFO - Load pretrained SentenceTransformer: sentence-transformers/all-MiniLM-L6-v2
2025-05-05 15:17:34,340 - INFO - Embeddings initialized successfully
2025-05-05 15:17:44,010 - INFO - Loaded: knowledge_base\ASTUlegislation2017.pdf
2025-05-05 15:17:53,198 - INFO - Loaded: knowledge_base\Course_catalogue_Final.pdf
2025-05-05 15:17:53,403 - INFO - Loaded: knowledge_base\PEOs_and_POs_ASTUs_Programs.pdf
2025-05-05 15:17:53,625 - INFO - Loaded: knowledge_base\Program_Accreditations.pdf
2025-05-05 15:19:16,044 - INFO - Loading faiss with AVX2 support.
2025-05-05 15:19:16,074 - INFO - Successfully loaded faiss with AVX2 support.
2025-05-05 15:19:16,082 - INFO - Failed to load GPU Faiss: name 'GpuIndexIVFFlat' is not defined. Will not load constructor refs for GPU indexes.
2025-05-05 15:19:16,230 - INFO - Loaded 1970 chunks from 853 documents
2025-05-05 15:19:16,234 - INFO - File watcher initialized
2025-05-05 15:20:35,372 - WARNING - Bad Request: /api/conversations/
2025-05-05 15:27:01,872 - INFO - C:\Users\urjii\OneDrive\Desktop\project\integrated-web-app\chatbot\llm_integration.py changed, reloading.
2025-05-05 15:27:13,892 - INFO - Load pretrained SentenceTransformer: sentence-transformers/all-MiniLM-L6-v2
2025-05-05 15:27:17,158 - INFO - Embeddings initialized successfully
2025-05-05 15:27:21,464 - INFO - Loaded: knowledge_base\ASTUlegislation2017.pdf
2025-05-05 15:27:26,377 - INFO - Loaded: knowledge_base\Course_catalogue_Final.pdf
2025-05-05 15:27:26,615 - INFO - Loaded: knowledge_base\PEOs_and_POs_ASTUs_Programs.pdf
2025-05-05 15:27:26,972 - INFO - Loaded: knowledge_base\Program_Accreditations.pdf
2025-05-05 15:28:27,015 - INFO - Loading faiss with AVX2 support.
2025-05-05 15:28:27,056 - INFO - Successfully loaded faiss with AVX2 support.
2025-05-05 15:28:27,064 - INFO - Failed to load GPU Faiss: name 'GpuIndexIVFFlat' is not defined. Will not load constructor refs for GPU indexes.
2025-05-05 15:28:27,223 - INFO - Loaded 1970 chunks from 853 documents
2025-05-05 15:28:27,227 - INFO - File watcher initialized
2025-05-05 15:29:05,936 - INFO - C:\Users\urjii\OneDrive\Desktop\project\integrated-web-app\myproject\settings.py changed, reloading.
2025-05-05 15:29:14,413 - INFO - Load pretrained SentenceTransformer: sentence-transformers/all-MiniLM-L6-v2
2025-05-05 15:29:18,814 - INFO - Embeddings initialized successfully
2025-05-05 15:29:24,528 - INFO - Loaded: knowledge_base\ASTUlegislation2017.pdf
2025-05-05 15:29:29,478 - INFO - Loaded: knowledge_base\Course_catalogue_Final.pdf
2025-05-05 15:29:29,691 - INFO - Loaded: knowledge_base\PEOs_and_POs_ASTUs_Programs.pdf
2025-05-05 15:29:29,923 - INFO - Loaded: knowledge_base\Program_Accreditations.pdf
2025-05-05 15:30:45,524 - INFO - Loading faiss with AVX2 support.
2025-05-05 15:30:45,555 - INFO - Successfully loaded faiss with AVX2 support.
2025-05-05 15:30:45,563 - INFO - Failed to load GPU Faiss: name 'GpuIndexIVFFlat' is not defined. Will not load constructor refs for GPU indexes.
2025-05-05 15:30:45,716 - INFO - Loaded 1970 chunks from 853 documents
2025-05-05 15:30:45,719 - INFO - File watcher initialized
2025-05-05 15:31:35,815 - WARNING - Not Found: /conversations/
2025-05-05 15:31:36,056 - WARNING - Not Found: /chat/stream/
2025-05-05 15:37:07,728 - ERROR - Internal Server Error: /api/conversations/
Traceback (most recent call last):
  File "C:\Users\urjii\OneDrive\Desktop\project\integrated-web-app\venv\Lib\site-packages\django\db\backends\utils.py", line 105, in _execute
    return self.cursor.execute(sql, params)
           ~~~~~~~~~~~~~~~~~~~^^^^^^^^^^^^^
psycopg2.errors.UndefinedColumn: column "is_deleted" of relation "chatbot_conversation" does not exist
LINE 1: ...nversation" ("title", "created_at", "updated_at", "is_delete...
                                                             ^


The above exception was the direct cause of the following exception:

Traceback (most recent call last):
  File "C:\Users\urjii\OneDrive\Desktop\project\integrated-web-app\venv\Lib\site-packages\django\core\handlers\exception.py", line 55, in inner
    response = get_response(request)
  File "C:\Users\urjii\OneDrive\Desktop\project\integrated-web-app\venv\Lib\site-packages\django\core\handlers\base.py", line 197, in _get_response
    response = wrapped_callback(request, *callback_args, **callback_kwargs)
  File "C:\Users\urjii\OneDrive\Desktop\project\integrated-web-app\venv\Lib\site-packages\django\views\decorators\csrf.py", line 65, in _view_wrapper
    return view_func(request, *args, **kwargs)
  File "C:\Users\urjii\OneDrive\Desktop\project\integrated-web-app\venv\Lib\site-packages\django\views\generic\base.py", line 104, in view
    return self.dispatch(request, *args, **kwargs)
           ~~~~~~~~~~~~~^^^^^^^^^^^^^^^^^^^^^^^^^^
  File "C:\Users\urjii\OneDrive\Desktop\project\integrated-web-app\venv\Lib\site-packages\rest_framework\views.py", line 515, in dispatch
    response = self.handle_exception(exc)
  File "C:\Users\urjii\OneDrive\Desktop\project\integrated-web-app\venv\Lib\site-packages\rest_framework\views.py", line 475, in handle_exception
    self.raise_uncaught_exception(exc)
    ~~~~~~~~~~~~~~~~~~~~~~~~~~~~~^^^^^
  File "C:\Users\urjii\OneDrive\Desktop\project\integrated-web-app\venv\Lib\site-packages\rest_framework\views.py", line 486, in raise_uncaught_exception
    raise exc
  File "C:\Users\urjii\OneDrive\Desktop\project\integrated-web-app\venv\Lib\site-packages\rest_framework\views.py", line 512, in dispatch
    response = handler(request, *args, **kwargs)
  File "C:\Users\urjii\OneDrive\Desktop\project\integrated-web-app\venv\Lib\site-packages\rest_framework\generics.py", line 246, in post
    return self.create(request, *args, **kwargs)
           ~~~~~~~~~~~^^^^^^^^^^^^^^^^^^^^^^^^^^
  File "C:\Users\urjii\OneDrive\Desktop\project\integrated-web-app\venv\Lib\site-packages\rest_framework\mixins.py", line 19, in create
    self.perform_create(serializer)
    ~~~~~~~~~~~~~~~~~~~^^^^^^^^^^^^
  File "C:\Users\urjii\OneDrive\Desktop\project\integrated-web-app\venv\Lib\site-packages\rest_framework\mixins.py", line 24, in perform_create
    serializer.save()
    ~~~~~~~~~~~~~~~^^
  File "C:\Users\urjii\OneDrive\Desktop\project\integrated-web-app\venv\Lib\site-packages\rest_framework\serializers.py", line 210, in save
    self.instance = self.create(validated_data)
                    ~~~~~~~~~~~^^^^^^^^^^^^^^^^
  File "C:\Users\urjii\OneDrive\Desktop\project\integrated-web-app\venv\Lib\site-packages\rest_framework\serializers.py", line 991, in create
    instance = ModelClass._default_manager.create(**validated_data)
  File "C:\Users\urjii\OneDrive\Desktop\project\integrated-web-app\venv\Lib\site-packages\django\db\models\manager.py", line 87, in manager_method
    return getattr(self.get_queryset(), name)(*args, **kwargs)
           ~~~~~~~~~~~~~~~~~~~~~~~~~~~~~~~~~~^^^^^^^^^^^^^^^^^
  File "C:\Users\urjii\OneDrive\Desktop\project\integrated-web-app\venv\Lib\site-packages\django\db\models\query.py", line 663, in create
    obj.save(force_insert=True, using=self.db)
    ~~~~~~~~^^^^^^^^^^^^^^^^^^^^^^^^^^^^^^^^^^
  File "C:\Users\urjii\OneDrive\Desktop\project\integrated-web-app\venv\Lib\site-packages\django\db\models\base.py", line 902, in save
    self.save_base(
    ~~~~~~~~~~~~~~^
        using=using,
        ^^^^^^^^^^^^
    ...<2 lines>...
        update_fields=update_fields,
        ^^^^^^^^^^^^^^^^^^^^^^^^^^^^
    )
    ^
  File "C:\Users\urjii\OneDrive\Desktop\project\integrated-web-app\venv\Lib\site-packages\django\db\models\base.py", line 1008, in save_base
    updated = self._save_table(
        raw,
    ...<4 lines>...
        update_fields,
    )
  File "C:\Users\urjii\OneDrive\Desktop\project\integrated-web-app\venv\Lib\site-packages\django\db\models\base.py", line 1169, in _save_table
    results = self._do_insert(
        cls._base_manager, using, fields, returning_fields, raw
    )
  File "C:\Users\urjii\OneDrive\Desktop\project\integrated-web-app\venv\Lib\site-packages\django\db\models\base.py", line 1210, in _do_insert
    return manager._insert(
           ~~~~~~~~~~~~~~~^
        [self],
        ^^^^^^^
    ...<3 lines>...
        raw=raw,
        ^^^^^^^^
    )
    ^
  File "C:\Users\urjii\OneDrive\Desktop\project\integrated-web-app\venv\Lib\site-packages\django\db\models\manager.py", line 87, in manager_method
    return getattr(self.get_queryset(), name)(*args, **kwargs)
           ~~~~~~~~~~~~~~~~~~~~~~~~~~~~~~~~~~^^^^^^^^^^^^^^^^^
  File "C:\Users\urjii\OneDrive\Desktop\project\integrated-web-app\venv\Lib\site-packages\django\db\models\query.py", line 1854, in _insert
    return query.get_compiler(using=using).execute_sql(returning_fields)
           ~~~~~~~~~~~~~~~~~~~~~~~~~~~~~~~~~~~~~~~~~~~^^^^^^^^^^^^^^^^^^
  File "C:\Users\urjii\OneDrive\Desktop\project\integrated-web-app\venv\Lib\site-packages\django\db\models\sql\compiler.py", line 1881, in execute_sql
    cursor.execute(sql, params)
    ~~~~~~~~~~~~~~^^^^^^^^^^^^^
  File "C:\Users\urjii\OneDrive\Desktop\project\integrated-web-app\venv\Lib\site-packages\django\db\backends\utils.py", line 122, in execute
    return super().execute(sql, params)
           ~~~~~~~~~~~~~~~^^^^^^^^^^^^^
  File "C:\Users\urjii\OneDrive\Desktop\project\integrated-web-app\venv\Lib\site-packages\django\db\backends\utils.py", line 79, in execute
    return self._execute_with_wrappers(
           ~~~~~~~~~~~~~~~~~~~~~~~~~~~^
        sql, params, many=False, executor=self._execute
        ^^^^^^^^^^^^^^^^^^^^^^^^^^^^^^^^^^^^^^^^^^^^^^^
    )
    ^
  File "C:\Users\urjii\OneDrive\Desktop\project\integrated-web-app\venv\Lib\site-packages\django\db\backends\utils.py", line 92, in _execute_with_wrappers
    return executor(sql, params, many, context)
  File "C:\Users\urjii\OneDrive\Desktop\project\integrated-web-app\venv\Lib\site-packages\django\db\backends\utils.py", line 100, in _execute
    with self.db.wrap_database_errors:
         ^^^^^^^^^^^^^^^^^^^^^^^^^^^^
  File "C:\Users\urjii\OneDrive\Desktop\project\integrated-web-app\venv\Lib\site-packages\django\db\utils.py", line 91, in __exit__
    raise dj_exc_value.with_traceback(traceback) from exc_value
  File "C:\Users\urjii\OneDrive\Desktop\project\integrated-web-app\venv\Lib\site-packages\django\db\backends\utils.py", line 105, in _execute
    return self.cursor.execute(sql, params)
           ~~~~~~~~~~~~~~~~~~~^^^^^^^^^^^^^
django.db.utils.ProgrammingError: column "is_deleted" of relation "chatbot_conversation" does not exist
LINE 1: ...nversation" ("title", "created_at", "updated_at", "is_delete...
                                                             ^

2025-05-05 15:37:53,746 - INFO - Load pretrained SentenceTransformer: sentence-transformers/all-MiniLM-L6-v2
2025-05-05 15:37:57,709 - INFO - Embeddings initialized successfully
2025-05-05 15:38:03,046 - INFO - Loaded: knowledge_base\ASTUlegislation2017.pdf
2025-05-05 15:38:08,065 - INFO - Loaded: knowledge_base\Course_catalogue_Final.pdf
2025-05-05 15:38:08,293 - INFO - Loaded: knowledge_base\PEOs_and_POs_ASTUs_Programs.pdf
2025-05-05 15:38:08,525 - INFO - Loaded: knowledge_base\Program_Accreditations.pdf
2025-05-05 15:39:04,004 - INFO - Loading faiss with AVX2 support.
2025-05-05 15:39:04,029 - INFO - Successfully loaded faiss with AVX2 support.
2025-05-05 15:39:04,036 - INFO - Failed to load GPU Faiss: name 'GpuIndexIVFFlat' is not defined. Will not load constructor refs for GPU indexes.
2025-05-05 15:39:04,166 - INFO - Loaded 1970 chunks from 853 documents
2025-05-05 15:39:04,169 - INFO - File watcher initialized
2025-05-05 15:39:11,730 - INFO - Load pretrained SentenceTransformer: sentence-transformers/all-MiniLM-L6-v2
2025-05-05 15:39:27,031 - INFO - Embeddings initialized successfully
2025-05-05 15:39:31,058 - INFO - Loaded: knowledge_base\ASTUlegislation2017.pdf
2025-05-05 15:39:35,803 - INFO - Loaded: knowledge_base\Course_catalogue_Final.pdf
2025-05-05 15:39:36,013 - INFO - Loaded: knowledge_base\PEOs_and_POs_ASTUs_Programs.pdf
2025-05-05 15:39:36,231 - INFO - Loaded: knowledge_base\Program_Accreditations.pdf
2025-05-05 15:40:29,192 - INFO - Loading faiss with AVX2 support.
2025-05-05 15:40:29,222 - INFO - Successfully loaded faiss with AVX2 support.
2025-05-05 15:40:29,228 - INFO - Failed to load GPU Faiss: name 'GpuIndexIVFFlat' is not defined. Will not load constructor refs for GPU indexes.
2025-05-05 15:40:29,374 - INFO - Loaded 1970 chunks from 853 documents
2025-05-05 15:40:29,376 - INFO - File watcher initialized
2025-05-05 15:40:56,856 - INFO - Load pretrained SentenceTransformer: sentence-transformers/all-MiniLM-L6-v2
2025-05-05 15:41:00,450 - INFO - Embeddings initialized successfully
2025-05-05 15:41:04,426 - INFO - Loaded: knowledge_base\ASTUlegislation2017.pdf
2025-05-05 15:41:08,824 - INFO - Loaded: knowledge_base\Course_catalogue_Final.pdf
2025-05-05 15:41:09,033 - INFO - Loaded: knowledge_base\PEOs_and_POs_ASTUs_Programs.pdf
2025-05-05 15:41:09,246 - INFO - Loaded: knowledge_base\Program_Accreditations.pdf
2025-05-05 15:42:09,906 - INFO - Loading faiss with AVX2 support.
2025-05-05 15:42:09,936 - INFO - Successfully loaded faiss with AVX2 support.
2025-05-05 15:42:09,944 - INFO - Failed to load GPU Faiss: name 'GpuIndexIVFFlat' is not defined. Will not load constructor refs for GPU indexes.
2025-05-05 15:42:10,101 - INFO - Loaded 1970 chunks from 853 documents
2025-05-05 15:42:10,105 - INFO - File watcher initialized
2025-05-05 15:42:17,115 - WARNING - Bad Request: /conversations/
2025-05-05 15:42:42,918 - INFO - C:\Users\urjii\OneDrive\Desktop\project\integrated-web-app\myproject\urls.py changed, reloading.
2025-05-05 15:42:51,781 - INFO - Load pretrained SentenceTransformer: sentence-transformers/all-MiniLM-L6-v2
2025-05-05 15:42:55,560 - INFO - Embeddings initialized successfully
2025-05-05 15:43:06,029 - INFO - Loaded: knowledge_base\ASTUlegislation2017.pdf
2025-05-05 15:43:18,291 - INFO - Loaded: knowledge_base\Course_catalogue_Final.pdf
2025-05-05 15:43:18,861 - INFO - Loaded: knowledge_base\PEOs_and_POs_ASTUs_Programs.pdf
2025-05-05 15:43:19,518 - INFO - Loaded: knowledge_base\Program_Accreditations.pdf
2025-05-05 15:45:04,439 - INFO - Load pretrained SentenceTransformer: sentence-transformers/all-MiniLM-L6-v2
2025-05-05 15:45:08,055 - INFO - Embeddings initialized successfully
2025-05-05 15:45:12,115 - INFO - Loaded: knowledge_base\ASTUlegislation2017.pdf
2025-05-05 15:45:16,660 - INFO - Loaded: knowledge_base\Course_catalogue_Final.pdf
2025-05-05 15:45:16,874 - INFO - Loaded: knowledge_base\PEOs_and_POs_ASTUs_Programs.pdf
2025-05-05 15:45:17,091 - INFO - Loaded: knowledge_base\Program_Accreditations.pdf
2025-05-05 15:46:19,287 - INFO - Loading faiss with AVX2 support.
2025-05-05 15:46:19,317 - INFO - Successfully loaded faiss with AVX2 support.
2025-05-05 15:46:19,325 - INFO - Failed to load GPU Faiss: name 'GpuIndexIVFFlat' is not defined. Will not load constructor refs for GPU indexes.
2025-05-05 15:46:19,474 - INFO - Loaded 1970 chunks from 853 documents
2025-05-05 15:46:19,477 - INFO - File watcher initialized
2025-05-05 15:47:42,757 - ERROR - Internal Server Error: /api/conversations/
Traceback (most recent call last):
  File "C:\Users\urjii\OneDrive\Desktop\project\integrated-web-app\venv\Lib\site-packages\django\db\backends\utils.py", line 105, in _execute
    return self.cursor.execute(sql, params)
           ~~~~~~~~~~~~~~~~~~~^^^^^^^^^^^^^
psycopg2.errors.UndefinedColumn: column "is_deleted" of relation "chatbot_conversation" does not exist
LINE 1: ...nversation" ("title", "created_at", "updated_at", "is_delete...
                                                             ^


The above exception was the direct cause of the following exception:

Traceback (most recent call last):
  File "C:\Users\urjii\OneDrive\Desktop\project\integrated-web-app\venv\Lib\site-packages\django\core\handlers\exception.py", line 55, in inner
    response = get_response(request)
  File "C:\Users\urjii\OneDrive\Desktop\project\integrated-web-app\venv\Lib\site-packages\django\core\handlers\base.py", line 197, in _get_response
    response = wrapped_callback(request, *callback_args, **callback_kwargs)
  File "C:\Users\urjii\OneDrive\Desktop\project\integrated-web-app\venv\Lib\site-packages\django\views\decorators\csrf.py", line 65, in _view_wrapper
    return view_func(request, *args, **kwargs)
  File "C:\Users\urjii\OneDrive\Desktop\project\integrated-web-app\venv\Lib\site-packages\django\views\generic\base.py", line 104, in view
    return self.dispatch(request, *args, **kwargs)
           ~~~~~~~~~~~~~^^^^^^^^^^^^^^^^^^^^^^^^^^
  File "C:\Users\urjii\OneDrive\Desktop\project\integrated-web-app\venv\Lib\site-packages\rest_framework\views.py", line 515, in dispatch
    response = self.handle_exception(exc)
  File "C:\Users\urjii\OneDrive\Desktop\project\integrated-web-app\venv\Lib\site-packages\rest_framework\views.py", line 475, in handle_exception
    self.raise_uncaught_exception(exc)
    ~~~~~~~~~~~~~~~~~~~~~~~~~~~~~^^^^^
  File "C:\Users\urjii\OneDrive\Desktop\project\integrated-web-app\venv\Lib\site-packages\rest_framework\views.py", line 486, in raise_uncaught_exception
    raise exc
  File "C:\Users\urjii\OneDrive\Desktop\project\integrated-web-app\venv\Lib\site-packages\rest_framework\views.py", line 512, in dispatch
    response = handler(request, *args, **kwargs)
  File "C:\Users\urjii\OneDrive\Desktop\project\integrated-web-app\venv\Lib\site-packages\rest_framework\generics.py", line 246, in post
    return self.create(request, *args, **kwargs)
           ~~~~~~~~~~~^^^^^^^^^^^^^^^^^^^^^^^^^^
  File "C:\Users\urjii\OneDrive\Desktop\project\integrated-web-app\venv\Lib\site-packages\rest_framework\mixins.py", line 19, in create
    self.perform_create(serializer)
    ~~~~~~~~~~~~~~~~~~~^^^^^^^^^^^^
  File "C:\Users\urjii\OneDrive\Desktop\project\integrated-web-app\venv\Lib\site-packages\rest_framework\mixins.py", line 24, in perform_create
    serializer.save()
    ~~~~~~~~~~~~~~~^^
  File "C:\Users\urjii\OneDrive\Desktop\project\integrated-web-app\venv\Lib\site-packages\rest_framework\serializers.py", line 210, in save
    self.instance = self.create(validated_data)
                    ~~~~~~~~~~~^^^^^^^^^^^^^^^^
  File "C:\Users\urjii\OneDrive\Desktop\project\integrated-web-app\venv\Lib\site-packages\rest_framework\serializers.py", line 991, in create
    instance = ModelClass._default_manager.create(**validated_data)
  File "C:\Users\urjii\OneDrive\Desktop\project\integrated-web-app\venv\Lib\site-packages\django\db\models\manager.py", line 87, in manager_method
    return getattr(self.get_queryset(), name)(*args, **kwargs)
           ~~~~~~~~~~~~~~~~~~~~~~~~~~~~~~~~~~^^^^^^^^^^^^^^^^^
  File "C:\Users\urjii\OneDrive\Desktop\project\integrated-web-app\venv\Lib\site-packages\django\db\models\query.py", line 663, in create
    obj.save(force_insert=True, using=self.db)
    ~~~~~~~~^^^^^^^^^^^^^^^^^^^^^^^^^^^^^^^^^^
  File "C:\Users\urjii\OneDrive\Desktop\project\integrated-web-app\venv\Lib\site-packages\django\db\models\base.py", line 902, in save
    self.save_base(
    ~~~~~~~~~~~~~~^
        using=using,
        ^^^^^^^^^^^^
    ...<2 lines>...
        update_fields=update_fields,
        ^^^^^^^^^^^^^^^^^^^^^^^^^^^^
    )
    ^
  File "C:\Users\urjii\OneDrive\Desktop\project\integrated-web-app\venv\Lib\site-packages\django\db\models\base.py", line 1008, in save_base
    updated = self._save_table(
        raw,
    ...<4 lines>...
        update_fields,
    )
  File "C:\Users\urjii\OneDrive\Desktop\project\integrated-web-app\venv\Lib\site-packages\django\db\models\base.py", line 1169, in _save_table
    results = self._do_insert(
        cls._base_manager, using, fields, returning_fields, raw
    )
  File "C:\Users\urjii\OneDrive\Desktop\project\integrated-web-app\venv\Lib\site-packages\django\db\models\base.py", line 1210, in _do_insert
    return manager._insert(
           ~~~~~~~~~~~~~~~^
        [self],
        ^^^^^^^
    ...<3 lines>...
        raw=raw,
        ^^^^^^^^
    )
    ^
  File "C:\Users\urjii\OneDrive\Desktop\project\integrated-web-app\venv\Lib\site-packages\django\db\models\manager.py", line 87, in manager_method
    return getattr(self.get_queryset(), name)(*args, **kwargs)
           ~~~~~~~~~~~~~~~~~~~~~~~~~~~~~~~~~~^^^^^^^^^^^^^^^^^
  File "C:\Users\urjii\OneDrive\Desktop\project\integrated-web-app\venv\Lib\site-packages\django\db\models\query.py", line 1854, in _insert
    return query.get_compiler(using=using).execute_sql(returning_fields)
           ~~~~~~~~~~~~~~~~~~~~~~~~~~~~~~~~~~~~~~~~~~~^^^^^^^^^^^^^^^^^^
  File "C:\Users\urjii\OneDrive\Desktop\project\integrated-web-app\venv\Lib\site-packages\django\db\models\sql\compiler.py", line 1881, in execute_sql
    cursor.execute(sql, params)
    ~~~~~~~~~~~~~~^^^^^^^^^^^^^
  File "C:\Users\urjii\OneDrive\Desktop\project\integrated-web-app\venv\Lib\site-packages\django\db\backends\utils.py", line 122, in execute
    return super().execute(sql, params)
           ~~~~~~~~~~~~~~~^^^^^^^^^^^^^
  File "C:\Users\urjii\OneDrive\Desktop\project\integrated-web-app\venv\Lib\site-packages\django\db\backends\utils.py", line 79, in execute
    return self._execute_with_wrappers(
           ~~~~~~~~~~~~~~~~~~~~~~~~~~~^
        sql, params, many=False, executor=self._execute
        ^^^^^^^^^^^^^^^^^^^^^^^^^^^^^^^^^^^^^^^^^^^^^^^
    )
    ^
  File "C:\Users\urjii\OneDrive\Desktop\project\integrated-web-app\venv\Lib\site-packages\django\db\backends\utils.py", line 92, in _execute_with_wrappers
    return executor(sql, params, many, context)
  File "C:\Users\urjii\OneDrive\Desktop\project\integrated-web-app\venv\Lib\site-packages\django\db\backends\utils.py", line 100, in _execute
    with self.db.wrap_database_errors:
         ^^^^^^^^^^^^^^^^^^^^^^^^^^^^
  File "C:\Users\urjii\OneDrive\Desktop\project\integrated-web-app\venv\Lib\site-packages\django\db\utils.py", line 91, in __exit__
    raise dj_exc_value.with_traceback(traceback) from exc_value
  File "C:\Users\urjii\OneDrive\Desktop\project\integrated-web-app\venv\Lib\site-packages\django\db\backends\utils.py", line 105, in _execute
    return self.cursor.execute(sql, params)
           ~~~~~~~~~~~~~~~~~~~^^^^^^^^^^^^^
django.db.utils.ProgrammingError: column "is_deleted" of relation "chatbot_conversation" does not exist
LINE 1: ...nversation" ("title", "created_at", "updated_at", "is_delete...
                                                             ^

2025-05-05 15:49:31,760 - INFO - Load pretrained SentenceTransformer: sentence-transformers/all-MiniLM-L6-v2
2025-05-05 15:49:35,326 - INFO - Embeddings initialized successfully
2025-05-05 15:49:39,613 - INFO - Loaded: knowledge_base\ASTUlegislation2017.pdf
2025-05-05 15:49:44,124 - INFO - Loaded: knowledge_base\Course_catalogue_Final.pdf
2025-05-05 15:49:44,337 - INFO - Loaded: knowledge_base\PEOs_and_POs_ASTUs_Programs.pdf
2025-05-05 15:49:44,555 - INFO - Loaded: knowledge_base\Program_Accreditations.pdf
2025-05-05 15:50:36,612 - INFO - Loading faiss with AVX2 support.
2025-05-05 15:50:36,651 - INFO - Successfully loaded faiss with AVX2 support.
2025-05-05 15:50:36,664 - INFO - Failed to load GPU Faiss: name 'GpuIndexIVFFlat' is not defined. Will not load constructor refs for GPU indexes.
2025-05-05 15:50:36,879 - INFO - Loaded 1970 chunks from 853 documents
2025-05-05 15:50:36,883 - INFO - File watcher initialized
2025-05-05 15:51:14,395 - ERROR - Internal Server Error: /api/conversations/
Traceback (most recent call last):
  File "C:\Users\urjii\OneDrive\Desktop\project\integrated-web-app\venv\Lib\site-packages\django\db\backends\utils.py", line 105, in _execute
    return self.cursor.execute(sql, params)
           ~~~~~~~~~~~~~~~~~~~^^^^^^^^^^^^^
psycopg2.errors.UndefinedColumn: column "is_deleted" of relation "chatbot_conversation" does not exist
LINE 1: ...nversation" ("title", "created_at", "updated_at", "is_delete...
                                                             ^


The above exception was the direct cause of the following exception:

Traceback (most recent call last):
  File "C:\Users\urjii\OneDrive\Desktop\project\integrated-web-app\venv\Lib\site-packages\django\core\handlers\exception.py", line 55, in inner
    response = get_response(request)
  File "C:\Users\urjii\OneDrive\Desktop\project\integrated-web-app\venv\Lib\site-packages\django\core\handlers\base.py", line 197, in _get_response
    response = wrapped_callback(request, *callback_args, **callback_kwargs)
  File "C:\Users\urjii\OneDrive\Desktop\project\integrated-web-app\venv\Lib\site-packages\django\views\decorators\csrf.py", line 65, in _view_wrapper
    return view_func(request, *args, **kwargs)
  File "C:\Users\urjii\OneDrive\Desktop\project\integrated-web-app\venv\Lib\site-packages\django\views\generic\base.py", line 104, in view
    return self.dispatch(request, *args, **kwargs)
           ~~~~~~~~~~~~~^^^^^^^^^^^^^^^^^^^^^^^^^^
  File "C:\Users\urjii\OneDrive\Desktop\project\integrated-web-app\venv\Lib\site-packages\rest_framework\views.py", line 515, in dispatch
    response = self.handle_exception(exc)
  File "C:\Users\urjii\OneDrive\Desktop\project\integrated-web-app\venv\Lib\site-packages\rest_framework\views.py", line 475, in handle_exception
    self.raise_uncaught_exception(exc)
    ~~~~~~~~~~~~~~~~~~~~~~~~~~~~~^^^^^
  File "C:\Users\urjii\OneDrive\Desktop\project\integrated-web-app\venv\Lib\site-packages\rest_framework\views.py", line 486, in raise_uncaught_exception
    raise exc
  File "C:\Users\urjii\OneDrive\Desktop\project\integrated-web-app\venv\Lib\site-packages\rest_framework\views.py", line 512, in dispatch
    response = handler(request, *args, **kwargs)
  File "C:\Users\urjii\OneDrive\Desktop\project\integrated-web-app\venv\Lib\site-packages\rest_framework\generics.py", line 246, in post
    return self.create(request, *args, **kwargs)
           ~~~~~~~~~~~^^^^^^^^^^^^^^^^^^^^^^^^^^
  File "C:\Users\urjii\OneDrive\Desktop\project\integrated-web-app\venv\Lib\site-packages\rest_framework\mixins.py", line 19, in create
    self.perform_create(serializer)
    ~~~~~~~~~~~~~~~~~~~^^^^^^^^^^^^
  File "C:\Users\urjii\OneDrive\Desktop\project\integrated-web-app\venv\Lib\site-packages\rest_framework\mixins.py", line 24, in perform_create
    serializer.save()
    ~~~~~~~~~~~~~~~^^
  File "C:\Users\urjii\OneDrive\Desktop\project\integrated-web-app\venv\Lib\site-packages\rest_framework\serializers.py", line 210, in save
    self.instance = self.create(validated_data)
                    ~~~~~~~~~~~^^^^^^^^^^^^^^^^
  File "C:\Users\urjii\OneDrive\Desktop\project\integrated-web-app\venv\Lib\site-packages\rest_framework\serializers.py", line 991, in create
    instance = ModelClass._default_manager.create(**validated_data)
  File "C:\Users\urjii\OneDrive\Desktop\project\integrated-web-app\venv\Lib\site-packages\django\db\models\manager.py", line 87, in manager_method
    return getattr(self.get_queryset(), name)(*args, **kwargs)
           ~~~~~~~~~~~~~~~~~~~~~~~~~~~~~~~~~~^^^^^^^^^^^^^^^^^
  File "C:\Users\urjii\OneDrive\Desktop\project\integrated-web-app\venv\Lib\site-packages\django\db\models\query.py", line 663, in create
    obj.save(force_insert=True, using=self.db)
    ~~~~~~~~^^^^^^^^^^^^^^^^^^^^^^^^^^^^^^^^^^
  File "C:\Users\urjii\OneDrive\Desktop\project\integrated-web-app\venv\Lib\site-packages\django\db\models\base.py", line 902, in save
    self.save_base(
    ~~~~~~~~~~~~~~^
        using=using,
        ^^^^^^^^^^^^
    ...<2 lines>...
        update_fields=update_fields,
        ^^^^^^^^^^^^^^^^^^^^^^^^^^^^
    )
    ^
  File "C:\Users\urjii\OneDrive\Desktop\project\integrated-web-app\venv\Lib\site-packages\django\db\models\base.py", line 1008, in save_base
    updated = self._save_table(
        raw,
    ...<4 lines>...
        update_fields,
    )
  File "C:\Users\urjii\OneDrive\Desktop\project\integrated-web-app\venv\Lib\site-packages\django\db\models\base.py", line 1169, in _save_table
    results = self._do_insert(
        cls._base_manager, using, fields, returning_fields, raw
    )
  File "C:\Users\urjii\OneDrive\Desktop\project\integrated-web-app\venv\Lib\site-packages\django\db\models\base.py", line 1210, in _do_insert
    return manager._insert(
           ~~~~~~~~~~~~~~~^
        [self],
        ^^^^^^^
    ...<3 lines>...
        raw=raw,
        ^^^^^^^^
    )
    ^
  File "C:\Users\urjii\OneDrive\Desktop\project\integrated-web-app\venv\Lib\site-packages\django\db\models\manager.py", line 87, in manager_method
    return getattr(self.get_queryset(), name)(*args, **kwargs)
           ~~~~~~~~~~~~~~~~~~~~~~~~~~~~~~~~~~^^^^^^^^^^^^^^^^^
  File "C:\Users\urjii\OneDrive\Desktop\project\integrated-web-app\venv\Lib\site-packages\django\db\models\query.py", line 1854, in _insert
    return query.get_compiler(using=using).execute_sql(returning_fields)
           ~~~~~~~~~~~~~~~~~~~~~~~~~~~~~~~~~~~~~~~~~~~^^^^^^^^^^^^^^^^^^
  File "C:\Users\urjii\OneDrive\Desktop\project\integrated-web-app\venv\Lib\site-packages\django\db\models\sql\compiler.py", line 1881, in execute_sql
    cursor.execute(sql, params)
    ~~~~~~~~~~~~~~^^^^^^^^^^^^^
  File "C:\Users\urjii\OneDrive\Desktop\project\integrated-web-app\venv\Lib\site-packages\django\db\backends\utils.py", line 122, in execute
    return super().execute(sql, params)
           ~~~~~~~~~~~~~~~^^^^^^^^^^^^^
  File "C:\Users\urjii\OneDrive\Desktop\project\integrated-web-app\venv\Lib\site-packages\django\db\backends\utils.py", line 79, in execute
    return self._execute_with_wrappers(
           ~~~~~~~~~~~~~~~~~~~~~~~~~~~^
        sql, params, many=False, executor=self._execute
        ^^^^^^^^^^^^^^^^^^^^^^^^^^^^^^^^^^^^^^^^^^^^^^^
    )
    ^
  File "C:\Users\urjii\OneDrive\Desktop\project\integrated-web-app\venv\Lib\site-packages\django\db\backends\utils.py", line 92, in _execute_with_wrappers
    return executor(sql, params, many, context)
  File "C:\Users\urjii\OneDrive\Desktop\project\integrated-web-app\venv\Lib\site-packages\django\db\backends\utils.py", line 100, in _execute
    with self.db.wrap_database_errors:
         ^^^^^^^^^^^^^^^^^^^^^^^^^^^^
  File "C:\Users\urjii\OneDrive\Desktop\project\integrated-web-app\venv\Lib\site-packages\django\db\utils.py", line 91, in __exit__
    raise dj_exc_value.with_traceback(traceback) from exc_value
  File "C:\Users\urjii\OneDrive\Desktop\project\integrated-web-app\venv\Lib\site-packages\django\db\backends\utils.py", line 105, in _execute
    return self.cursor.execute(sql, params)
           ~~~~~~~~~~~~~~~~~~~^^^^^^^^^^^^^
django.db.utils.ProgrammingError: column "is_deleted" of relation "chatbot_conversation" does not exist
LINE 1: ...nversation" ("title", "created_at", "updated_at", "is_delete...
                                                             ^

2025-05-05 15:54:58,119 - INFO - Load pretrained SentenceTransformer: sentence-transformers/all-MiniLM-L6-v2
2025-05-05 15:55:02,953 - INFO - Embeddings initialized successfully
2025-05-05 15:55:13,925 - INFO - Loaded: knowledge_base\ASTUlegislation2017.pdf
2025-05-05 15:55:24,385 - INFO - Loaded: knowledge_base\Course_catalogue_Final.pdf
2025-05-05 15:55:24,617 - INFO - Loaded: knowledge_base\PEOs_and_POs_ASTUs_Programs.pdf
2025-05-05 15:55:24,835 - INFO - Loaded: knowledge_base\Program_Accreditations.pdf
2025-05-05 15:55:55,247 - INFO - Load pretrained SentenceTransformer: sentence-transformers/all-MiniLM-L6-v2
2025-05-05 15:55:59,999 - INFO - Embeddings initialized successfully
2025-05-05 15:56:14,695 - INFO - Loaded: knowledge_base\ASTUlegislation2017.pdf
2025-05-05 15:56:21,446 - INFO - Loading faiss with AVX2 support.
2025-05-05 15:56:21,474 - INFO - Successfully loaded faiss with AVX2 support.
2025-05-05 15:56:21,481 - INFO - Failed to load GPU Faiss: name 'GpuIndexIVFFlat' is not defined. Will not load constructor refs for GPU indexes.
2025-05-05 15:56:21,679 - INFO - Loaded 1970 chunks from 853 documents
2025-05-05 15:56:21,682 - INFO - File watcher initialized
2025-05-05 15:56:24,676 - INFO - Loaded: knowledge_base\Course_catalogue_Final.pdf
2025-05-05 15:56:24,884 - INFO - Loaded: knowledge_base\PEOs_and_POs_ASTUs_Programs.pdf
2025-05-05 15:56:25,104 - INFO - Loaded: knowledge_base\Program_Accreditations.pdf
2025-05-05 15:57:24,665 - INFO - Loading faiss with AVX2 support.
2025-05-05 15:57:24,708 - INFO - Successfully loaded faiss with AVX2 support.
2025-05-05 15:57:24,721 - INFO - Failed to load GPU Faiss: name 'GpuIndexIVFFlat' is not defined. Will not load constructor refs for GPU indexes.
2025-05-05 15:57:24,944 - INFO - Loaded 1970 chunks from 853 documents
2025-05-05 15:57:24,948 - INFO - File watcher initialized
2025-05-05 15:58:44,419 - INFO - Load pretrained SentenceTransformer: sentence-transformers/all-MiniLM-L6-v2
2025-05-05 15:58:48,532 - INFO - Embeddings initialized successfully
2025-05-05 15:58:52,577 - INFO - Loaded: knowledge_base\ASTUlegislation2017.pdf
2025-05-05 15:58:57,237 - INFO - Loaded: knowledge_base\Course_catalogue_Final.pdf
2025-05-05 15:58:57,452 - INFO - Loaded: knowledge_base\PEOs_and_POs_ASTUs_Programs.pdf
2025-05-05 15:58:57,668 - INFO - Loaded: knowledge_base\Program_Accreditations.pdf
2025-05-05 16:00:13,680 - INFO - Loading faiss with AVX2 support.
2025-05-05 16:00:13,716 - INFO - Successfully loaded faiss with AVX2 support.
2025-05-05 16:00:13,731 - INFO - Failed to load GPU Faiss: name 'GpuIndexIVFFlat' is not defined. Will not load constructor refs for GPU indexes.
2025-05-05 16:00:13,947 - INFO - Loaded 1970 chunks from 853 documents
2025-05-05 16:00:13,949 - INFO - File watcher initialized
2025-05-05 16:06:40,008 - INFO - Load pretrained SentenceTransformer: sentence-transformers/all-MiniLM-L6-v2
2025-05-05 16:06:43,504 - INFO - Embeddings initialized successfully
2025-05-05 16:06:51,871 - INFO - Loaded: knowledge_base\ASTUlegislation2017.pdf
2025-05-05 16:07:00,420 - INFO - Loaded: knowledge_base\Course_catalogue_Final.pdf
2025-05-05 16:07:00,760 - INFO - Loaded: knowledge_base\PEOs_and_POs_ASTUs_Programs.pdf
2025-05-05 16:07:01,085 - INFO - Loaded: knowledge_base\Program_Accreditations.pdf
2025-05-05 16:08:03,269 - INFO - Loading faiss with AVX2 support.
2025-05-05 16:08:03,311 - INFO - Successfully loaded faiss with AVX2 support.
2025-05-05 16:08:03,324 - INFO - Failed to load GPU Faiss: name 'GpuIndexIVFFlat' is not defined. Will not load constructor refs for GPU indexes.
2025-05-05 16:08:03,511 - INFO - Loaded 1970 chunks from 853 documents
2025-05-05 16:08:03,514 - INFO - File watcher initialized
2025-05-05 16:11:25,098 - INFO - Load pretrained SentenceTransformer: sentence-transformers/all-MiniLM-L6-v2
2025-05-05 16:11:28,628 - INFO - Embeddings initialized successfully
2025-05-05 16:11:37,969 - INFO - Loaded: knowledge_base\ASTUlegislation2017.pdf
2025-05-05 16:11:49,466 - INFO - Loaded: knowledge_base\Course_catalogue_Final.pdf
2025-05-05 16:11:50,017 - INFO - Loaded: knowledge_base\PEOs_and_POs_ASTUs_Programs.pdf
2025-05-05 16:11:50,625 - INFO - Loaded: knowledge_base\Program_Accreditations.pdf
2025-05-05 16:12:45,936 - INFO - Load pretrained SentenceTransformer: sentence-transformers/all-MiniLM-L6-v2
2025-05-05 16:12:49,695 - INFO - Embeddings initialized successfully
2025-05-05 16:12:55,641 - INFO - Loaded: knowledge_base\ASTUlegislation2017.pdf
2025-05-05 16:13:00,385 - INFO - Loaded: knowledge_base\Course_catalogue_Final.pdf
2025-05-05 16:13:00,614 - INFO - Loaded: knowledge_base\PEOs_and_POs_ASTUs_Programs.pdf
2025-05-05 16:13:00,853 - INFO - Loaded: knowledge_base\Program_Accreditations.pdf
2025-05-05 16:14:02,672 - INFO - Loading faiss with AVX2 support.
2025-05-05 16:14:02,696 - INFO - Successfully loaded faiss with AVX2 support.
2025-05-05 16:14:02,703 - INFO - Failed to load GPU Faiss: name 'GpuIndexIVFFlat' is not defined. Will not load constructor refs for GPU indexes.
2025-05-05 16:14:02,840 - INFO - Loaded 1970 chunks from 853 documents
2025-05-05 16:14:02,842 - INFO - File watcher initialized
2025-05-05 16:14:42,442 - INFO - Load pretrained SentenceTransformer: sentence-transformers/all-MiniLM-L6-v2
2025-05-05 16:14:45,667 - INFO - Embeddings initialized successfully
2025-05-05 16:14:49,647 - INFO - Loaded: knowledge_base\ASTUlegislation2017.pdf
2025-05-05 16:14:54,134 - INFO - Loaded: knowledge_base\Course_catalogue_Final.pdf
2025-05-05 16:14:54,344 - INFO - Loaded: knowledge_base\PEOs_and_POs_ASTUs_Programs.pdf
2025-05-05 16:14:54,557 - INFO - Loaded: knowledge_base\Program_Accreditations.pdf
2025-05-05 16:15:51,248 - INFO - Loading faiss with AVX2 support.
2025-05-05 16:15:51,276 - INFO - Successfully loaded faiss with AVX2 support.
2025-05-05 16:15:51,284 - INFO - Failed to load GPU Faiss: name 'GpuIndexIVFFlat' is not defined. Will not load constructor refs for GPU indexes.
2025-05-05 16:15:51,441 - INFO - Loaded 1970 chunks from 853 documents
2025-05-05 16:15:51,443 - INFO - File watcher initialized
2025-05-05 16:16:14,339 - INFO - Load pretrained SentenceTransformer: sentence-transformers/all-MiniLM-L6-v2
2025-05-05 16:16:18,070 - INFO - Embeddings initialized successfully
2025-05-05 16:16:22,045 - INFO - Loaded: knowledge_base\ASTUlegislation2017.pdf
2025-05-05 16:16:26,509 - INFO - Loaded: knowledge_base\Course_catalogue_Final.pdf
2025-05-05 16:16:26,715 - INFO - Loaded: knowledge_base\PEOs_and_POs_ASTUs_Programs.pdf
2025-05-05 16:16:26,928 - INFO - Loaded: knowledge_base\Program_Accreditations.pdf
2025-05-05 16:17:28,971 - INFO - Loading faiss with AVX2 support.
2025-05-05 16:17:28,999 - INFO - Successfully loaded faiss with AVX2 support.
2025-05-05 16:17:29,007 - INFO - Failed to load GPU Faiss: name 'GpuIndexIVFFlat' is not defined. Will not load constructor refs for GPU indexes.
2025-05-05 16:17:29,160 - INFO - Loaded 1970 chunks from 853 documents
2025-05-05 16:17:29,163 - INFO - File watcher initialized
2025-05-05 16:19:10,360 - INFO - Load pretrained SentenceTransformer: sentence-transformers/all-MiniLM-L6-v2
2025-05-05 16:19:14,275 - INFO - Embeddings initialized successfully
2025-05-05 16:19:25,152 - INFO - Loaded: knowledge_base\ASTUlegislation2017.pdf
2025-05-05 16:19:33,935 - INFO - Loaded: knowledge_base\Course_catalogue_Final.pdf
2025-05-05 16:19:34,141 - INFO - Loaded: knowledge_base\PEOs_and_POs_ASTUs_Programs.pdf
2025-05-05 16:19:34,343 - INFO - Loaded: knowledge_base\Program_Accreditations.pdf
2025-05-05 16:20:23,225 - INFO - Loading faiss with AVX2 support.
2025-05-05 16:20:23,253 - INFO - Successfully loaded faiss with AVX2 support.
2025-05-05 16:20:23,261 - INFO - Failed to load GPU Faiss: name 'GpuIndexIVFFlat' is not defined. Will not load constructor refs for GPU indexes.
2025-05-05 16:20:23,410 - INFO - Loaded 1970 chunks from 853 documents
2025-05-05 16:20:23,413 - INFO - File watcher initialized
2025-05-05 16:24:28,109 - INFO - Load pretrained SentenceTransformer: sentence-transformers/all-MiniLM-L6-v2
2025-05-05 16:24:32,140 - INFO - Embeddings initialized successfully
2025-05-05 16:24:36,434 - INFO - Loaded: knowledge_base\ASTUlegislation2017.pdf
2025-05-05 16:24:41,493 - INFO - Loaded: knowledge_base\Course_catalogue_Final.pdf
2025-05-05 16:24:41,715 - INFO - Loaded: knowledge_base\PEOs_and_POs_ASTUs_Programs.pdf
2025-05-05 16:24:41,989 - INFO - Loaded: knowledge_base\Program_Accreditations.pdf
2025-05-05 16:25:30,437 - INFO - Loading faiss with AVX2 support.
2025-05-05 16:25:30,462 - INFO - Successfully loaded faiss with AVX2 support.
2025-05-05 16:25:30,469 - INFO - Failed to load GPU Faiss: name 'GpuIndexIVFFlat' is not defined. Will not load constructor refs for GPU indexes.
2025-05-05 16:25:30,610 - INFO - Loaded 1970 chunks from 853 documents
2025-05-05 16:25:30,615 - INFO - File watcher initialized
2025-05-05 16:26:41,661 - INFO - Load pretrained SentenceTransformer: sentence-transformers/all-MiniLM-L6-v2
2025-05-05 16:26:45,248 - INFO - Embeddings initialized successfully
2025-05-05 16:26:49,345 - INFO - Loaded: knowledge_base\ASTUlegislation2017.pdf
2025-05-05 16:26:54,097 - INFO - Loaded: knowledge_base\Course_catalogue_Final.pdf
2025-05-05 16:26:54,310 - INFO - Loaded: knowledge_base\PEOs_and_POs_ASTUs_Programs.pdf
2025-05-05 16:26:54,523 - INFO - Loaded: knowledge_base\Program_Accreditations.pdf
2025-05-05 16:27:47,578 - INFO - Loading faiss with AVX2 support.
2025-05-05 16:27:47,611 - INFO - Successfully loaded faiss with AVX2 support.
2025-05-05 16:27:47,619 - INFO - Failed to load GPU Faiss: name 'GpuIndexIVFFlat' is not defined. Will not load constructor refs for GPU indexes.
2025-05-05 16:27:47,791 - INFO - Loaded 1970 chunks from 853 documents
2025-05-05 16:27:47,794 - INFO - File watcher initialized
2025-05-05 16:30:14,953 - INFO - Load pretrained SentenceTransformer: sentence-transformers/all-MiniLM-L6-v2
2025-05-05 16:30:19,058 - INFO - Embeddings initialized successfully
2025-05-05 16:30:23,449 - INFO - Loaded: knowledge_base\ASTUlegislation2017.pdf
2025-05-05 16:30:34,472 - INFO - Loaded: knowledge_base\Course_catalogue_Final.pdf
2025-05-05 16:30:35,239 - INFO - Loaded: knowledge_base\PEOs_and_POs_ASTUs_Programs.pdf
2025-05-05 16:30:35,829 - INFO - Loaded: knowledge_base\Program_Accreditations.pdf
2025-05-05 16:32:05,496 - INFO - Loading faiss with AVX2 support.
2025-05-05 16:32:05,526 - INFO - Successfully loaded faiss with AVX2 support.
2025-05-05 16:32:05,539 - INFO - Failed to load GPU Faiss: name 'GpuIndexIVFFlat' is not defined. Will not load constructor refs for GPU indexes.
2025-05-05 16:32:05,736 - INFO - Loaded 1970 chunks from 853 documents
2025-05-05 16:32:05,742 - INFO - File watcher initialized
2025-05-05 16:41:07,788 - INFO - Load pretrained SentenceTransformer: sentence-transformers/all-MiniLM-L6-v2
2025-05-05 16:41:12,469 - INFO - Embeddings initialized successfully
2025-05-05 16:41:22,561 - INFO - Loaded: knowledge_base\ASTUlegislation2017.pdf
2025-05-05 16:41:30,572 - INFO - Loaded: knowledge_base\Course_catalogue_Final.pdf
2025-05-05 16:41:30,778 - INFO - Loaded: knowledge_base\PEOs_and_POs_ASTUs_Programs.pdf
2025-05-05 16:41:31,032 - INFO - Loaded: knowledge_base\Program_Accreditations.pdf
2025-05-05 16:42:19,961 - INFO - Loading faiss with AVX2 support.
2025-05-05 16:42:19,986 - INFO - Successfully loaded faiss with AVX2 support.
2025-05-05 16:42:19,992 - INFO - Failed to load GPU Faiss: name 'GpuIndexIVFFlat' is not defined. Will not load constructor refs for GPU indexes.
2025-05-05 16:42:20,152 - INFO - Loaded 1970 chunks from 853 documents
2025-05-05 16:42:20,154 - INFO - File watcher initialized
2025-05-05 16:44:00,278 - INFO - Load pretrained SentenceTransformer: sentence-transformers/all-MiniLM-L6-v2
2025-05-05 16:44:04,465 - INFO - Embeddings initialized successfully
2025-05-05 16:44:10,821 - INFO - Loaded: knowledge_base\ASTUlegislation2017.pdf
2025-05-05 16:44:17,065 - INFO - Loaded: knowledge_base\Course_catalogue_Final.pdf
2025-05-05 16:44:17,267 - INFO - Loaded: knowledge_base\PEOs_and_POs_ASTUs_Programs.pdf
2025-05-05 16:44:17,481 - INFO - Loaded: knowledge_base\Program_Accreditations.pdf
2025-05-05 16:45:08,732 - INFO - Loading faiss with AVX2 support.
2025-05-05 16:45:08,759 - INFO - Successfully loaded faiss with AVX2 support.
2025-05-05 16:45:08,767 - INFO - Failed to load GPU Faiss: name 'GpuIndexIVFFlat' is not defined. Will not load constructor refs for GPU indexes.
2025-05-05 16:45:08,935 - INFO - Loaded 1970 chunks from 853 documents
2025-05-05 16:45:08,938 - INFO - File watcher initialized
2025-05-05 16:45:50,314 - INFO - Load pretrained SentenceTransformer: sentence-transformers/all-MiniLM-L6-v2
2025-05-05 16:45:55,012 - INFO - Embeddings initialized successfully
2025-05-05 16:46:06,287 - INFO - Loaded: knowledge_base\ASTUlegislation2017.pdf
2025-05-05 16:46:17,946 - INFO - Loaded: knowledge_base\Course_catalogue_Final.pdf
2025-05-05 16:46:18,570 - INFO - Loaded: knowledge_base\PEOs_and_POs_ASTUs_Programs.pdf
2025-05-05 16:46:19,097 - INFO - Loaded: knowledge_base\Program_Accreditations.pdf
2025-05-05 16:47:22,791 - INFO - Loading faiss with AVX2 support.
2025-05-05 16:47:22,824 - INFO - Successfully loaded faiss with AVX2 support.
2025-05-05 16:47:22,832 - INFO - Failed to load GPU Faiss: name 'GpuIndexIVFFlat' is not defined. Will not load constructor refs for GPU indexes.
2025-05-05 16:47:22,990 - INFO - Loaded 1970 chunks from 853 documents
2025-05-05 16:47:22,994 - INFO - File watcher initialized
2025-05-05 16:48:17,273 - ERROR - Internal Server Error: /api/conversations/
Traceback (most recent call last):
  File "C:\Users\urjii\OneDrive\Desktop\project\integrated-web-app\venv\Lib\site-packages\django\db\backends\utils.py", line 105, in _execute
    return self.cursor.execute(sql, params)
           ~~~~~~~~~~~~~~~~~~~^^^^^^^^^^^^^
psycopg2.errors.UndefinedColumn: column chatbot_message.edited_at does not exist
LINE 1: ...e"."source_hint", "chatbot_message"."created_at", "chatbot_m...
                                                             ^


The above exception was the direct cause of the following exception:

Traceback (most recent call last):
  File "C:\Users\urjii\OneDrive\Desktop\project\integrated-web-app\venv\Lib\site-packages\django\core\handlers\exception.py", line 55, in inner
    response = get_response(request)
  File "C:\Users\urjii\OneDrive\Desktop\project\integrated-web-app\venv\Lib\site-packages\django\core\handlers\base.py", line 197, in _get_response
    response = wrapped_callback(request, *callback_args, **callback_kwargs)
  File "C:\Users\urjii\OneDrive\Desktop\project\integrated-web-app\venv\Lib\site-packages\django\views\decorators\csrf.py", line 65, in _view_wrapper
    return view_func(request, *args, **kwargs)
  File "C:\Users\urjii\OneDrive\Desktop\project\integrated-web-app\venv\Lib\site-packages\django\views\generic\base.py", line 104, in view
    return self.dispatch(request, *args, **kwargs)
           ~~~~~~~~~~~~~^^^^^^^^^^^^^^^^^^^^^^^^^^
  File "C:\Users\urjii\OneDrive\Desktop\project\integrated-web-app\venv\Lib\site-packages\rest_framework\views.py", line 515, in dispatch
    response = self.handle_exception(exc)
  File "C:\Users\urjii\OneDrive\Desktop\project\integrated-web-app\venv\Lib\site-packages\rest_framework\views.py", line 475, in handle_exception
    self.raise_uncaught_exception(exc)
    ~~~~~~~~~~~~~~~~~~~~~~~~~~~~~^^^^^
  File "C:\Users\urjii\OneDrive\Desktop\project\integrated-web-app\venv\Lib\site-packages\rest_framework\views.py", line 486, in raise_uncaught_exception
    raise exc
  File "C:\Users\urjii\OneDrive\Desktop\project\integrated-web-app\venv\Lib\site-packages\rest_framework\views.py", line 512, in dispatch
    response = handler(request, *args, **kwargs)
  File "C:\Users\urjii\OneDrive\Desktop\project\integrated-web-app\venv\Lib\site-packages\rest_framework\generics.py", line 246, in post
    return self.create(request, *args, **kwargs)
           ~~~~~~~~~~~^^^^^^^^^^^^^^^^^^^^^^^^^^
  File "C:\Users\urjii\OneDrive\Desktop\project\integrated-web-app\venv\Lib\site-packages\rest_framework\mixins.py", line 20, in create
    headers = self.get_success_headers(serializer.data)
                                       ^^^^^^^^^^^^^^^
  File "C:\Users\urjii\OneDrive\Desktop\project\integrated-web-app\venv\Lib\site-packages\rest_framework\serializers.py", line 573, in data
    ret = super().data
          ^^^^^^^^^^^^
  File "C:\Users\urjii\OneDrive\Desktop\project\integrated-web-app\venv\Lib\site-packages\rest_framework\serializers.py", line 251, in data
    self._data = self.to_representation(self.instance)
                 ~~~~~~~~~~~~~~~~~~~~~~^^^^^^^^^^^^^^^
  File "C:\Users\urjii\OneDrive\Desktop\project\integrated-web-app\venv\Lib\site-packages\rest_framework\serializers.py", line 540, in to_representation
    ret[field.field_name] = field.to_representation(attribute)
                            ~~~~~~~~~~~~~~~~~~~~~~~^^^^^^^^^^^
  File "C:\Users\urjii\OneDrive\Desktop\project\integrated-web-app\venv\Lib\site-packages\rest_framework\serializers.py", line 716, in to_representation
    self.child.to_representation(item) for item in iterable
                                                   ^^^^^^^^
  File "C:\Users\urjii\OneDrive\Desktop\project\integrated-web-app\venv\Lib\site-packages\django\db\models\query.py", line 384, in __iter__
    self._fetch_all()
    ~~~~~~~~~~~~~~~^^
  File "C:\Users\urjii\OneDrive\Desktop\project\integrated-web-app\venv\Lib\site-packages\django\db\models\query.py", line 1935, in _fetch_all
    self._result_cache = list(self._iterable_class(self))
                         ~~~~^^^^^^^^^^^^^^^^^^^^^^^^^^^^
  File "C:\Users\urjii\OneDrive\Desktop\project\integrated-web-app\venv\Lib\site-packages\django\db\models\query.py", line 91, in __iter__
    results = compiler.execute_sql(
        chunked_fetch=self.chunked_fetch, chunk_size=self.chunk_size
    )
  File "C:\Users\urjii\OneDrive\Desktop\project\integrated-web-app\venv\Lib\site-packages\django\db\models\sql\compiler.py", line 1622, in execute_sql
    cursor.execute(sql, params)
    ~~~~~~~~~~~~~~^^^^^^^^^^^^^
  File "C:\Users\urjii\OneDrive\Desktop\project\integrated-web-app\venv\Lib\site-packages\django\db\backends\utils.py", line 122, in execute
    return super().execute(sql, params)
           ~~~~~~~~~~~~~~~^^^^^^^^^^^^^
  File "C:\Users\urjii\OneDrive\Desktop\project\integrated-web-app\venv\Lib\site-packages\django\db\backends\utils.py", line 79, in execute
    return self._execute_with_wrappers(
           ~~~~~~~~~~~~~~~~~~~~~~~~~~~^
        sql, params, many=False, executor=self._execute
        ^^^^^^^^^^^^^^^^^^^^^^^^^^^^^^^^^^^^^^^^^^^^^^^
    )
    ^
  File "C:\Users\urjii\OneDrive\Desktop\project\integrated-web-app\venv\Lib\site-packages\django\db\backends\utils.py", line 92, in _execute_with_wrappers
    return executor(sql, params, many, context)
  File "C:\Users\urjii\OneDrive\Desktop\project\integrated-web-app\venv\Lib\site-packages\django\db\backends\utils.py", line 100, in _execute
    with self.db.wrap_database_errors:
         ^^^^^^^^^^^^^^^^^^^^^^^^^^^^
  File "C:\Users\urjii\OneDrive\Desktop\project\integrated-web-app\venv\Lib\site-packages\django\db\utils.py", line 91, in __exit__
    raise dj_exc_value.with_traceback(traceback) from exc_value
  File "C:\Users\urjii\OneDrive\Desktop\project\integrated-web-app\venv\Lib\site-packages\django\db\backends\utils.py", line 105, in _execute
    return self.cursor.execute(sql, params)
           ~~~~~~~~~~~~~~~~~~~^^^^^^^^^^^^^
django.db.utils.ProgrammingError: column chatbot_message.edited_at does not exist
LINE 1: ...e"."source_hint", "chatbot_message"."created_at", "chatbot_m...
                                                             ^

2025-05-05 16:58:53,548 - INFO - Load pretrained SentenceTransformer: sentence-transformers/all-MiniLM-L6-v2
2025-05-05 16:58:56,935 - INFO - Embeddings initialized successfully
2025-05-05 16:59:05,887 - INFO - Loaded: knowledge_base\ASTUlegislation2017.pdf
2025-05-05 16:59:11,427 - INFO - Loaded: knowledge_base\Course_catalogue_Final.pdf
2025-05-05 16:59:11,638 - INFO - Loaded: knowledge_base\PEOs_and_POs_ASTUs_Programs.pdf
2025-05-05 16:59:11,854 - INFO - Loaded: knowledge_base\Program_Accreditations.pdf
2025-05-05 17:00:00,358 - INFO - Loading faiss with AVX2 support.
2025-05-05 17:00:00,385 - INFO - Successfully loaded faiss with AVX2 support.
2025-05-05 17:00:00,392 - INFO - Failed to load GPU Faiss: name 'GpuIndexIVFFlat' is not defined. Will not load constructor refs for GPU indexes.
2025-05-05 17:00:00,546 - INFO - Loaded 1970 chunks from 853 documents
2025-05-05 17:00:00,550 - INFO - File watcher initialized
2025-05-05 17:14:55,483 - INFO - Load pretrained SentenceTransformer: sentence-transformers/all-MiniLM-L6-v2
2025-05-05 17:14:58,773 - INFO - Embeddings initialized successfully
2025-05-05 17:15:02,737 - INFO - Loaded: knowledge_base\ASTUlegislation2017.pdf
2025-05-05 17:15:07,179 - INFO - Loaded: knowledge_base\Course_catalogue_Final.pdf
2025-05-05 17:15:07,380 - INFO - Loaded: knowledge_base\PEOs_and_POs_ASTUs_Programs.pdf
2025-05-05 17:15:07,595 - INFO - Loaded: knowledge_base\Program_Accreditations.pdf
2025-05-05 17:15:52,912 - INFO - Loading faiss with AVX2 support.
2025-05-05 17:15:52,937 - INFO - Successfully loaded faiss with AVX2 support.
2025-05-05 17:15:52,943 - INFO - Failed to load GPU Faiss: name 'GpuIndexIVFFlat' is not defined. Will not load constructor refs for GPU indexes.
2025-05-05 17:15:53,069 - INFO - Loaded 1970 chunks from 853 documents
2025-05-05 17:15:53,072 - INFO - File watcher initialized
2025-05-05 17:16:31,520 - INFO - Load pretrained SentenceTransformer: sentence-transformers/all-MiniLM-L6-v2
2025-05-05 17:16:36,058 - INFO - Embeddings initialized successfully
2025-05-05 17:16:40,002 - INFO - Loaded: knowledge_base\ASTUlegislation2017.pdf
2025-05-05 17:16:44,427 - INFO - Loaded: knowledge_base\Course_catalogue_Final.pdf
2025-05-05 17:16:44,640 - INFO - Loaded: knowledge_base\PEOs_and_POs_ASTUs_Programs.pdf
2025-05-05 17:16:44,851 - INFO - Loaded: knowledge_base\Program_Accreditations.pdf
2025-05-05 17:17:33,418 - INFO - Loading faiss with AVX2 support.
2025-05-05 17:17:33,444 - INFO - Successfully loaded faiss with AVX2 support.
2025-05-05 17:17:33,451 - INFO - Failed to load GPU Faiss: name 'GpuIndexIVFFlat' is not defined. Will not load constructor refs for GPU indexes.
2025-05-05 17:17:33,585 - INFO - Loaded 1970 chunks from 853 documents
2025-05-05 17:17:33,588 - INFO - File watcher initialized
2025-05-05 17:18:44,777 - INFO - Load pretrained SentenceTransformer: sentence-transformers/all-MiniLM-L6-v2
2025-05-05 17:18:48,333 - INFO - Embeddings initialized successfully
2025-05-05 17:18:58,478 - INFO - Loaded: knowledge_base\ASTUlegislation2017.pdf
2025-05-05 17:19:10,411 - INFO - Loaded: knowledge_base\Course_catalogue_Final.pdf
2025-05-05 17:19:10,932 - INFO - Loaded: knowledge_base\PEOs_and_POs_ASTUs_Programs.pdf
2025-05-05 17:19:11,595 - INFO - Loaded: knowledge_base\Program_Accreditations.pdf
2025-05-05 17:20:10,980 - INFO - Loading faiss with AVX2 support.
2025-05-05 17:20:11,005 - INFO - Successfully loaded faiss with AVX2 support.
2025-05-05 17:20:11,011 - INFO - Failed to load GPU Faiss: name 'GpuIndexIVFFlat' is not defined. Will not load constructor refs for GPU indexes.
2025-05-05 17:20:11,139 - INFO - Loaded 1970 chunks from 853 documents
2025-05-05 17:20:11,142 - INFO - File watcher initialized
2025-05-05 17:21:16,144 - WARNING - Bad Request: /api/conversations/
2025-05-05 17:22:50,381 - WARNING - Bad Request: /api/conversations/
2025-05-05 17:23:00,698 - WARNING - Bad Request: /api/conversations/
2025-05-05 17:26:01,768 - WARNING - Not Found: /api/conversations/1/messages/
2025-05-05 17:26:55,730 - WARNING - Not Found: /api/conversations/1/messages/
2025-05-05 17:31:37,545 - WARNING - Attempt 1 failed: 402 Client Error: Payment Required for url: https://api.deepseek.com/v1/chat/completions
2025-05-05 17:31:39,464 - WARNING - Attempt 2 failed: 402 Client Error: Payment Required for url: https://api.deepseek.com/v1/chat/completions
2025-05-05 17:31:57,741 - WARNING - Attempt 3 failed: 402 Client Error: Payment Required for url: https://api.deepseek.com/v1/chat/completions
2025-05-05 17:32:31,638 - WARNING - Not Found: /api/conversations/1/
2025-05-05 18:02:55,135 - WARNING - Not Found: /api/conversations/3/messages/
2025-05-05 18:15:29,290 - INFO - C:\Users\urjii\OneDrive\Desktop\project\integrated-web-app\chatbot\views.py changed, reloading.
2025-05-05 18:19:43,683 - INFO - Load pretrained SentenceTransformer: sentence-transformers/all-MiniLM-L6-v2
2025-05-05 18:19:48,214 - INFO - Embeddings initialized successfully
2025-05-05 18:20:07,482 - INFO - Loaded: knowledge_base\ASTUlegislation2017.pdf
2025-05-05 18:20:20,338 - INFO - Loaded: knowledge_base\Course_catalogue_Final.pdf
2025-05-05 18:20:20,573 - INFO - Loaded: knowledge_base\PEOs_and_POs_ASTUs_Programs.pdf
2025-05-05 18:20:20,810 - INFO - Loaded: knowledge_base\Program_Accreditations.pdf
2025-05-05 18:22:46,455 - INFO - Loading faiss with AVX2 support.
2025-05-05 18:22:46,519 - INFO - Successfully loaded faiss with AVX2 support.
2025-05-05 18:22:46,537 - INFO - Failed to load GPU Faiss: name 'GpuIndexIVFFlat' is not defined. Will not load constructor refs for GPU indexes.
2025-05-05 18:22:46,909 - INFO - Loaded 1970 chunks from 853 documents
2025-05-05 18:22:46,914 - INFO - File watcher initialized
2025-05-05 18:25:38,824 - INFO - C:\Users\urjii\OneDrive\Desktop\project\integrated-web-app\chatbot\models.py changed, reloading.
2025-05-05 18:25:57,718 - INFO - Load pretrained SentenceTransformer: sentence-transformers/all-MiniLM-L6-v2
2025-05-05 18:26:03,011 - INFO - Embeddings initialized successfully
2025-05-05 18:26:13,849 - INFO - Loaded: knowledge_base\ASTUlegislation2017.pdf
2025-05-05 18:26:33,539 - INFO - Loaded: knowledge_base\Course_catalogue_Final.pdf
2025-05-05 18:26:34,363 - INFO - Loaded: knowledge_base\PEOs_and_POs_ASTUs_Programs.pdf
2025-05-05 18:26:34,597 - INFO - Loaded: knowledge_base\Program_Accreditations.pdf
2025-05-05 18:34:26,864 - INFO - Load pretrained SentenceTransformer: sentence-transformers/all-MiniLM-L6-v2
2025-05-05 18:34:30,257 - INFO - Embeddings initialized successfully
2025-05-05 18:34:40,294 - INFO - Loaded: knowledge_base\ASTUlegislation2017.pdf
2025-05-05 18:34:57,261 - INFO - Loaded: knowledge_base\Course_catalogue_Final.pdf
2025-05-05 18:34:57,473 - INFO - Loaded: knowledge_base\PEOs_and_POs_ASTUs_Programs.pdf
2025-05-05 18:34:57,681 - INFO - Loaded: knowledge_base\Program_Accreditations.pdf
2025-05-05 18:37:16,570 - INFO - Loading faiss with AVX2 support.
2025-05-05 18:37:16,616 - INFO - Successfully loaded faiss with AVX2 support.
2025-05-05 18:37:16,628 - INFO - Failed to load GPU Faiss: name 'GpuIndexIVFFlat' is not defined. Will not load constructor refs for GPU indexes.
2025-05-05 18:37:17,010 - INFO - Loaded 1970 chunks from 853 documents
2025-05-05 18:37:17,015 - INFO - File watcher initialized
2025-05-05 18:38:10,269 - INFO - Load pretrained SentenceTransformer: sentence-transformers/all-MiniLM-L6-v2
2025-05-05 18:38:14,081 - INFO - Embeddings initialized successfully
2025-05-05 18:38:23,033 - INFO - Loaded: knowledge_base\ASTUlegislation2017.pdf
2025-05-05 18:38:36,847 - INFO - Loaded: knowledge_base\Course_catalogue_Final.pdf
2025-05-05 18:38:39,714 - INFO - Loaded: knowledge_base\PEOs_and_POs_ASTUs_Programs.pdf
2025-05-05 18:38:40,105 - INFO - Loaded: knowledge_base\Program_Accreditations.pdf
2025-05-05 18:40:49,973 - INFO - Loading faiss with AVX2 support.
2025-05-05 18:40:50,030 - INFO - Successfully loaded faiss with AVX2 support.
2025-05-05 18:40:50,045 - INFO - Failed to load GPU Faiss: name 'GpuIndexIVFFlat' is not defined. Will not load constructor refs for GPU indexes.
2025-05-05 18:40:50,343 - INFO - Loaded 1970 chunks from 853 documents
2025-05-05 18:40:50,348 - INFO - File watcher initialized
2025-05-05 18:41:25,063 - INFO - Load pretrained SentenceTransformer: sentence-transformers/all-MiniLM-L6-v2
2025-05-05 18:41:30,742 - INFO - Embeddings initialized successfully
2025-05-05 18:41:40,529 - INFO - Loaded: knowledge_base\ASTUlegislation2017.pdf
2025-05-05 18:41:51,003 - INFO - Loaded: knowledge_base\Course_catalogue_Final.pdf
2025-05-05 18:41:51,225 - INFO - Loaded: knowledge_base\PEOs_and_POs_ASTUs_Programs.pdf
2025-05-05 18:41:51,454 - INFO - Loaded: knowledge_base\Program_Accreditations.pdf
2025-05-05 18:43:48,956 - INFO - Loading faiss with AVX2 support.
2025-05-05 18:43:48,983 - INFO - Successfully loaded faiss with AVX2 support.
2025-05-05 18:43:48,989 - INFO - Failed to load GPU Faiss: name 'GpuIndexIVFFlat' is not defined. Will not load constructor refs for GPU indexes.
2025-05-05 18:43:49,130 - INFO - Loaded 1970 chunks from 853 documents
2025-05-05 18:43:49,132 - INFO - File watcher initialized
2025-05-05 18:53:57,962 - WARNING - Method Not Allowed: /api/conversations/3/messages/
2025-05-05 18:54:13,745 - WARNING - Method Not Allowed: /api/conversations/3/messages/
2025-05-05 18:54:16,834 - WARNING - Attempt 1 failed: 402 Client Error: Payment Required for url: https://api.deepseek.com/v1/chat/completions
2025-05-05 18:54:19,109 - WARNING - Attempt 2 failed: 402 Client Error: Payment Required for url: https://api.deepseek.com/v1/chat/completions
2025-05-05 18:54:22,264 - WARNING - Attempt 3 failed: 402 Client Error: Payment Required for url: https://api.deepseek.com/v1/chat/completions
2025-05-05 18:54:42,382 - WARNING - Method Not Allowed: /api/conversations/3/messages/
2025-05-05 18:54:44,300 - WARNING - Attempt 1 failed: 402 Client Error: Payment Required for url: https://api.deepseek.com/v1/chat/completions
2025-05-05 18:54:46,474 - WARNING - Attempt 2 failed: 402 Client Error: Payment Required for url: https://api.deepseek.com/v1/chat/completions
2025-05-05 18:54:50,734 - WARNING - Attempt 3 failed: 402 Client Error: Payment Required for url: https://api.deepseek.com/v1/chat/completions
2025-05-05 18:55:19,275 - WARNING - Method Not Allowed: /api/conversations/3/messages/
2025-05-05 18:55:26,048 - WARNING - Not Found: /api/messages/1746460519266/
2025-05-05 18:58:59,699 - WARNING - Method Not Allowed: /api/conversations/1/messages/
2025-05-05 23:05:42,691 - INFO - Load pretrained SentenceTransformer: sentence-transformers/all-MiniLM-L6-v2
2025-05-05 23:05:48,920 - INFO - Embeddings initialized successfully
2025-05-05 23:06:00,407 - INFO - Loaded: knowledge_base\ASTUlegislation2017.pdf
2025-05-05 23:06:22,549 - INFO - Loaded: knowledge_base\Course_catalogue_Final.pdf
2025-05-05 23:06:23,670 - INFO - Loaded: knowledge_base\PEOs_and_POs_ASTUs_Programs.pdf
2025-05-05 23:06:24,984 - INFO - Loaded: knowledge_base\Program_Accreditations.pdf
2025-05-05 23:08:28,726 - INFO - Loading faiss with AVX2 support.
2025-05-05 23:08:28,756 - INFO - Successfully loaded faiss with AVX2 support.
2025-05-05 23:08:28,762 - INFO - Failed to load GPU Faiss: name 'GpuIndexIVFFlat' is not defined. Will not load constructor refs for GPU indexes.
2025-05-05 23:08:29,284 - INFO - Loaded 1970 chunks from 853 documents
2025-05-05 23:08:29,295 - INFO - File watcher initialized
2025-05-05 23:09:25,586 - INFO - Load pretrained SentenceTransformer: sentence-transformers/all-MiniLM-L6-v2
2025-05-05 23:09:34,119 - INFO - Embeddings initialized successfully
2025-05-05 23:09:50,275 - INFO - Loaded: knowledge_base\ASTUlegislation2017.pdf
2025-05-05 23:09:59,082 - WARNING - Method Not Allowed: /api/conversations/8/messages/
2025-05-05 23:10:03,703 - INFO - Loaded: knowledge_base\Course_catalogue_Final.pdf
2025-05-05 23:10:06,358 - INFO - Loaded: knowledge_base\PEOs_and_POs_ASTUs_Programs.pdf
2025-05-05 23:10:06,635 - INFO - Loaded: knowledge_base\Program_Accreditations.pdf
2025-05-05 23:10:11,526 - WARNING - Method Not Allowed: /api/conversations/8/messages/
2025-05-05 23:10:15,017 - WARNING - Attempt 1 failed: 402 Client Error: Payment Required for url: https://api.deepseek.com/v1/chat/completions
2025-05-05 23:10:16,951 - WARNING - Attempt 2 failed: 402 Client Error: Payment Required for url: https://api.deepseek.com/v1/chat/completions
2025-05-05 23:10:21,682 - WARNING - Attempt 3 failed: 402 Client Error: Payment Required for url: https://api.deepseek.com/v1/chat/completions
2025-05-05 23:12:25,155 - INFO - Loading faiss with AVX2 support.
2025-05-05 23:12:25,218 - INFO - Successfully loaded faiss with AVX2 support.
2025-05-05 23:12:25,235 - INFO - Failed to load GPU Faiss: name 'GpuIndexIVFFlat' is not defined. Will not load constructor refs for GPU indexes.
2025-05-05 23:12:25,644 - INFO - Loaded 1970 chunks from 853 documents
2025-05-05 23:12:25,649 - INFO - File watcher initialized
2025-05-06 16:32:15,661 - INFO - Load pretrained SentenceTransformer: sentence-transformers/all-MiniLM-L6-v2
2025-05-06 16:32:21,801 - INFO - Embeddings initialized successfully
2025-05-06 16:32:29,640 - INFO - Loaded: knowledge_base\ASTUlegislation2017.pdf
2025-05-06 16:32:38,104 - INFO - Loaded: knowledge_base\Course_catalogue_Final.pdf
2025-05-06 16:32:38,593 - INFO - Loaded: knowledge_base\PEOs_and_POs_ASTUs_Programs.pdf
2025-05-06 16:32:38,911 - INFO - Loaded: knowledge_base\Program_Accreditations.pdf
2025-05-06 16:33:48,205 - INFO - Loading faiss with AVX2 support.
2025-05-06 16:33:48,443 - INFO - Successfully loaded faiss with AVX2 support.
2025-05-06 16:33:48,466 - INFO - Failed to load GPU Faiss: name 'GpuIndexIVFFlat' is not defined. Will not load constructor refs for GPU indexes.
2025-05-06 16:33:48,861 - INFO - Loaded 1970 chunks from 853 documents
2025-05-06 16:33:48,867 - INFO - File watcher initialized
2025-05-06 16:35:43,068 - WARNING - Unauthorized: /api/auth/register/
2025-05-06 16:35:43,073 - WARNING - Unauthorized: /api/auth/token/refresh/
2025-05-06 16:39:00,174 - WARNING - Method Not Allowed: /api/conversations/9/messages/
2025-05-06 16:39:12,306 - WARNING - Method Not Allowed: /api/conversations/9/messages/
2025-05-06 16:39:14,610 - WARNING - Attempt 1 failed: 402 Client Error: Payment Required for url: https://api.deepseek.com/v1/chat/completions
2025-05-06 16:39:17,037 - WARNING - Attempt 2 failed: 402 Client Error: Payment Required for url: https://api.deepseek.com/v1/chat/completions
2025-05-06 16:39:20,551 - WARNING - Attempt 3 failed: 402 Client Error: Payment Required for url: https://api.deepseek.com/v1/chat/completions
2025-05-06 16:42:52,661 - WARNING - Not Found: /api/questions/
2025-05-06 16:42:52,675 - WARNING - Not Found: /api/questions/
2025-05-06 16:43:10,734 - WARNING - Not Found: /api/questions/
2025-05-06 16:43:10,748 - WARNING - Not Found: /api/questions/
2025-05-06 16:45:34,953 - WARNING - Not Found: /api/questions/
2025-05-06 16:45:34,964 - WARNING - Not Found: /api/questions/
2025-05-06 16:57:45,905 - WARNING - Not Found: /api/questions/
2025-05-06 16:57:45,918 - WARNING - Not Found: /api/questions/
2025-05-06 21:23:55,261 - WARNING - Method Not Allowed: /api/conversations/9/messages/
2025-05-06 21:24:17,950 - WARNING - Method Not Allowed: /api/conversations/9/messages/
2025-05-06 21:24:22,953 - WARNING - Attempt 1 failed: 402 Client Error: Payment Required for url: https://api.deepseek.com/v1/chat/completions
2025-05-06 21:24:26,743 - WARNING - Attempt 2 failed: 402 Client Error: Payment Required for url: https://api.deepseek.com/v1/chat/completions
2025-05-06 21:24:33,348 - WARNING - Attempt 3 failed: 402 Client Error: Payment Required for url: https://api.deepseek.com/v1/chat/completions
2025-05-06 21:25:19,330 - WARNING - Method Not Allowed: /api/conversations/9/messages/
2025-05-06 21:25:21,535 - WARNING - Attempt 1 failed: 402 Client Error: Payment Required for url: https://api.deepseek.com/v1/chat/completions
2025-05-06 21:25:23,884 - WARNING - Attempt 2 failed: 402 Client Error: Payment Required for url: https://api.deepseek.com/v1/chat/completions
2025-05-06 21:25:27,468 - WARNING - Attempt 3 failed: 402 Client Error: Payment Required for url: https://api.deepseek.com/v1/chat/completions
2025-05-06 21:31:16,853 - WARNING - Not Found: /api/questions/
2025-05-06 21:31:16,869 - WARNING - Not Found: /api/questions/
2025-05-06 21:31:23,981 - WARNING - Not Found: /api/questions/
2025-05-06 21:31:23,991 - WARNING - Not Found: /api/questions/
2025-05-06 21:31:43,311 - WARNING - Not Found: /api/questions/
2025-05-06 21:31:43,322 - WARNING - Not Found: /api/questions/
2025-05-06 21:34:22,656 - WARNING - Method Not Allowed: /api/conversations/9/messages/
2025-05-06 21:34:28,160 - WARNING - Attempt 1 failed: 402 Client Error: Payment Required for url: https://api.deepseek.com/v1/chat/completions
2025-05-06 21:34:31,125 - WARNING - Attempt 2 failed: 402 Client Error: Payment Required for url: https://api.deepseek.com/v1/chat/completions
2025-05-06 21:34:35,161 - WARNING - Attempt 3 failed: 402 Client Error: Payment Required for url: https://api.deepseek.com/v1/chat/completions
2025-05-07 09:09:27,597 - INFO - Load pretrained SentenceTransformer: sentence-transformers/all-MiniLM-L6-v2
2025-05-07 09:09:52,398 - INFO - Embeddings initialized successfully
2025-05-07 09:10:03,347 - INFO - Loaded: knowledge_base\ASTUlegislation2017.pdf
2025-05-07 09:10:18,435 - INFO - Loaded: knowledge_base\Course_catalogue_Final.pdf
2025-05-07 09:10:21,287 - INFO - Loaded: knowledge_base\PEOs_and_POs_ASTUs_Programs.pdf
2025-05-07 09:10:22,402 - INFO - Loaded: knowledge_base\Program_Accreditations.pdf
2025-05-07 09:12:43,257 - INFO - Loading faiss with AVX2 support.
2025-05-07 09:12:44,823 - INFO - Successfully loaded faiss with AVX2 support.
2025-05-07 09:12:44,877 - INFO - Failed to load GPU Faiss: name 'GpuIndexIVFFlat' is not defined. Will not load constructor refs for GPU indexes.
2025-05-07 09:12:46,098 - INFO - Loaded 1970 chunks from 853 documents
2025-05-07 09:12:46,122 - INFO - File watcher initialized
2025-05-07 09:18:39,144 - INFO - Load pretrained SentenceTransformer: sentence-transformers/all-MiniLM-L6-v2
2025-05-07 09:29:46,231 - INFO - Embeddings initialized successfully
2025-05-07 09:29:58,317 - INFO - Loaded: knowledge_base\ASTUlegislation2017.pdf
2025-05-07 09:30:11,959 - INFO - Loaded: knowledge_base\Course_catalogue_Final.pdf
2025-05-07 09:30:14,532 - INFO - Loaded: knowledge_base\PEOs_and_POs_ASTUs_Programs.pdf
2025-05-07 09:30:15,026 - INFO - Loaded: knowledge_base\Program_Accreditations.pdf
2025-05-07 09:32:30,118 - INFO - Loading faiss with AVX2 support.
2025-05-07 09:32:30,268 - INFO - Successfully loaded faiss with AVX2 support.
2025-05-07 09:32:30,311 - INFO - Failed to load GPU Faiss: name 'GpuIndexIVFFlat' is not defined. Will not load constructor refs for GPU indexes.
2025-05-07 09:32:31,285 - INFO - Loaded 1970 chunks from 853 documents
2025-05-07 09:32:31,298 - INFO - File watcher initialized
2025-05-07 09:33:13,745 - INFO - Load pretrained SentenceTransformer: sentence-transformers/all-MiniLM-L6-v2
2025-05-07 09:33:18,265 - INFO - Embeddings initialized successfully
2025-05-07 09:33:27,492 - INFO - Loaded: knowledge_base\ASTUlegislation2017.pdf
2025-05-07 09:33:38,064 - INFO - Loaded: knowledge_base\Course_catalogue_Final.pdf
2025-05-07 09:33:39,039 - INFO - Loaded: knowledge_base\PEOs_and_POs_ASTUs_Programs.pdf
2025-05-07 09:33:40,622 - INFO - Loaded: knowledge_base\Program_Accreditations.pdf
2025-05-07 09:35:40,483 - INFO - Loading faiss with AVX2 support.
2025-05-07 09:35:40,503 - INFO - Successfully loaded faiss with AVX2 support.
2025-05-07 09:35:40,508 - INFO - Failed to load GPU Faiss: name 'GpuIndexIVFFlat' is not defined. Will not load constructor refs for GPU indexes.
2025-05-07 09:35:40,608 - INFO - Loaded 1970 chunks from 853 documents
2025-05-07 09:35:40,610 - INFO - File watcher initialized
2025-05-07 09:43:10,750 - INFO - Load pretrained SentenceTransformer: sentence-transformers/all-MiniLM-L6-v2
2025-05-07 09:43:19,360 - INFO - Embeddings initialized successfully
2025-05-07 09:43:29,076 - INFO - Loaded: knowledge_base\ASTUlegislation2017.pdf
2025-05-07 09:43:43,037 - INFO - Loaded: knowledge_base\Course_catalogue_Final.pdf
2025-05-07 09:43:45,470 - INFO - Loaded: knowledge_base\PEOs_and_POs_ASTUs_Programs.pdf
2025-05-07 09:43:46,056 - INFO - Loaded: knowledge_base\Program_Accreditations.pdf
2025-05-07 09:45:51,267 - INFO - Loading faiss with AVX2 support.
2025-05-07 09:45:51,288 - INFO - Successfully loaded faiss with AVX2 support.
2025-05-07 09:45:51,292 - INFO - Failed to load GPU Faiss: name 'GpuIndexIVFFlat' is not defined. Will not load constructor refs for GPU indexes.
2025-05-07 09:45:51,392 - INFO - Loaded 1970 chunks from 853 documents
2025-05-07 09:45:51,395 - INFO - File watcher initialized
2025-05-07 09:53:35,268 - INFO - Load pretrained SentenceTransformer: sentence-transformers/all-MiniLM-L6-v2
2025-05-07 09:53:40,231 - INFO - Embeddings initialized successfully
2025-05-07 09:53:44,266 - INFO - Loaded: knowledge_base\ASTUlegislation2017.pdf
2025-05-07 09:53:48,818 - INFO - Loaded: knowledge_base\Course_catalogue_Final.pdf
2025-05-07 09:53:49,032 - INFO - Loaded: knowledge_base\PEOs_and_POs_ASTUs_Programs.pdf
2025-05-07 09:53:49,259 - INFO - Loaded: knowledge_base\Program_Accreditations.pdf
2025-05-07 09:54:34,456 - INFO - Loading faiss with AVX2 support.
2025-05-07 09:54:34,481 - INFO - Successfully loaded faiss with AVX2 support.
2025-05-07 09:54:34,487 - INFO - Failed to load GPU Faiss: name 'GpuIndexIVFFlat' is not defined. Will not load constructor refs for GPU indexes.
2025-05-07 09:54:34,615 - INFO - Loaded 1970 chunks from 853 documents
2025-05-07 09:54:34,617 - INFO - File watcher initialized
2025-05-07 09:57:44,444 - INFO - Load pretrained SentenceTransformer: sentence-transformers/all-MiniLM-L6-v2
2025-05-07 09:57:49,994 - INFO - Embeddings initialized successfully
2025-05-07 09:58:02,834 - INFO - Loaded: knowledge_base\ASTUlegislation2017.pdf
2025-05-07 09:58:11,914 - INFO - Loaded: knowledge_base\Course_catalogue_Final.pdf
2025-05-07 09:58:12,184 - INFO - Loaded: knowledge_base\PEOs_and_POs_ASTUs_Programs.pdf
2025-05-07 09:58:12,481 - INFO - Loaded: knowledge_base\Program_Accreditations.pdf
2025-05-07 09:59:02,391 - INFO - Loading faiss with AVX2 support.
2025-05-07 09:59:02,420 - INFO - Successfully loaded faiss with AVX2 support.
2025-05-07 09:59:02,427 - INFO - Failed to load GPU Faiss: name 'GpuIndexIVFFlat' is not defined. Will not load constructor refs for GPU indexes.
2025-05-07 09:59:02,608 - INFO - Loaded 1970 chunks from 853 documents
2025-05-07 09:59:02,610 - INFO - File watcher initialized
2025-05-07 10:00:22,763 - INFO - Load pretrained SentenceTransformer: sentence-transformers/all-MiniLM-L6-v2
2025-05-07 10:00:27,196 - INFO - Embeddings initialized successfully
2025-05-07 10:00:31,161 - INFO - Loaded: knowledge_base\ASTUlegislation2017.pdf
2025-05-07 10:00:35,692 - INFO - Loaded: knowledge_base\Course_catalogue_Final.pdf
2025-05-07 10:00:35,900 - INFO - Loaded: knowledge_base\PEOs_and_POs_ASTUs_Programs.pdf
2025-05-07 10:00:36,114 - INFO - Loaded: knowledge_base\Program_Accreditations.pdf
2025-05-07 10:01:22,289 - INFO - Loading faiss with AVX2 support.
2025-05-07 10:01:22,314 - INFO - Successfully loaded faiss with AVX2 support.
2025-05-07 10:01:22,320 - INFO - Failed to load GPU Faiss: name 'GpuIndexIVFFlat' is not defined. Will not load constructor refs for GPU indexes.
2025-05-07 10:01:22,449 - INFO - Loaded 1970 chunks from 853 documents
2025-05-07 10:01:22,451 - INFO - File watcher initialized
2025-05-07 10:01:47,941 - WARNING - Not Found: /api/locations/
2025-05-07 10:03:22,427 - INFO - C:\Users\urjii\OneDrive\Desktop\project\integrated-web-app\myproject\urls.py changed, reloading.
2025-05-07 10:03:29,974 - INFO - Load pretrained SentenceTransformer: sentence-transformers/all-MiniLM-L6-v2
2025-05-07 10:03:35,470 - INFO - Embeddings initialized successfully
2025-05-07 10:03:40,110 - INFO - Loaded: knowledge_base\ASTUlegislation2017.pdf
2025-05-07 10:03:45,586 - INFO - Loaded: knowledge_base\Course_catalogue_Final.pdf
2025-05-07 10:03:45,834 - INFO - Loaded: knowledge_base\PEOs_and_POs_ASTUs_Programs.pdf
2025-05-07 10:03:46,088 - INFO - Loaded: knowledge_base\Program_Accreditations.pdf
2025-05-07 10:04:42,521 - INFO - Loading faiss with AVX2 support.
2025-05-07 10:04:42,549 - INFO - Successfully loaded faiss with AVX2 support.
2025-05-07 10:04:42,556 - INFO - Failed to load GPU Faiss: name 'GpuIndexIVFFlat' is not defined. Will not load constructor refs for GPU indexes.
2025-05-07 10:04:42,715 - INFO - Loaded 1970 chunks from 853 documents
2025-05-07 10:04:42,719 - INFO - File watcher initialized
2025-05-07 10:04:48,586 - INFO - C:\Users\urjii\OneDrive\Desktop\project\integrated-web-app\location\urls.py changed, reloading.
2025-05-07 10:04:57,298 - INFO - Load pretrained SentenceTransformer: sentence-transformers/all-MiniLM-L6-v2
2025-05-07 10:05:02,618 - INFO - Embeddings initialized successfully
2025-05-07 10:05:07,207 - INFO - Loaded: knowledge_base\ASTUlegislation2017.pdf
2025-05-07 10:05:12,088 - INFO - Loaded: knowledge_base\Course_catalogue_Final.pdf
2025-05-07 10:05:12,308 - INFO - Loaded: knowledge_base\PEOs_and_POs_ASTUs_Programs.pdf
2025-05-07 10:05:12,536 - INFO - Loaded: knowledge_base\Program_Accreditations.pdf
2025-05-07 10:06:08,204 - INFO - Loading faiss with AVX2 support.
2025-05-07 10:06:08,232 - INFO - Successfully loaded faiss with AVX2 support.
2025-05-07 10:06:08,239 - INFO - Failed to load GPU Faiss: name 'GpuIndexIVFFlat' is not defined. Will not load constructor refs for GPU indexes.
2025-05-07 10:06:08,383 - INFO - Loaded 1970 chunks from 853 documents
2025-05-07 10:06:08,386 - INFO - File watcher initialized
2025-05-07 10:06:27,432 - WARNING - Unauthorized: /api/locations/
2025-05-07 10:07:11,616 - WARNING - Unauthorized: /api/locations/search/
2025-05-07 10:08:14,654 - INFO - C:\Users\urjii\OneDrive\Desktop\project\integrated-web-app\location\views.py changed, reloading.
2025-05-07 10:08:23,127 - INFO - Load pretrained SentenceTransformer: sentence-transformers/all-MiniLM-L6-v2
2025-05-07 10:08:27,077 - INFO - Embeddings initialized successfully
2025-05-07 10:08:31,608 - INFO - Loaded: knowledge_base\ASTUlegislation2017.pdf
2025-05-07 10:08:36,935 - INFO - Loaded: knowledge_base\Course_catalogue_Final.pdf
2025-05-07 10:08:37,187 - INFO - Loaded: knowledge_base\PEOs_and_POs_ASTUs_Programs.pdf
2025-05-07 10:08:37,430 - INFO - Loaded: knowledge_base\Program_Accreditations.pdf
2025-05-07 10:09:49,120 - INFO - Loading faiss with AVX2 support.
2025-05-07 10:09:49,149 - INFO - Successfully loaded faiss with AVX2 support.
2025-05-07 10:09:49,157 - INFO - Failed to load GPU Faiss: name 'GpuIndexIVFFlat' is not defined. Will not load constructor refs for GPU indexes.
2025-05-07 10:09:49,307 - INFO - Loaded 1970 chunks from 853 documents
2025-05-07 10:09:49,311 - INFO - File watcher initialized
2025-05-07 10:11:09,407 - WARNING - Unauthorized: /api/navigation/
2025-05-07 13:11:34,525 - INFO - Load pretrained SentenceTransformer: sentence-transformers/all-MiniLM-L6-v2
2025-05-07 13:11:41,898 - INFO - Embeddings initialized successfully
2025-05-07 13:11:53,231 - INFO - Loaded: knowledge_base\ASTUlegislation2017.pdf
2025-05-07 13:12:06,521 - INFO - Loaded: knowledge_base\Course_catalogue_Final.pdf
2025-05-07 13:12:07,216 - INFO - Loaded: knowledge_base\PEOs_and_POs_ASTUs_Programs.pdf
2025-05-07 13:12:07,903 - INFO - Loaded: knowledge_base\Program_Accreditations.pdf
2025-05-07 13:13:06,672 - INFO - Loading faiss with AVX2 support.
2025-05-07 13:13:07,098 - INFO - Successfully loaded faiss with AVX2 support.
2025-05-07 13:13:07,108 - INFO - Failed to load GPU Faiss: name 'GpuIndexIVFFlat' is not defined. Will not load constructor refs for GPU indexes.
2025-05-07 13:13:07,250 - INFO - Loaded 1970 chunks from 853 documents
2025-05-07 13:13:07,252 - INFO - File watcher initialized
2025-05-07 13:28:28,037 - INFO - C:\Users\urjii\OneDrive\Desktop\project\integrated-web-app\myproject\settings.py changed, reloading.
2025-05-07 13:28:37,099 - INFO - Load pretrained SentenceTransformer: sentence-transformers/all-MiniLM-L6-v2
2025-05-07 13:28:44,579 - INFO - Embeddings initialized successfully
2025-05-07 13:28:49,914 - INFO - Loaded: knowledge_base\ASTUlegislation2017.pdf
2025-05-07 13:28:54,611 - INFO - Loaded: knowledge_base\Course_catalogue_Final.pdf
2025-05-07 13:28:54,915 - INFO - Loaded: knowledge_base\PEOs_and_POs_ASTUs_Programs.pdf
2025-05-07 13:28:55,158 - INFO - Loaded: knowledge_base\Program_Accreditations.pdf
2025-05-07 13:30:20,788 - INFO - Loading faiss with AVX2 support.
2025-05-07 13:30:20,850 - INFO - Successfully loaded faiss with AVX2 support.
2025-05-07 13:30:20,861 - INFO - Failed to load GPU Faiss: name 'GpuIndexIVFFlat' is not defined. Will not load constructor refs for GPU indexes.
2025-05-07 13:30:21,083 - INFO - Loaded 1970 chunks from 853 documents
2025-05-07 13:30:21,087 - INFO - File watcher initialized
2025-05-07 14:03:31,686 - WARNING - Not Found: /api/questions/
2025-05-07 14:03:31,702 - WARNING - Not Found: /api/questions/
2025-05-07 14:03:44,916 - WARNING - Not Found: /api/questions/
2025-05-07 14:03:44,928 - WARNING - Not Found: /api/questions/
2025-05-07 14:05:42,480 - WARNING - Not Found: /api/questions/
2025-05-07 14:05:42,492 - WARNING - Not Found: /api/questions/
2025-05-07 17:40:50,734 - INFO - C:\Users\urjii\OneDrive\Desktop\project\integrated-web-app\location\models.py changed, reloading.
2025-05-07 17:41:08,042 - INFO - Load pretrained SentenceTransformer: sentence-transformers/all-MiniLM-L6-v2
2025-05-07 17:41:14,435 - INFO - Embeddings initialized successfully
2025-05-07 17:41:27,289 - INFO - Loaded: knowledge_base\ASTUlegislation2017.pdf
2025-05-07 17:41:43,412 - INFO - Loaded: knowledge_base\Course_catalogue_Final.pdf
2025-05-07 17:41:44,654 - INFO - Loaded: knowledge_base\PEOs_and_POs_ASTUs_Programs.pdf
2025-05-07 17:41:48,281 - INFO - Loaded: knowledge_base\Program_Accreditations.pdf
2025-05-07 17:44:02,891 - INFO - Loading faiss with AVX2 support.
2025-05-07 17:44:02,915 - INFO - Successfully loaded faiss with AVX2 support.
2025-05-07 17:44:02,920 - INFO - Failed to load GPU Faiss: name 'GpuIndexIVFFlat' is not defined. Will not load constructor refs for GPU indexes.
2025-05-07 17:44:03,065 - INFO - Loaded 1970 chunks from 853 documents
2025-05-07 17:44:03,068 - INFO - File watcher initialized
2025-05-07 17:44:23,676 - INFO - C:\Users\urjii\OneDrive\Desktop\project\integrated-web-app\myproject\settings.py changed, reloading.
2025-05-07 17:46:57,464 - INFO - Load pretrained SentenceTransformer: sentence-transformers/all-MiniLM-L6-v2
2025-05-07 17:47:01,535 - INFO - Embeddings initialized successfully
2025-05-07 17:47:13,814 - INFO - Loaded: knowledge_base\ASTUlegislation2017.pdf
2025-05-07 17:47:24,517 - INFO - Loaded: knowledge_base\Course_catalogue_Final.pdf
2025-05-07 17:47:24,729 - INFO - Loaded: knowledge_base\PEOs_and_POs_ASTUs_Programs.pdf
2025-05-07 17:47:24,944 - INFO - Loaded: knowledge_base\Program_Accreditations.pdf
2025-05-07 17:49:27,188 - INFO - Loading faiss with AVX2 support.
2025-05-07 17:49:27,208 - INFO - Successfully loaded faiss with AVX2 support.
2025-05-07 17:49:27,213 - INFO - Failed to load GPU Faiss: name 'GpuIndexIVFFlat' is not defined. Will not load constructor refs for GPU indexes.
2025-05-07 17:49:27,327 - INFO - Loaded 1970 chunks from 853 documents
2025-05-07 17:49:27,330 - INFO - File watcher initialized
2025-05-07 17:50:14,698 - INFO - Load pretrained SentenceTransformer: sentence-transformers/all-MiniLM-L6-v2
2025-05-07 17:50:19,219 - INFO - Embeddings initialized successfully
2025-05-07 17:50:25,063 - INFO - Loaded: knowledge_base\ASTUlegislation2017.pdf
2025-05-07 17:50:39,543 - INFO - Loaded: knowledge_base\Course_catalogue_Final.pdf
2025-05-07 17:50:39,767 - INFO - Loaded: knowledge_base\PEOs_and_POs_ASTUs_Programs.pdf
2025-05-07 17:50:40,009 - INFO - Loaded: knowledge_base\Program_Accreditations.pdf
2025-05-07 17:52:42,187 - INFO - Loading faiss with AVX2 support.
2025-05-07 17:52:42,329 - INFO - Successfully loaded faiss with AVX2 support.
2025-05-07 17:52:42,376 - INFO - Failed to load GPU Faiss: name 'GpuIndexIVFFlat' is not defined. Will not load constructor refs for GPU indexes.
2025-05-07 17:52:43,421 - INFO - Loaded 1970 chunks from 853 documents
2025-05-07 17:52:43,424 - INFO - File watcher initialized
2025-05-07 17:53:16,826 - INFO - Load pretrained SentenceTransformer: sentence-transformers/all-MiniLM-L6-v2
2025-05-07 17:53:20,804 - INFO - Embeddings initialized successfully
2025-05-07 17:53:37,175 - INFO - Loaded: knowledge_base\ASTUlegislation2017.pdf
2025-05-07 17:53:47,373 - INFO - Loaded: knowledge_base\Course_catalogue_Final.pdf
2025-05-07 17:53:47,614 - INFO - Loaded: knowledge_base\PEOs_and_POs_ASTUs_Programs.pdf
2025-05-07 17:53:47,837 - INFO - Loaded: knowledge_base\Program_Accreditations.pdf
2025-05-07 17:55:54,692 - INFO - Loading faiss with AVX2 support.
2025-05-07 17:55:54,848 - INFO - Successfully loaded faiss with AVX2 support.
2025-05-07 17:55:54,892 - INFO - Failed to load GPU Faiss: name 'GpuIndexIVFFlat' is not defined. Will not load constructor refs for GPU indexes.
2025-05-07 17:55:55,897 - INFO - Loaded 1970 chunks from 853 documents
2025-05-07 17:55:55,922 - INFO - File watcher initialized
2025-05-07 17:57:08,165 - INFO - Load pretrained SentenceTransformer: sentence-transformers/all-MiniLM-L6-v2
2025-05-07 17:57:12,184 - INFO - Embeddings initialized successfully
2025-05-07 17:57:21,896 - INFO - Loaded: knowledge_base\ASTUlegislation2017.pdf
2025-05-07 17:57:32,430 - INFO - Loaded: knowledge_base\Course_catalogue_Final.pdf
2025-05-07 17:57:32,640 - INFO - Loaded: knowledge_base\PEOs_and_POs_ASTUs_Programs.pdf
2025-05-07 17:57:32,849 - INFO - Loaded: knowledge_base\Program_Accreditations.pdf
2025-05-07 17:59:31,256 - INFO - Loading faiss with AVX2 support.
2025-05-07 17:59:31,415 - INFO - Successfully loaded faiss with AVX2 support.
2025-05-07 17:59:31,456 - INFO - Failed to load GPU Faiss: name 'GpuIndexIVFFlat' is not defined. Will not load constructor refs for GPU indexes.
2025-05-07 17:59:32,361 - INFO - Loaded 1970 chunks from 853 documents
2025-05-07 17:59:32,378 - INFO - File watcher initialized
2025-05-07 18:39:14,475 - INFO - C:\Users\urjii\OneDrive\Desktop\project\integrated-web-app\location\models.py changed, reloading.
2025-05-07 18:40:09,158 - INFO - Load pretrained SentenceTransformer: sentence-transformers/all-MiniLM-L6-v2
2025-05-07 18:40:17,833 - INFO - Embeddings initialized successfully
2025-05-07 18:40:35,363 - INFO - Loaded: knowledge_base\ASTUlegislation2017.pdf
2025-05-07 18:40:47,784 - INFO - Loaded: knowledge_base\Course_catalogue_Final.pdf
2025-05-07 18:40:51,209 - INFO - Loaded: knowledge_base\PEOs_and_POs_ASTUs_Programs.pdf
2025-05-07 18:40:54,221 - INFO - Loaded: knowledge_base\Program_Accreditations.pdf
2025-05-07 18:42:43,501 - INFO - Load pretrained SentenceTransformer: sentence-transformers/all-MiniLM-L6-v2
2025-05-07 18:42:51,759 - INFO - Embeddings initialized successfully
2025-05-07 18:43:09,668 - INFO - Loading faiss with AVX2 support.
2025-05-07 18:43:09,911 - INFO - Successfully loaded faiss with AVX2 support.
2025-05-07 18:43:09,916 - INFO - Failed to load GPU Faiss: name 'GpuIndexIVFFlat' is not defined. Will not load constructor refs for GPU indexes.
2025-05-07 18:43:10,723 - INFO - Loaded 1970 chunks from 853 documents
2025-05-07 18:43:10,740 - INFO - File watcher initialized
2025-05-07 18:43:17,022 - INFO - Loaded: knowledge_base\ASTUlegislation2017.pdf
2025-05-07 18:43:27,946 - INFO - Loaded: knowledge_base\Course_catalogue_Final.pdf
2025-05-07 18:43:28,172 - INFO - Loaded: knowledge_base\PEOs_and_POs_ASTUs_Programs.pdf
2025-05-07 18:43:28,382 - INFO - Loaded: knowledge_base\Program_Accreditations.pdf
2025-05-07 18:45:30,207 - INFO - Loading faiss with AVX2 support.
2025-05-07 18:45:30,369 - INFO - Successfully loaded faiss with AVX2 support.
2025-05-07 18:45:30,422 - INFO - Failed to load GPU Faiss: name 'GpuIndexIVFFlat' is not defined. Will not load constructor refs for GPU indexes.
2025-05-07 18:45:31,472 - INFO - Loaded 1970 chunks from 853 documents
2025-05-07 18:45:31,485 - INFO - File watcher initialized
2025-05-07 18:45:59,777 - INFO - Load pretrained SentenceTransformer: sentence-transformers/all-MiniLM-L6-v2
2025-05-07 18:46:03,715 - INFO - Embeddings initialized successfully
2025-05-07 18:46:13,262 - INFO - Loaded: knowledge_base\ASTUlegislation2017.pdf
2025-05-07 18:46:24,228 - INFO - Loaded: knowledge_base\Course_catalogue_Final.pdf
2025-05-07 18:46:24,439 - INFO - Loaded: knowledge_base\PEOs_and_POs_ASTUs_Programs.pdf
2025-05-07 18:46:24,656 - INFO - Loaded: knowledge_base\Program_Accreditations.pdf
2025-05-07 18:48:32,973 - INFO - Loading faiss with AVX2 support.
2025-05-07 18:48:32,998 - INFO - Successfully loaded faiss with AVX2 support.
2025-05-07 18:48:33,003 - INFO - Failed to load GPU Faiss: name 'GpuIndexIVFFlat' is not defined. Will not load constructor refs for GPU indexes.
2025-05-07 18:48:33,114 - INFO - Loaded 1970 chunks from 853 documents
2025-05-07 18:48:33,117 - INFO - File watcher initialized
2025-05-07 19:07:22,505 - INFO - Load pretrained SentenceTransformer: sentence-transformers/all-MiniLM-L6-v2
2025-05-07 19:07:26,128 - INFO - Embeddings initialized successfully
2025-05-07 19:07:39,418 - INFO - Loaded: knowledge_base\ASTUlegislation2017.pdf
2025-05-07 19:07:55,145 - INFO - Loaded: knowledge_base\Course_catalogue_Final.pdf
2025-05-07 19:07:57,601 - INFO - Loaded: knowledge_base\PEOs_and_POs_ASTUs_Programs.pdf
2025-05-07 19:07:57,999 - INFO - Loaded: knowledge_base\Program_Accreditations.pdf
2025-05-07 19:10:07,942 - INFO - Loading faiss with AVX2 support.
2025-05-07 19:10:07,962 - INFO - Successfully loaded faiss with AVX2 support.
2025-05-07 19:10:07,967 - INFO - Failed to load GPU Faiss: name 'GpuIndexIVFFlat' is not defined. Will not load constructor refs for GPU indexes.
2025-05-07 19:10:08,082 - INFO - Loaded 1970 chunks from 853 documents
2025-05-07 19:10:08,084 - INFO - File watcher initialized
2025-05-07 19:10:49,686 - INFO - Load pretrained SentenceTransformer: sentence-transformers/all-MiniLM-L6-v2
2025-05-07 19:10:53,866 - INFO - Embeddings initialized successfully
2025-05-07 19:11:09,090 - INFO - Loaded: knowledge_base\ASTUlegislation2017.pdf
2025-05-07 19:11:20,055 - INFO - Loaded: knowledge_base\Course_catalogue_Final.pdf
2025-05-07 19:11:22,172 - INFO - Loaded: knowledge_base\PEOs_and_POs_ASTUs_Programs.pdf
2025-05-07 19:11:24,682 - INFO - Loaded: knowledge_base\Program_Accreditations.pdf
2025-05-07 19:13:30,485 - INFO - Loading faiss with AVX2 support.
2025-05-07 19:13:30,638 - INFO - Successfully loaded faiss with AVX2 support.
2025-05-07 19:13:30,676 - INFO - Failed to load GPU Faiss: name 'GpuIndexIVFFlat' is not defined. Will not load constructor refs for GPU indexes.
2025-05-07 19:13:31,653 - INFO - Loaded 1970 chunks from 853 documents
2025-05-07 19:13:31,664 - INFO - File watcher initialized
2025-05-07 19:15:22,878 - INFO - Load pretrained SentenceTransformer: sentence-transformers/all-MiniLM-L6-v2
2025-05-07 19:15:26,382 - INFO - Embeddings initialized successfully
2025-05-07 19:15:42,778 - INFO - Loaded: knowledge_base\ASTUlegislation2017.pdf
2025-05-07 19:15:54,357 - INFO - Loaded: knowledge_base\Course_catalogue_Final.pdf
2025-05-07 19:15:56,868 - INFO - Loaded: knowledge_base\PEOs_and_POs_ASTUs_Programs.pdf
2025-05-07 19:15:59,501 - INFO - Loaded: knowledge_base\Program_Accreditations.pdf
2025-05-07 19:18:09,423 - INFO - Loading faiss with AVX2 support.
2025-05-07 19:18:09,444 - INFO - Successfully loaded faiss with AVX2 support.
2025-05-07 19:18:09,448 - INFO - Failed to load GPU Faiss: name 'GpuIndexIVFFlat' is not defined. Will not load constructor refs for GPU indexes.
2025-05-07 19:18:09,550 - INFO - Loaded 1970 chunks from 853 documents
2025-05-07 19:18:09,552 - INFO - File watcher initialized
2025-05-07 19:29:43,162 - INFO - Load pretrained SentenceTransformer: sentence-transformers/all-MiniLM-L6-v2
2025-05-07 19:29:43,449 - INFO - Embeddings initialized successfully
2025-05-07 19:29:47,593 - INFO - Loaded: knowledge_base\ASTUlegislation2017.pdf
2025-05-07 19:29:51,957 - INFO - Loaded: knowledge_base\Course_catalogue_Final.pdf
2025-05-07 19:29:52,166 - INFO - Loaded: knowledge_base\PEOs_and_POs_ASTUs_Programs.pdf
2025-05-07 19:29:52,381 - INFO - Loaded: knowledge_base\Program_Accreditations.pdf
2025-05-07 19:30:37,824 - INFO - Loading faiss with AVX2 support.
2025-05-07 19:30:37,858 - INFO - Successfully loaded faiss with AVX2 support.
2025-05-07 19:30:37,867 - INFO - Failed to load GPU Faiss: name 'GpuIndexIVFFlat' is not defined. Will not load constructor refs for GPU indexes.
2025-05-07 19:30:38,061 - INFO - Loaded 1970 chunks from 853 documents
2025-05-07 19:30:38,064 - INFO - File watcher initialized
2025-05-07 19:33:59,165 - INFO - Load pretrained SentenceTransformer: sentence-transformers/all-MiniLM-L6-v2
2025-05-07 19:34:03,029 - INFO - Embeddings initialized successfully
2025-05-07 19:34:07,051 - INFO - Loaded: knowledge_base\ASTUlegislation2017.pdf
2025-05-07 19:34:11,575 - INFO - Loaded: knowledge_base\Course_catalogue_Final.pdf
2025-05-07 19:34:11,781 - INFO - Loaded: knowledge_base\PEOs_and_POs_ASTUs_Programs.pdf
2025-05-07 19:34:12,001 - INFO - Loaded: knowledge_base\Program_Accreditations.pdf
2025-05-07 19:34:57,165 - INFO - Loading faiss with AVX2 support.
2025-05-07 19:34:57,192 - INFO - Successfully loaded faiss with AVX2 support.
2025-05-07 19:34:57,198 - INFO - Failed to load GPU Faiss: name 'GpuIndexIVFFlat' is not defined. Will not load constructor refs for GPU indexes.
2025-05-07 19:34:57,348 - INFO - Loaded 1970 chunks from 853 documents
2025-05-07 19:34:57,350 - INFO - File watcher initialized
2025-05-07 19:35:34,464 - INFO - Load pretrained SentenceTransformer: sentence-transformers/all-MiniLM-L6-v2
2025-05-07 19:35:38,981 - INFO - Embeddings initialized successfully
2025-05-07 19:35:51,560 - INFO - Loaded: knowledge_base\ASTUlegislation2017.pdf
2025-05-07 19:36:05,333 - INFO - Loaded: knowledge_base\Course_catalogue_Final.pdf
2025-05-07 19:36:05,927 - INFO - Loaded: knowledge_base\PEOs_and_POs_ASTUs_Programs.pdf
2025-05-07 19:36:06,578 - INFO - Loaded: knowledge_base\Program_Accreditations.pdf
2025-05-07 19:37:16,513 - INFO - Loading faiss with AVX2 support.
2025-05-07 19:37:16,538 - INFO - Successfully loaded faiss with AVX2 support.
2025-05-07 19:37:16,544 - INFO - Failed to load GPU Faiss: name 'GpuIndexIVFFlat' is not defined. Will not load constructor refs for GPU indexes.
2025-05-07 19:37:16,671 - INFO - Loaded 1970 chunks from 853 documents
2025-05-07 19:37:16,674 - INFO - File watcher initialized
2025-05-07 19:37:25,467 - ERROR - Internal Server Error: /api/locations/
Traceback (most recent call last):
  File "C:\Users\urjii\OneDrive\Desktop\project\integrated-web-app\venv\Lib\site-packages\django\core\handlers\exception.py", line 55, in inner
    response = get_response(request)
  File "C:\Users\urjii\OneDrive\Desktop\project\integrated-web-app\venv\Lib\site-packages\django\core\handlers\base.py", line 197, in _get_response
    response = wrapped_callback(request, *callback_args, **callback_kwargs)
  File "C:\Users\urjii\OneDrive\Desktop\project\integrated-web-app\venv\Lib\site-packages\django\views\decorators\csrf.py", line 65, in _view_wrapper
    return view_func(request, *args, **kwargs)
  File "C:\Users\urjii\OneDrive\Desktop\project\integrated-web-app\venv\Lib\site-packages\django\views\generic\base.py", line 104, in view
    return self.dispatch(request, *args, **kwargs)
           ~~~~~~~~~~~~~^^^^^^^^^^^^^^^^^^^^^^^^^^
  File "C:\Users\urjii\OneDrive\Desktop\project\integrated-web-app\venv\Lib\site-packages\rest_framework\views.py", line 515, in dispatch
    response = self.handle_exception(exc)
  File "C:\Users\urjii\OneDrive\Desktop\project\integrated-web-app\venv\Lib\site-packages\rest_framework\views.py", line 475, in handle_exception
    self.raise_uncaught_exception(exc)
    ~~~~~~~~~~~~~~~~~~~~~~~~~~~~~^^^^^
  File "C:\Users\urjii\OneDrive\Desktop\project\integrated-web-app\venv\Lib\site-packages\rest_framework\views.py", line 486, in raise_uncaught_exception
    raise exc
  File "C:\Users\urjii\OneDrive\Desktop\project\integrated-web-app\venv\Lib\site-packages\rest_framework\views.py", line 512, in dispatch
    response = handler(request, *args, **kwargs)
  File "C:\Users\urjii\OneDrive\Desktop\project\integrated-web-app\venv\Lib\site-packages\rest_framework\generics.py", line 203, in get
    return self.list(request, *args, **kwargs)
           ~~~~~~~~~^^^^^^^^^^^^^^^^^^^^^^^^^^
  File "C:\Users\urjii\OneDrive\Desktop\project\integrated-web-app\venv\Lib\site-packages\rest_framework\mixins.py", line 46, in list
    return Response(serializer.data)
                    ^^^^^^^^^^^^^^^
  File "C:\Users\urjii\OneDrive\Desktop\project\integrated-web-app\venv\Lib\site-packages\rest_framework\serializers.py", line 797, in data
    ret = super().data
          ^^^^^^^^^^^^
  File "C:\Users\urjii\OneDrive\Desktop\project\integrated-web-app\venv\Lib\site-packages\rest_framework\serializers.py", line 251, in data
    self._data = self.to_representation(self.instance)
                 ~~~~~~~~~~~~~~~~~~~~~~^^^^^^^^^^^^^^^
  File "C:\Users\urjii\OneDrive\Desktop\project\integrated-web-app\venv\Lib\site-packages\rest_framework\serializers.py", line 716, in to_representation
    self.child.to_representation(item) for item in iterable
    ~~~~~~~~~~~~~~~~~~~~~~~~~~~~^^^^^^
  File "C:\Users\urjii\OneDrive\Desktop\project\integrated-web-app\venv\Lib\site-packages\rest_framework\serializers.py", line 525, in to_representation
    for field in fields:
                 ^^^^^^
  File "C:\Users\urjii\OneDrive\Desktop\project\integrated-web-app\venv\Lib\site-packages\rest_framework\serializers.py", line 386, in _readable_fields
    for field in self.fields.values():
                 ^^^^^^^^^^^
  File "C:\Users\urjii\OneDrive\Desktop\project\integrated-web-app\venv\Lib\site-packages\django\utils\functional.py", line 47, in __get__
    res = instance.__dict__[self.name] = self.func(instance)
                                         ~~~~~~~~~^^^^^^^^^^
  File "C:\Users\urjii\OneDrive\Desktop\project\integrated-web-app\venv\Lib\site-packages\rest_framework\serializers.py", line 374, in fields
    for key, value in self.get_fields().items():
                      ~~~~~~~~~~~~~~~^^
  File "C:\Users\urjii\OneDrive\Desktop\project\integrated-web-app\venv\Lib\site-packages\rest_framework\serializers.py", line 1105, in get_fields
    field_class, field_kwargs = self.build_field(
                                ~~~~~~~~~~~~~~~~^
        source, info, model, depth
        ^^^^^^^^^^^^^^^^^^^^^^^^^^
    )
    ^
  File "C:\Users\urjii\OneDrive\Desktop\project\integrated-web-app\venv\Lib\site-packages\rest_framework\serializers.py", line 1251, in build_field
    return self.build_unknown_field(field_name, model_class)
           ~~~~~~~~~~~~~~~~~~~~~~~~^^^^^^^^^^^^^^^^^^^^^^^^^
  File "C:\Users\urjii\OneDrive\Desktop\project\integrated-web-app\venv\Lib\site-packages\rest_framework\serializers.py", line 1369, in build_unknown_field
    raise ImproperlyConfigured(
    ...<2 lines>...
    )
django.core.exceptions.ImproperlyConfigured: Field name `type` is not valid for model `Location` in `location.serializers.LocationSerializer`.
2025-05-07 19:49:05,387 - INFO - C:\Users\urjii\OneDrive\Desktop\project\integrated-web-app\location\models.py changed, reloading.
2025-05-07 19:49:13,437 - INFO - Load pretrained SentenceTransformer: sentence-transformers/all-MiniLM-L6-v2
2025-05-07 19:49:17,133 - INFO - Embeddings initialized successfully
2025-05-07 19:49:25,217 - INFO - Loaded: knowledge_base\ASTUlegislation2017.pdf
2025-05-07 19:49:30,140 - INFO - Loaded: knowledge_base\Course_catalogue_Final.pdf
2025-05-07 19:49:30,371 - INFO - Loaded: knowledge_base\PEOs_and_POs_ASTUs_Programs.pdf
2025-05-07 19:49:30,637 - INFO - Loaded: knowledge_base\Program_Accreditations.pdf
2025-05-07 19:50:31,169 - INFO - Load pretrained SentenceTransformer: sentence-transformers/all-MiniLM-L6-v2
2025-05-07 19:50:36,503 - INFO - Loading faiss with AVX2 support.
2025-05-07 19:50:36,535 - INFO - Successfully loaded faiss with AVX2 support.
2025-05-07 19:50:36,547 - INFO - Failed to load GPU Faiss: name 'GpuIndexIVFFlat' is not defined. Will not load constructor refs for GPU indexes.
2025-05-07 19:50:36,667 - INFO - Embeddings initialized successfully
2025-05-07 19:50:36,828 - INFO - Loaded 1970 chunks from 853 documents
2025-05-07 19:50:36,833 - INFO - File watcher initialized
2025-05-07 19:50:47,062 - INFO - Loaded: knowledge_base\ASTUlegislation2017.pdf
2025-05-07 19:50:59,160 - INFO - Loaded: knowledge_base\Course_catalogue_Final.pdf
2025-05-07 19:50:59,830 - INFO - Loaded: knowledge_base\PEOs_and_POs_ASTUs_Programs.pdf
2025-05-07 19:51:00,347 - INFO - Loaded: knowledge_base\Program_Accreditations.pdf
2025-05-07 19:52:14,498 - INFO - Loading faiss with AVX2 support.
2025-05-07 19:52:14,526 - INFO - Successfully loaded faiss with AVX2 support.
2025-05-07 19:52:14,533 - INFO - Failed to load GPU Faiss: name 'GpuIndexIVFFlat' is not defined. Will not load constructor refs for GPU indexes.
2025-05-07 19:52:14,689 - INFO - Loaded 1970 chunks from 853 documents
2025-05-07 19:52:14,692 - INFO - File watcher initialized
2025-05-07 19:52:22,721 - INFO - Load pretrained SentenceTransformer: sentence-transformers/all-MiniLM-L6-v2
2025-05-07 19:52:26,495 - INFO - Embeddings initialized successfully
2025-05-07 19:52:30,679 - INFO - Loaded: knowledge_base\ASTUlegislation2017.pdf
2025-05-07 19:52:35,728 - INFO - Loaded: knowledge_base\Course_catalogue_Final.pdf
2025-05-07 19:52:35,988 - INFO - Loaded: knowledge_base\PEOs_and_POs_ASTUs_Programs.pdf
2025-05-07 19:52:36,238 - INFO - Loaded: knowledge_base\Program_Accreditations.pdf
2025-05-07 19:53:41,186 - INFO - Loading faiss with AVX2 support.
2025-05-07 19:53:41,221 - INFO - Successfully loaded faiss with AVX2 support.
2025-05-07 19:53:41,230 - INFO - Failed to load GPU Faiss: name 'GpuIndexIVFFlat' is not defined. Will not load constructor refs for GPU indexes.
2025-05-07 19:53:41,395 - INFO - Loaded 1970 chunks from 853 documents
2025-05-07 19:53:41,397 - INFO - File watcher initialized
2025-05-07 19:53:58,191 - INFO - Load pretrained SentenceTransformer: sentence-transformers/all-MiniLM-L6-v2
2025-05-07 19:54:01,736 - INFO - Embeddings initialized successfully
2025-05-07 19:54:05,849 - INFO - Loaded: knowledge_base\ASTUlegislation2017.pdf
2025-05-07 19:54:10,563 - INFO - Loaded: knowledge_base\Course_catalogue_Final.pdf
2025-05-07 19:54:10,803 - INFO - Loaded: knowledge_base\PEOs_and_POs_ASTUs_Programs.pdf
2025-05-07 19:54:11,047 - INFO - Loaded: knowledge_base\Program_Accreditations.pdf
2025-05-07 19:55:16,362 - INFO - Loading faiss with AVX2 support.
2025-05-07 19:55:16,391 - INFO - Successfully loaded faiss with AVX2 support.
2025-05-07 19:55:16,398 - INFO - Failed to load GPU Faiss: name 'GpuIndexIVFFlat' is not defined. Will not load constructor refs for GPU indexes.
2025-05-07 19:55:16,554 - INFO - Loaded 1970 chunks from 853 documents
2025-05-07 19:55:16,558 - INFO - File watcher initialized
2025-05-07 20:16:04,540 - INFO - C:\Users\urjii\OneDrive\Desktop\project\integrated-web-app\location\serializers.py changed, reloading.
2025-05-07 20:16:12,407 - INFO - Load pretrained SentenceTransformer: sentence-transformers/all-MiniLM-L6-v2
2025-05-07 20:16:16,198 - INFO - Embeddings initialized successfully
2025-05-07 20:16:25,890 - INFO - Loaded: knowledge_base\ASTUlegislation2017.pdf
2025-05-07 20:16:39,127 - INFO - Loaded: knowledge_base\Course_catalogue_Final.pdf
2025-05-07 20:16:39,903 - INFO - Loaded: knowledge_base\PEOs_and_POs_ASTUs_Programs.pdf
2025-05-07 20:16:40,659 - INFO - Loaded: knowledge_base\Program_Accreditations.pdf
2025-05-07 20:17:38,595 - INFO - Loading faiss with AVX2 support.
2025-05-07 20:17:38,634 - INFO - Successfully loaded faiss with AVX2 support.
2025-05-07 20:17:38,645 - INFO - Failed to load GPU Faiss: name 'GpuIndexIVFFlat' is not defined. Will not load constructor refs for GPU indexes.
2025-05-07 20:17:38,828 - INFO - Loaded 1970 chunks from 853 documents
2025-05-07 20:17:38,833 - INFO - File watcher initialized
2025-05-07 20:19:03,010 - ERROR - Internal Server Error: /api/locations/
Traceback (most recent call last):
  File "C:\Users\urjii\OneDrive\Desktop\project\integrated-web-app\venv\Lib\site-packages\django\core\handlers\exception.py", line 55, in inner
    response = get_response(request)
  File "C:\Users\urjii\OneDrive\Desktop\project\integrated-web-app\venv\Lib\site-packages\django\core\handlers\base.py", line 197, in _get_response
    response = wrapped_callback(request, *callback_args, **callback_kwargs)
  File "C:\Users\urjii\OneDrive\Desktop\project\integrated-web-app\venv\Lib\site-packages\django\views\decorators\csrf.py", line 65, in _view_wrapper
    return view_func(request, *args, **kwargs)
  File "C:\Users\urjii\OneDrive\Desktop\project\integrated-web-app\venv\Lib\site-packages\django\views\generic\base.py", line 104, in view
    return self.dispatch(request, *args, **kwargs)
           ~~~~~~~~~~~~~^^^^^^^^^^^^^^^^^^^^^^^^^^
  File "C:\Users\urjii\OneDrive\Desktop\project\integrated-web-app\venv\Lib\site-packages\rest_framework\views.py", line 515, in dispatch
    response = self.handle_exception(exc)
  File "C:\Users\urjii\OneDrive\Desktop\project\integrated-web-app\venv\Lib\site-packages\rest_framework\views.py", line 475, in handle_exception
    self.raise_uncaught_exception(exc)
    ~~~~~~~~~~~~~~~~~~~~~~~~~~~~~^^^^^
  File "C:\Users\urjii\OneDrive\Desktop\project\integrated-web-app\venv\Lib\site-packages\rest_framework\views.py", line 486, in raise_uncaught_exception
    raise exc
  File "C:\Users\urjii\OneDrive\Desktop\project\integrated-web-app\venv\Lib\site-packages\rest_framework\views.py", line 512, in dispatch
    response = handler(request, *args, **kwargs)
  File "C:\Users\urjii\OneDrive\Desktop\project\integrated-web-app\venv\Lib\site-packages\rest_framework\generics.py", line 203, in get
    return self.list(request, *args, **kwargs)
           ~~~~~~~~~^^^^^^^^^^^^^^^^^^^^^^^^^^
  File "C:\Users\urjii\OneDrive\Desktop\project\integrated-web-app\venv\Lib\site-packages\rest_framework\mixins.py", line 46, in list
    return Response(serializer.data)
                    ^^^^^^^^^^^^^^^
  File "C:\Users\urjii\OneDrive\Desktop\project\integrated-web-app\venv\Lib\site-packages\rest_framework\serializers.py", line 797, in data
    ret = super().data
          ^^^^^^^^^^^^
  File "C:\Users\urjii\OneDrive\Desktop\project\integrated-web-app\venv\Lib\site-packages\rest_framework\serializers.py", line 251, in data
    self._data = self.to_representation(self.instance)
                 ~~~~~~~~~~~~~~~~~~~~~~^^^^^^^^^^^^^^^
  File "C:\Users\urjii\OneDrive\Desktop\project\integrated-web-app\venv\Lib\site-packages\rest_framework\serializers.py", line 716, in to_representation
    self.child.to_representation(item) for item in iterable
    ~~~~~~~~~~~~~~~~~~~~~~~~~~~~^^^^^^
  File "C:\Users\urjii\OneDrive\Desktop\project\integrated-web-app\venv\Lib\site-packages\rest_framework\serializers.py", line 525, in to_representation
    for field in fields:
                 ^^^^^^
  File "C:\Users\urjii\OneDrive\Desktop\project\integrated-web-app\venv\Lib\site-packages\rest_framework\serializers.py", line 386, in _readable_fields
    for field in self.fields.values():
                 ^^^^^^^^^^^
  File "C:\Users\urjii\OneDrive\Desktop\project\integrated-web-app\venv\Lib\site-packages\django\utils\functional.py", line 47, in __get__
    res = instance.__dict__[self.name] = self.func(instance)
                                         ~~~~~~~~~^^^^^^^^^^
  File "C:\Users\urjii\OneDrive\Desktop\project\integrated-web-app\venv\Lib\site-packages\rest_framework\serializers.py", line 374, in fields
    for key, value in self.get_fields().items():
                      ~~~~~~~~~~~~~~~^^
  File "C:\Users\urjii\OneDrive\Desktop\project\integrated-web-app\venv\Lib\site-packages\rest_framework\serializers.py", line 1081, in get_fields
    field_names = self.get_field_names(declared_fields, info)
  File "C:\Users\urjii\OneDrive\Desktop\project\integrated-web-app\venv\Lib\site-packages\rest_framework\serializers.py", line 1177, in get_field_names
    assert field_name in fields, (
           ^^^^^^^^^^^^^^^^^^^^
AssertionError: The field 'type' was declared on serializer LocationSerializer, but has not been included in the 'fields' option.
2025-05-07 20:19:03,197 - ERROR - Internal Server Error: /api/locations/
Traceback (most recent call last):
  File "C:\Users\urjii\OneDrive\Desktop\project\integrated-web-app\venv\Lib\site-packages\django\core\handlers\exception.py", line 55, in inner
    response = get_response(request)
  File "C:\Users\urjii\OneDrive\Desktop\project\integrated-web-app\venv\Lib\site-packages\django\core\handlers\base.py", line 197, in _get_response
    response = wrapped_callback(request, *callback_args, **callback_kwargs)
  File "C:\Users\urjii\OneDrive\Desktop\project\integrated-web-app\venv\Lib\site-packages\django\views\decorators\csrf.py", line 65, in _view_wrapper
    return view_func(request, *args, **kwargs)
  File "C:\Users\urjii\OneDrive\Desktop\project\integrated-web-app\venv\Lib\site-packages\django\views\generic\base.py", line 104, in view
    return self.dispatch(request, *args, **kwargs)
           ~~~~~~~~~~~~~^^^^^^^^^^^^^^^^^^^^^^^^^^
  File "C:\Users\urjii\OneDrive\Desktop\project\integrated-web-app\venv\Lib\site-packages\rest_framework\views.py", line 515, in dispatch
    response = self.handle_exception(exc)
  File "C:\Users\urjii\OneDrive\Desktop\project\integrated-web-app\venv\Lib\site-packages\rest_framework\views.py", line 475, in handle_exception
    self.raise_uncaught_exception(exc)
    ~~~~~~~~~~~~~~~~~~~~~~~~~~~~~^^^^^
  File "C:\Users\urjii\OneDrive\Desktop\project\integrated-web-app\venv\Lib\site-packages\rest_framework\views.py", line 486, in raise_uncaught_exception
    raise exc
  File "C:\Users\urjii\OneDrive\Desktop\project\integrated-web-app\venv\Lib\site-packages\rest_framework\views.py", line 512, in dispatch
    response = handler(request, *args, **kwargs)
  File "C:\Users\urjii\OneDrive\Desktop\project\integrated-web-app\venv\Lib\site-packages\rest_framework\generics.py", line 203, in get
    return self.list(request, *args, **kwargs)
           ~~~~~~~~~^^^^^^^^^^^^^^^^^^^^^^^^^^
  File "C:\Users\urjii\OneDrive\Desktop\project\integrated-web-app\venv\Lib\site-packages\rest_framework\mixins.py", line 46, in list
    return Response(serializer.data)
                    ^^^^^^^^^^^^^^^
  File "C:\Users\urjii\OneDrive\Desktop\project\integrated-web-app\venv\Lib\site-packages\rest_framework\serializers.py", line 797, in data
    ret = super().data
          ^^^^^^^^^^^^
  File "C:\Users\urjii\OneDrive\Desktop\project\integrated-web-app\venv\Lib\site-packages\rest_framework\serializers.py", line 251, in data
    self._data = self.to_representation(self.instance)
                 ~~~~~~~~~~~~~~~~~~~~~~^^^^^^^^^^^^^^^
  File "C:\Users\urjii\OneDrive\Desktop\project\integrated-web-app\venv\Lib\site-packages\rest_framework\serializers.py", line 716, in to_representation
    self.child.to_representation(item) for item in iterable
    ~~~~~~~~~~~~~~~~~~~~~~~~~~~~^^^^^^
  File "C:\Users\urjii\OneDrive\Desktop\project\integrated-web-app\venv\Lib\site-packages\rest_framework\serializers.py", line 525, in to_representation
    for field in fields:
                 ^^^^^^
  File "C:\Users\urjii\OneDrive\Desktop\project\integrated-web-app\venv\Lib\site-packages\rest_framework\serializers.py", line 386, in _readable_fields
    for field in self.fields.values():
                 ^^^^^^^^^^^
  File "C:\Users\urjii\OneDrive\Desktop\project\integrated-web-app\venv\Lib\site-packages\django\utils\functional.py", line 47, in __get__
    res = instance.__dict__[self.name] = self.func(instance)
                                         ~~~~~~~~~^^^^^^^^^^
  File "C:\Users\urjii\OneDrive\Desktop\project\integrated-web-app\venv\Lib\site-packages\rest_framework\serializers.py", line 374, in fields
    for key, value in self.get_fields().items():
                      ~~~~~~~~~~~~~~~^^
  File "C:\Users\urjii\OneDrive\Desktop\project\integrated-web-app\venv\Lib\site-packages\rest_framework\serializers.py", line 1081, in get_fields
    field_names = self.get_field_names(declared_fields, info)
  File "C:\Users\urjii\OneDrive\Desktop\project\integrated-web-app\venv\Lib\site-packages\rest_framework\serializers.py", line 1177, in get_field_names
    assert field_name in fields, (
           ^^^^^^^^^^^^^^^^^^^^
AssertionError: The field 'type' was declared on serializer LocationSerializer, but has not been included in the 'fields' option.
2025-05-07 20:19:07,324 - ERROR - Internal Server Error: /api/locations/
Traceback (most recent call last):
  File "C:\Users\urjii\OneDrive\Desktop\project\integrated-web-app\venv\Lib\site-packages\django\core\handlers\exception.py", line 55, in inner
    response = get_response(request)
  File "C:\Users\urjii\OneDrive\Desktop\project\integrated-web-app\venv\Lib\site-packages\django\core\handlers\base.py", line 197, in _get_response
    response = wrapped_callback(request, *callback_args, **callback_kwargs)
  File "C:\Users\urjii\OneDrive\Desktop\project\integrated-web-app\venv\Lib\site-packages\django\views\decorators\csrf.py", line 65, in _view_wrapper
    return view_func(request, *args, **kwargs)
  File "C:\Users\urjii\OneDrive\Desktop\project\integrated-web-app\venv\Lib\site-packages\django\views\generic\base.py", line 104, in view
    return self.dispatch(request, *args, **kwargs)
           ~~~~~~~~~~~~~^^^^^^^^^^^^^^^^^^^^^^^^^^
  File "C:\Users\urjii\OneDrive\Desktop\project\integrated-web-app\venv\Lib\site-packages\rest_framework\views.py", line 515, in dispatch
    response = self.handle_exception(exc)
  File "C:\Users\urjii\OneDrive\Desktop\project\integrated-web-app\venv\Lib\site-packages\rest_framework\views.py", line 475, in handle_exception
    self.raise_uncaught_exception(exc)
    ~~~~~~~~~~~~~~~~~~~~~~~~~~~~~^^^^^
  File "C:\Users\urjii\OneDrive\Desktop\project\integrated-web-app\venv\Lib\site-packages\rest_framework\views.py", line 486, in raise_uncaught_exception
    raise exc
  File "C:\Users\urjii\OneDrive\Desktop\project\integrated-web-app\venv\Lib\site-packages\rest_framework\views.py", line 512, in dispatch
    response = handler(request, *args, **kwargs)
  File "C:\Users\urjii\OneDrive\Desktop\project\integrated-web-app\venv\Lib\site-packages\rest_framework\generics.py", line 203, in get
    return self.list(request, *args, **kwargs)
           ~~~~~~~~~^^^^^^^^^^^^^^^^^^^^^^^^^^
  File "C:\Users\urjii\OneDrive\Desktop\project\integrated-web-app\venv\Lib\site-packages\rest_framework\mixins.py", line 46, in list
    return Response(serializer.data)
                    ^^^^^^^^^^^^^^^
  File "C:\Users\urjii\OneDrive\Desktop\project\integrated-web-app\venv\Lib\site-packages\rest_framework\serializers.py", line 797, in data
    ret = super().data
          ^^^^^^^^^^^^
  File "C:\Users\urjii\OneDrive\Desktop\project\integrated-web-app\venv\Lib\site-packages\rest_framework\serializers.py", line 251, in data
    self._data = self.to_representation(self.instance)
                 ~~~~~~~~~~~~~~~~~~~~~~^^^^^^^^^^^^^^^
  File "C:\Users\urjii\OneDrive\Desktop\project\integrated-web-app\venv\Lib\site-packages\rest_framework\serializers.py", line 716, in to_representation
    self.child.to_representation(item) for item in iterable
    ~~~~~~~~~~~~~~~~~~~~~~~~~~~~^^^^^^
  File "C:\Users\urjii\OneDrive\Desktop\project\integrated-web-app\venv\Lib\site-packages\rest_framework\serializers.py", line 525, in to_representation
    for field in fields:
                 ^^^^^^
  File "C:\Users\urjii\OneDrive\Desktop\project\integrated-web-app\venv\Lib\site-packages\rest_framework\serializers.py", line 386, in _readable_fields
    for field in self.fields.values():
                 ^^^^^^^^^^^
  File "C:\Users\urjii\OneDrive\Desktop\project\integrated-web-app\venv\Lib\site-packages\django\utils\functional.py", line 47, in __get__
    res = instance.__dict__[self.name] = self.func(instance)
                                         ~~~~~~~~~^^^^^^^^^^
  File "C:\Users\urjii\OneDrive\Desktop\project\integrated-web-app\venv\Lib\site-packages\rest_framework\serializers.py", line 374, in fields
    for key, value in self.get_fields().items():
                      ~~~~~~~~~~~~~~~^^
  File "C:\Users\urjii\OneDrive\Desktop\project\integrated-web-app\venv\Lib\site-packages\rest_framework\serializers.py", line 1081, in get_fields
    field_names = self.get_field_names(declared_fields, info)
  File "C:\Users\urjii\OneDrive\Desktop\project\integrated-web-app\venv\Lib\site-packages\rest_framework\serializers.py", line 1177, in get_field_names
    assert field_name in fields, (
           ^^^^^^^^^^^^^^^^^^^^
AssertionError: The field 'type' was declared on serializer LocationSerializer, but has not been included in the 'fields' option.
2025-05-07 20:19:07,508 - ERROR - Internal Server Error: /api/locations/
Traceback (most recent call last):
  File "C:\Users\urjii\OneDrive\Desktop\project\integrated-web-app\venv\Lib\site-packages\django\core\handlers\exception.py", line 55, in inner
    response = get_response(request)
  File "C:\Users\urjii\OneDrive\Desktop\project\integrated-web-app\venv\Lib\site-packages\django\core\handlers\base.py", line 197, in _get_response
    response = wrapped_callback(request, *callback_args, **callback_kwargs)
  File "C:\Users\urjii\OneDrive\Desktop\project\integrated-web-app\venv\Lib\site-packages\django\views\decorators\csrf.py", line 65, in _view_wrapper
    return view_func(request, *args, **kwargs)
  File "C:\Users\urjii\OneDrive\Desktop\project\integrated-web-app\venv\Lib\site-packages\django\views\generic\base.py", line 104, in view
    return self.dispatch(request, *args, **kwargs)
           ~~~~~~~~~~~~~^^^^^^^^^^^^^^^^^^^^^^^^^^
  File "C:\Users\urjii\OneDrive\Desktop\project\integrated-web-app\venv\Lib\site-packages\rest_framework\views.py", line 515, in dispatch
    response = self.handle_exception(exc)
  File "C:\Users\urjii\OneDrive\Desktop\project\integrated-web-app\venv\Lib\site-packages\rest_framework\views.py", line 475, in handle_exception
    self.raise_uncaught_exception(exc)
    ~~~~~~~~~~~~~~~~~~~~~~~~~~~~~^^^^^
  File "C:\Users\urjii\OneDrive\Desktop\project\integrated-web-app\venv\Lib\site-packages\rest_framework\views.py", line 486, in raise_uncaught_exception
    raise exc
  File "C:\Users\urjii\OneDrive\Desktop\project\integrated-web-app\venv\Lib\site-packages\rest_framework\views.py", line 512, in dispatch
    response = handler(request, *args, **kwargs)
  File "C:\Users\urjii\OneDrive\Desktop\project\integrated-web-app\venv\Lib\site-packages\rest_framework\generics.py", line 203, in get
    return self.list(request, *args, **kwargs)
           ~~~~~~~~~^^^^^^^^^^^^^^^^^^^^^^^^^^
  File "C:\Users\urjii\OneDrive\Desktop\project\integrated-web-app\venv\Lib\site-packages\rest_framework\mixins.py", line 46, in list
    return Response(serializer.data)
                    ^^^^^^^^^^^^^^^
  File "C:\Users\urjii\OneDrive\Desktop\project\integrated-web-app\venv\Lib\site-packages\rest_framework\serializers.py", line 797, in data
    ret = super().data
          ^^^^^^^^^^^^
  File "C:\Users\urjii\OneDrive\Desktop\project\integrated-web-app\venv\Lib\site-packages\rest_framework\serializers.py", line 251, in data
    self._data = self.to_representation(self.instance)
                 ~~~~~~~~~~~~~~~~~~~~~~^^^^^^^^^^^^^^^
  File "C:\Users\urjii\OneDrive\Desktop\project\integrated-web-app\venv\Lib\site-packages\rest_framework\serializers.py", line 716, in to_representation
    self.child.to_representation(item) for item in iterable
    ~~~~~~~~~~~~~~~~~~~~~~~~~~~~^^^^^^
  File "C:\Users\urjii\OneDrive\Desktop\project\integrated-web-app\venv\Lib\site-packages\rest_framework\serializers.py", line 525, in to_representation
    for field in fields:
                 ^^^^^^
  File "C:\Users\urjii\OneDrive\Desktop\project\integrated-web-app\venv\Lib\site-packages\rest_framework\serializers.py", line 386, in _readable_fields
    for field in self.fields.values():
                 ^^^^^^^^^^^
  File "C:\Users\urjii\OneDrive\Desktop\project\integrated-web-app\venv\Lib\site-packages\django\utils\functional.py", line 47, in __get__
    res = instance.__dict__[self.name] = self.func(instance)
                                         ~~~~~~~~~^^^^^^^^^^
  File "C:\Users\urjii\OneDrive\Desktop\project\integrated-web-app\venv\Lib\site-packages\rest_framework\serializers.py", line 374, in fields
    for key, value in self.get_fields().items():
                      ~~~~~~~~~~~~~~~^^
  File "C:\Users\urjii\OneDrive\Desktop\project\integrated-web-app\venv\Lib\site-packages\rest_framework\serializers.py", line 1081, in get_fields
    field_names = self.get_field_names(declared_fields, info)
  File "C:\Users\urjii\OneDrive\Desktop\project\integrated-web-app\venv\Lib\site-packages\rest_framework\serializers.py", line 1177, in get_field_names
    assert field_name in fields, (
           ^^^^^^^^^^^^^^^^^^^^
AssertionError: The field 'type' was declared on serializer LocationSerializer, but has not been included in the 'fields' option.
2025-05-07 20:24:47,221 - INFO - C:\Users\urjii\OneDrive\Desktop\project\integrated-web-app\location\serializers.py changed, reloading.
2025-05-07 20:24:55,650 - INFO - Load pretrained SentenceTransformer: sentence-transformers/all-MiniLM-L6-v2
2025-05-07 20:24:59,669 - INFO - Embeddings initialized successfully
2025-05-07 20:25:04,231 - INFO - Loaded: knowledge_base\ASTUlegislation2017.pdf
2025-05-07 20:25:10,039 - INFO - Loaded: knowledge_base\Course_catalogue_Final.pdf
2025-05-07 20:25:10,291 - INFO - Loaded: knowledge_base\PEOs_and_POs_ASTUs_Programs.pdf
2025-05-07 20:25:10,593 - INFO - Loaded: knowledge_base\Program_Accreditations.pdf
2025-05-07 20:26:01,416 - INFO - Loading faiss with AVX2 support.
2025-05-07 20:26:01,444 - INFO - Successfully loaded faiss with AVX2 support.
2025-05-07 20:26:01,452 - INFO - Failed to load GPU Faiss: name 'GpuIndexIVFFlat' is not defined. Will not load constructor refs for GPU indexes.
2025-05-07 20:26:01,605 - INFO - Loaded 1970 chunks from 853 documents
2025-05-07 20:26:01,607 - INFO - File watcher initialized
2025-05-07 20:28:35,799 - WARNING - Unauthorized: /api/navigation/
2025-05-07 21:34:15,439 - INFO - Load pretrained SentenceTransformer: sentence-transformers/all-MiniLM-L6-v2
2025-05-07 21:34:20,517 - INFO - Embeddings initialized successfully
2025-05-07 21:34:32,768 - INFO - Loaded: knowledge_base\ASTUlegislation2017.pdf
2025-05-07 21:34:43,781 - INFO - Loaded: knowledge_base\Course_catalogue_Final.pdf
2025-05-07 21:34:44,111 - INFO - Loaded: knowledge_base\PEOs_and_POs_ASTUs_Programs.pdf
2025-05-07 21:34:44,341 - INFO - Loaded: knowledge_base\Program_Accreditations.pdf
2025-05-07 21:36:46,386 - INFO - Loading faiss with AVX2 support.
2025-05-07 21:36:48,027 - INFO - Successfully loaded faiss with AVX2 support.
2025-05-07 21:36:48,081 - INFO - Failed to load GPU Faiss: name 'GpuIndexIVFFlat' is not defined. Will not load constructor refs for GPU indexes.
2025-05-07 21:36:49,263 - INFO - Loaded 1970 chunks from 853 documents
2025-05-07 21:36:49,275 - INFO - File watcher initialized
2025-05-07 21:38:45,474 - INFO - Load pretrained SentenceTransformer: sentence-transformers/all-MiniLM-L6-v2
2025-05-07 21:38:49,771 - INFO - Embeddings initialized successfully
2025-05-07 21:38:53,843 - INFO - Loaded: knowledge_base\ASTUlegislation2017.pdf
2025-05-07 21:39:03,978 - INFO - Loaded: knowledge_base\Course_catalogue_Final.pdf
2025-05-07 21:39:06,209 - INFO - Loaded: knowledge_base\PEOs_and_POs_ASTUs_Programs.pdf
2025-05-07 21:39:08,696 - INFO - Loaded: knowledge_base\Program_Accreditations.pdf
2025-05-07 21:41:07,749 - INFO - Loading faiss with AVX2 support.
2025-05-07 21:41:07,770 - INFO - Successfully loaded faiss with AVX2 support.
2025-05-07 21:41:07,774 - INFO - Failed to load GPU Faiss: name 'GpuIndexIVFFlat' is not defined. Will not load constructor refs for GPU indexes.
2025-05-07 21:41:07,885 - INFO - Loaded 1970 chunks from 853 documents
2025-05-07 21:41:07,888 - INFO - File watcher initialized
2025-05-07 21:41:20,730 - INFO - Load pretrained SentenceTransformer: sentence-transformers/all-MiniLM-L6-v2
2025-05-07 21:41:26,102 - INFO - Embeddings initialized successfully
2025-05-07 21:41:30,917 - INFO - Loaded: knowledge_base\ASTUlegislation2017.pdf
2025-05-07 21:41:41,121 - INFO - Loaded: knowledge_base\Course_catalogue_Final.pdf
2025-05-07 21:41:42,884 - INFO - Loaded: knowledge_base\PEOs_and_POs_ASTUs_Programs.pdf
2025-05-07 21:41:45,411 - INFO - Loaded: knowledge_base\Program_Accreditations.pdf
2025-05-07 21:43:56,143 - INFO - Loading faiss with AVX2 support.
2025-05-07 21:43:56,198 - INFO - Successfully loaded faiss with AVX2 support.
2025-05-07 21:43:56,212 - INFO - Failed to load GPU Faiss: name 'GpuIndexIVFFlat' is not defined. Will not load constructor refs for GPU indexes.
2025-05-07 21:43:56,539 - INFO - Loaded 1970 chunks from 853 documents
2025-05-07 21:43:56,544 - INFO - File watcher initialized
2025-05-07 23:00:47,670 - INFO - Load pretrained SentenceTransformer: sentence-transformers/all-MiniLM-L6-v2
2025-05-07 23:00:59,625 - INFO - Embeddings initialized successfully
2025-05-07 23:01:17,593 - INFO - Loaded: knowledge_base\ASTUlegislation2017.pdf
2025-05-07 23:01:36,581 - INFO - Loaded: knowledge_base\Course_catalogue_Final.pdf
2025-05-07 23:01:39,569 - INFO - Loaded: knowledge_base\PEOs_and_POs_ASTUs_Programs.pdf
2025-05-07 23:01:42,728 - INFO - Loaded: knowledge_base\Program_Accreditations.pdf
2025-05-07 23:04:23,009 - INFO - Loading faiss with AVX2 support.
2025-05-07 23:04:23,070 - INFO - Successfully loaded faiss with AVX2 support.
2025-05-07 23:04:23,087 - INFO - Failed to load GPU Faiss: name 'GpuIndexIVFFlat' is not defined. Will not load constructor refs for GPU indexes.
2025-05-07 23:04:23,482 - INFO - Loaded 1970 chunks from 853 documents
2025-05-07 23:04:23,487 - INFO - File watcher initialized
2025-05-07 23:05:26,606 - WARNING - Unauthorized: /api/navigation/
2025-05-07 23:11:45,558 - INFO - C:\Users\urjii\OneDrive\Desktop\project\integrated-web-app\location\views.py changed, reloading.
2025-05-07 23:12:08,684 - INFO - Load pretrained SentenceTransformer: sentence-transformers/all-MiniLM-L6-v2
2025-05-07 23:12:19,840 - INFO - Embeddings initialized successfully
2025-05-07 23:12:41,424 - INFO - Loaded: knowledge_base\ASTUlegislation2017.pdf
2025-05-07 23:13:05,503 - INFO - Loaded: knowledge_base\Course_catalogue_Final.pdf
2025-05-07 23:13:10,357 - INFO - Loaded: knowledge_base\PEOs_and_POs_ASTUs_Programs.pdf
2025-05-07 23:13:11,701 - INFO - Loaded: knowledge_base\Program_Accreditations.pdf
2025-05-07 23:15:45,312 - INFO - Loading faiss with AVX2 support.
2025-05-07 23:15:45,384 - INFO - Successfully loaded faiss with AVX2 support.
2025-05-07 23:15:45,408 - INFO - Failed to load GPU Faiss: name 'GpuIndexIVFFlat' is not defined. Will not load constructor refs for GPU indexes.
2025-05-07 23:15:45,795 - INFO - Loaded 1970 chunks from 853 documents
2025-05-07 23:15:45,800 - INFO - File watcher initialized
2025-05-08 10:36:43,312 - INFO - Load pretrained SentenceTransformer: sentence-transformers/all-MiniLM-L6-v2
2025-05-08 10:36:49,536 - INFO - Embeddings initialized successfully
2025-05-08 10:37:08,715 - INFO - Loaded: knowledge_base\ASTUlegislation2017.pdf
2025-05-08 10:37:30,740 - INFO - Loaded: knowledge_base\Course_catalogue_Final.pdf
2025-05-08 10:37:31,104 - INFO - Loaded: knowledge_base\PEOs_and_POs_ASTUs_Programs.pdf
2025-05-08 10:37:31,349 - INFO - Loaded: knowledge_base\Program_Accreditations.pdf
2025-05-08 10:40:02,913 - INFO - Loading faiss with AVX2 support.
2025-05-08 10:40:03,188 - INFO - Successfully loaded faiss with AVX2 support.
2025-05-08 10:40:03,210 - INFO - Failed to load GPU Faiss: name 'GpuIndexIVFFlat' is not defined. Will not load constructor refs for GPU indexes.
2025-05-08 10:40:03,635 - INFO - Loaded 1970 chunks from 853 documents
2025-05-08 10:40:03,640 - INFO - File watcher initialized
2025-05-08 15:09:11,426 - INFO - Load pretrained SentenceTransformer: sentence-transformers/all-MiniLM-L6-v2
2025-05-08 15:09:16,004 - INFO - Embeddings initialized successfully
2025-05-08 15:09:33,214 - INFO - Loaded: knowledge_base\ASTUlegislation2017.pdf
2025-05-08 15:09:44,166 - INFO - Loaded: knowledge_base\Course_catalogue_Final.pdf
2025-05-08 15:09:44,479 - INFO - Loaded: knowledge_base\PEOs_and_POs_ASTUs_Programs.pdf
2025-05-08 15:09:44,816 - INFO - Loaded: knowledge_base\Program_Accreditations.pdf
2025-05-08 15:11:53,394 - INFO - Loading faiss with AVX2 support.
2025-05-08 15:11:53,558 - INFO - Successfully loaded faiss with AVX2 support.
2025-05-08 15:11:53,564 - INFO - Failed to load GPU Faiss: name 'GpuIndexIVFFlat' is not defined. Will not load constructor refs for GPU indexes.
2025-05-08 15:11:53,691 - INFO - Loaded 1970 chunks from 853 documents
2025-05-08 15:11:53,694 - INFO - File watcher initialized
2025-05-08 16:09:41,970 - INFO - Load pretrained SentenceTransformer: sentence-transformers/all-MiniLM-L6-v2
2025-05-08 16:09:47,161 - INFO - Embeddings initialized successfully
2025-05-08 16:10:07,435 - INFO - Loaded: knowledge_base\ASTUlegislation2017.pdf
2025-05-08 16:10:30,741 - INFO - Loaded: knowledge_base\Course_catalogue_Final.pdf
2025-05-08 16:10:33,533 - INFO - Loaded: knowledge_base\PEOs_and_POs_ASTUs_Programs.pdf
2025-05-08 16:10:36,340 - INFO - Loaded: knowledge_base\Program_Accreditations.pdf
2025-05-08 16:12:40,963 - INFO - Loading faiss with AVX2 support.
2025-05-08 16:12:41,285 - INFO - Successfully loaded faiss with AVX2 support.
2025-05-08 16:12:41,290 - INFO - Failed to load GPU Faiss: name 'GpuIndexIVFFlat' is not defined. Will not load constructor refs for GPU indexes.
2025-05-08 16:12:41,402 - INFO - Loaded 1970 chunks from 853 documents
2025-05-08 16:12:41,404 - INFO - File watcher initialized
2025-05-08 16:12:54,424 - INFO - Load pretrained SentenceTransformer: sentence-transformers/all-MiniLM-L6-v2
2025-05-08 16:12:59,592 - INFO - Embeddings initialized successfully
2025-05-08 16:13:11,734 - INFO - Loaded: knowledge_base\ASTUlegislation2017.pdf
2025-05-08 16:13:20,968 - INFO - Loaded: knowledge_base\Course_catalogue_Final.pdf
2025-05-08 16:13:21,190 - INFO - Loaded: knowledge_base\PEOs_and_POs_ASTUs_Programs.pdf
2025-05-08 16:13:21,502 - INFO - Loaded: knowledge_base\Program_Accreditations.pdf
2025-05-08 16:15:31,789 - INFO - Loading faiss with AVX2 support.
2025-05-08 16:15:31,809 - INFO - Successfully loaded faiss with AVX2 support.
2025-05-08 16:15:31,814 - INFO - Failed to load GPU Faiss: name 'GpuIndexIVFFlat' is not defined. Will not load constructor refs for GPU indexes.
2025-05-08 16:15:31,914 - INFO - Loaded 1970 chunks from 853 documents
2025-05-08 16:15:31,918 - INFO - File watcher initialized
2025-05-08 16:16:51,036 - INFO - Load pretrained SentenceTransformer: sentence-transformers/all-MiniLM-L6-v2
2025-05-08 16:16:55,051 - INFO - Embeddings initialized successfully
2025-05-08 16:17:05,508 - INFO - Loaded: knowledge_base\ASTUlegislation2017.pdf
2025-05-08 16:17:19,974 - INFO - Loaded: knowledge_base\Course_catalogue_Final.pdf
2025-05-08 16:17:20,193 - INFO - Loaded: knowledge_base\PEOs_and_POs_ASTUs_Programs.pdf
2025-05-08 16:17:20,403 - INFO - Loaded: knowledge_base\Program_Accreditations.pdf
2025-05-08 16:19:22,880 - INFO - Loading faiss with AVX2 support.
2025-05-08 16:19:22,900 - INFO - Successfully loaded faiss with AVX2 support.
2025-05-08 16:19:22,905 - INFO - Failed to load GPU Faiss: name 'GpuIndexIVFFlat' is not defined. Will not load constructor refs for GPU indexes.
2025-05-08 16:19:23,009 - INFO - Loaded 1970 chunks from 853 documents
2025-05-08 16:19:23,011 - INFO - File watcher initialized
2025-05-08 16:28:05,927 - INFO - Load pretrained SentenceTransformer: sentence-transformers/all-MiniLM-L6-v2
2025-05-08 16:28:10,504 - INFO - Embeddings initialized successfully
2025-05-08 16:28:20,692 - INFO - Loaded: knowledge_base\ASTUlegislation2017.pdf
2025-05-08 16:28:36,649 - INFO - Loaded: knowledge_base\Course_catalogue_Final.pdf
2025-05-08 16:28:36,871 - INFO - Loaded: knowledge_base\PEOs_and_POs_ASTUs_Programs.pdf
2025-05-08 16:28:37,080 - INFO - Loaded: knowledge_base\Program_Accreditations.pdf
2025-05-08 16:30:41,585 - INFO - Loading faiss with AVX2 support.
2025-05-08 16:30:41,604 - INFO - Successfully loaded faiss with AVX2 support.
2025-05-08 16:30:41,609 - INFO - Failed to load GPU Faiss: name 'GpuIndexIVFFlat' is not defined. Will not load constructor refs for GPU indexes.
2025-05-08 16:30:41,715 - INFO - Loaded 1970 chunks from 853 documents
2025-05-08 16:30:41,717 - INFO - File watcher initialized
2025-05-08 16:56:26,978 - INFO - Load pretrained SentenceTransformer: sentence-transformers/all-MiniLM-L6-v2
2025-05-08 16:56:31,702 - INFO - Embeddings initialized successfully
2025-05-08 16:56:41,562 - INFO - Loaded: knowledge_base\ASTUlegislation2017.pdf
2025-05-08 16:56:57,493 - INFO - Loaded: knowledge_base\Course_catalogue_Final.pdf
2025-05-08 16:56:57,697 - INFO - Loaded: knowledge_base\PEOs_and_POs_ASTUs_Programs.pdf
2025-05-08 16:56:57,907 - INFO - Loaded: knowledge_base\Program_Accreditations.pdf
2025-05-08 16:59:03,908 - INFO - Loading faiss with AVX2 support.
2025-05-08 16:59:04,056 - INFO - Successfully loaded faiss with AVX2 support.
2025-05-08 16:59:04,104 - INFO - Failed to load GPU Faiss: name 'GpuIndexIVFFlat' is not defined. Will not load constructor refs for GPU indexes.
2025-05-08 16:59:05,292 - INFO - Loaded 1970 chunks from 853 documents
2025-05-08 16:59:05,310 - INFO - File watcher initialized
2025-05-08 17:01:16,134 - INFO - Load pretrained SentenceTransformer: sentence-transformers/all-MiniLM-L6-v2
2025-05-08 17:01:21,688 - INFO - Embeddings initialized successfully
2025-05-08 17:01:33,790 - INFO - Loaded: knowledge_base\ASTUlegislation2017.pdf
2025-05-08 17:01:50,693 - INFO - Loaded: knowledge_base\Course_catalogue_Final.pdf
2025-05-08 17:01:51,584 - INFO - Loaded: knowledge_base\PEOs_and_POs_ASTUs_Programs.pdf
2025-05-08 17:01:51,826 - INFO - Loaded: knowledge_base\Program_Accreditations.pdf
2025-05-08 17:04:03,309 - INFO - Loading faiss with AVX2 support.
2025-05-08 17:04:03,329 - INFO - Successfully loaded faiss with AVX2 support.
2025-05-08 17:04:03,334 - INFO - Failed to load GPU Faiss: name 'GpuIndexIVFFlat' is not defined. Will not load constructor refs for GPU indexes.
2025-05-08 17:04:03,475 - INFO - Loaded 1970 chunks from 853 documents
2025-05-08 17:04:03,479 - INFO - File watcher initialized
2025-05-08 17:06:56,428 - INFO - Load pretrained SentenceTransformer: sentence-transformers/all-MiniLM-L6-v2
2025-05-08 17:06:59,938 - INFO - Embeddings initialized successfully
2025-05-08 17:07:15,376 - INFO - Loaded: knowledge_base\ASTUlegislation2017.pdf
2025-05-08 17:07:31,752 - INFO - Loaded: knowledge_base\Course_catalogue_Final.pdf
2025-05-08 17:07:32,592 - INFO - Loaded: knowledge_base\PEOs_and_POs_ASTUs_Programs.pdf
2025-05-08 17:07:32,812 - INFO - Loaded: knowledge_base\Program_Accreditations.pdf
2025-05-08 17:09:37,855 - INFO - Loading faiss with AVX2 support.
2025-05-08 17:09:38,004 - INFO - Successfully loaded faiss with AVX2 support.
2025-05-08 17:09:38,048 - INFO - Failed to load GPU Faiss: name 'GpuIndexIVFFlat' is not defined. Will not load constructor refs for GPU indexes.
2025-05-08 17:09:39,033 - INFO - Loaded 1970 chunks from 853 documents
2025-05-08 17:09:39,046 - INFO - File watcher initialized
2025-05-08 17:11:39,272 - INFO - Load pretrained SentenceTransformer: sentence-transformers/all-MiniLM-L6-v2
2025-05-08 17:11:51,505 - INFO - Embeddings initialized successfully
2025-05-08 17:12:07,394 - INFO - Loaded: knowledge_base\ASTUlegislation2017.pdf
2025-05-08 17:12:18,319 - INFO - Loaded: knowledge_base\Course_catalogue_Final.pdf
2025-05-08 17:12:19,206 - INFO - Loaded: knowledge_base\PEOs_and_POs_ASTUs_Programs.pdf
2025-05-08 17:12:21,761 - INFO - Loaded: knowledge_base\Program_Accreditations.pdf
2025-05-08 17:14:28,256 - INFO - Loading faiss with AVX2 support.
2025-05-08 17:14:28,278 - INFO - Successfully loaded faiss with AVX2 support.
2025-05-08 17:14:28,284 - INFO - Failed to load GPU Faiss: name 'GpuIndexIVFFlat' is not defined. Will not load constructor refs for GPU indexes.
2025-05-08 17:14:28,399 - INFO - Loaded 1970 chunks from 853 documents
2025-05-08 17:14:28,402 - INFO - File watcher initialized
2025-05-08 17:14:58,430 - INFO - C:\Users\urjii\OneDrive\Desktop\project\integrated-web-app\forum\__init__.py changed, reloading.
2025-05-08 17:15:18,886 - INFO - Load pretrained SentenceTransformer: sentence-transformers/all-MiniLM-L6-v2
2025-05-08 17:15:22,769 - INFO - Embeddings initialized successfully
2025-05-08 17:15:38,443 - INFO - Loaded: knowledge_base\ASTUlegislation2017.pdf
2025-05-08 17:15:55,122 - INFO - Loaded: knowledge_base\Course_catalogue_Final.pdf
2025-05-08 17:15:55,383 - INFO - Loaded: knowledge_base\PEOs_and_POs_ASTUs_Programs.pdf
2025-05-08 17:15:55,629 - INFO - Loaded: knowledge_base\Program_Accreditations.pdf
2025-05-08 17:16:56,117 - INFO - Load pretrained SentenceTransformer: sentence-transformers/all-MiniLM-L6-v2
2025-05-08 17:16:59,819 - INFO - Embeddings initialized successfully
2025-05-08 17:17:13,859 - INFO - Loaded: knowledge_base\ASTUlegislation2017.pdf
2025-05-08 17:17:26,107 - INFO - Loaded: knowledge_base\Course_catalogue_Final.pdf
2025-05-08 17:17:26,396 - INFO - Loaded: knowledge_base\PEOs_and_POs_ASTUs_Programs.pdf
2025-05-08 17:17:26,724 - INFO - Loaded: knowledge_base\Program_Accreditations.pdf
2025-05-08 17:19:29,091 - INFO - Loading faiss with AVX2 support.
2025-05-08 17:19:29,113 - INFO - Successfully loaded faiss with AVX2 support.
2025-05-08 17:19:29,117 - INFO - Failed to load GPU Faiss: name 'GpuIndexIVFFlat' is not defined. Will not load constructor refs for GPU indexes.
2025-05-08 17:19:29,225 - INFO - Loaded 1970 chunks from 853 documents
2025-05-08 17:19:29,228 - INFO - File watcher initialized
2025-05-08 17:22:17,087 - INFO - Load pretrained SentenceTransformer: sentence-transformers/all-MiniLM-L6-v2
2025-05-08 17:22:20,935 - INFO - Embeddings initialized successfully
2025-05-08 17:22:30,302 - INFO - Loaded: knowledge_base\ASTUlegislation2017.pdf
2025-05-08 17:22:46,771 - INFO - Loaded: knowledge_base\Course_catalogue_Final.pdf
2025-05-08 17:22:46,992 - INFO - Loaded: knowledge_base\PEOs_and_POs_ASTUs_Programs.pdf
2025-05-08 17:22:47,219 - INFO - Loaded: knowledge_base\Program_Accreditations.pdf
2025-05-08 17:24:57,668 - INFO - Loading faiss with AVX2 support.
2025-05-08 17:24:57,812 - INFO - Successfully loaded faiss with AVX2 support.
2025-05-08 17:24:57,863 - INFO - Failed to load GPU Faiss: name 'GpuIndexIVFFlat' is not defined. Will not load constructor refs for GPU indexes.
2025-05-08 17:24:58,851 - INFO - Loaded 1970 chunks from 853 documents
2025-05-08 17:24:58,864 - INFO - File watcher initialized
2025-05-08 17:27:25,269 - ERROR - Internal Server Error: /api/forum/questions/
Traceback (most recent call last):
  File "C:\Users\urjii\OneDrive\Desktop\project\integrated-web-app\venv\Lib\site-packages\django\db\backends\utils.py", line 105, in _execute
    return self.cursor.execute(sql, params)
           ~~~~~~~~~~~~~~~~~~~^^^^^^^^^^^^^
psycopg2.errors.UndefinedColumn: column "description" of relation "forum_question" does not exist
LINE 1: INSERT INTO "forum_question" ("title", "description", "creat...
                                               ^


The above exception was the direct cause of the following exception:

Traceback (most recent call last):
  File "C:\Users\urjii\OneDrive\Desktop\project\integrated-web-app\venv\Lib\site-packages\django\core\handlers\exception.py", line 55, in inner
    response = get_response(request)
  File "C:\Users\urjii\OneDrive\Desktop\project\integrated-web-app\venv\Lib\site-packages\django\core\handlers\base.py", line 197, in _get_response
    response = wrapped_callback(request, *callback_args, **callback_kwargs)
  File "C:\Users\urjii\OneDrive\Desktop\project\integrated-web-app\venv\Lib\site-packages\django\views\decorators\csrf.py", line 65, in _view_wrapper
    return view_func(request, *args, **kwargs)
  File "C:\Users\urjii\OneDrive\Desktop\project\integrated-web-app\venv\Lib\site-packages\django\views\generic\base.py", line 104, in view
    return self.dispatch(request, *args, **kwargs)
           ~~~~~~~~~~~~~^^^^^^^^^^^^^^^^^^^^^^^^^^
  File "C:\Users\urjii\OneDrive\Desktop\project\integrated-web-app\venv\Lib\site-packages\rest_framework\views.py", line 515, in dispatch
    response = self.handle_exception(exc)
  File "C:\Users\urjii\OneDrive\Desktop\project\integrated-web-app\venv\Lib\site-packages\rest_framework\views.py", line 475, in handle_exception
    self.raise_uncaught_exception(exc)
    ~~~~~~~~~~~~~~~~~~~~~~~~~~~~~^^^^^
  File "C:\Users\urjii\OneDrive\Desktop\project\integrated-web-app\venv\Lib\site-packages\rest_framework\views.py", line 486, in raise_uncaught_exception
    raise exc
  File "C:\Users\urjii\OneDrive\Desktop\project\integrated-web-app\venv\Lib\site-packages\rest_framework\views.py", line 512, in dispatch
    response = handler(request, *args, **kwargs)
  File "C:\Users\urjii\OneDrive\Desktop\project\integrated-web-app\venv\Lib\site-packages\rest_framework\generics.py", line 246, in post
    return self.create(request, *args, **kwargs)
           ~~~~~~~~~~~^^^^^^^^^^^^^^^^^^^^^^^^^^
  File "C:\Users\urjii\OneDrive\Desktop\project\integrated-web-app\venv\Lib\site-packages\rest_framework\mixins.py", line 19, in create
    self.perform_create(serializer)
    ~~~~~~~~~~~~~~~~~~~^^^^^^^^^^^^
  File "C:\Users\urjii\OneDrive\Desktop\project\integrated-web-app\venv\Lib\site-packages\rest_framework\mixins.py", line 24, in perform_create
    serializer.save()
    ~~~~~~~~~~~~~~~^^
  File "C:\Users\urjii\OneDrive\Desktop\project\integrated-web-app\venv\Lib\site-packages\rest_framework\serializers.py", line 210, in save
    self.instance = self.create(validated_data)
                    ~~~~~~~~~~~^^^^^^^^^^^^^^^^
  File "C:\Users\urjii\OneDrive\Desktop\project\integrated-web-app\venv\Lib\site-packages\rest_framework\serializers.py", line 991, in create
    instance = ModelClass._default_manager.create(**validated_data)
  File "C:\Users\urjii\OneDrive\Desktop\project\integrated-web-app\venv\Lib\site-packages\django\db\models\manager.py", line 87, in manager_method
    return getattr(self.get_queryset(), name)(*args, **kwargs)
           ~~~~~~~~~~~~~~~~~~~~~~~~~~~~~~~~~~^^^^^^^^^^^^^^^^^
  File "C:\Users\urjii\OneDrive\Desktop\project\integrated-web-app\venv\Lib\site-packages\django\db\models\query.py", line 663, in create
    obj.save(force_insert=True, using=self.db)
    ~~~~~~~~^^^^^^^^^^^^^^^^^^^^^^^^^^^^^^^^^^
  File "C:\Users\urjii\OneDrive\Desktop\project\integrated-web-app\venv\Lib\site-packages\django\db\models\base.py", line 902, in save
    self.save_base(
    ~~~~~~~~~~~~~~^
        using=using,
        ^^^^^^^^^^^^
    ...<2 lines>...
        update_fields=update_fields,
        ^^^^^^^^^^^^^^^^^^^^^^^^^^^^
    )
    ^
  File "C:\Users\urjii\OneDrive\Desktop\project\integrated-web-app\venv\Lib\site-packages\django\db\models\base.py", line 1008, in save_base
    updated = self._save_table(
        raw,
    ...<4 lines>...
        update_fields,
    )
  File "C:\Users\urjii\OneDrive\Desktop\project\integrated-web-app\venv\Lib\site-packages\django\db\models\base.py", line 1169, in _save_table
    results = self._do_insert(
        cls._base_manager, using, fields, returning_fields, raw
    )
  File "C:\Users\urjii\OneDrive\Desktop\project\integrated-web-app\venv\Lib\site-packages\django\db\models\base.py", line 1210, in _do_insert
    return manager._insert(
           ~~~~~~~~~~~~~~~^
        [self],
        ^^^^^^^
    ...<3 lines>...
        raw=raw,
        ^^^^^^^^
    )
    ^
  File "C:\Users\urjii\OneDrive\Desktop\project\integrated-web-app\venv\Lib\site-packages\django\db\models\manager.py", line 87, in manager_method
    return getattr(self.get_queryset(), name)(*args, **kwargs)
           ~~~~~~~~~~~~~~~~~~~~~~~~~~~~~~~~~~^^^^^^^^^^^^^^^^^
  File "C:\Users\urjii\OneDrive\Desktop\project\integrated-web-app\venv\Lib\site-packages\django\db\models\query.py", line 1854, in _insert
    return query.get_compiler(using=using).execute_sql(returning_fields)
           ~~~~~~~~~~~~~~~~~~~~~~~~~~~~~~~~~~~~~~~~~~~^^^^^^^^^^^^^^^^^^
  File "C:\Users\urjii\OneDrive\Desktop\project\integrated-web-app\venv\Lib\site-packages\django\db\models\sql\compiler.py", line 1881, in execute_sql
    cursor.execute(sql, params)
    ~~~~~~~~~~~~~~^^^^^^^^^^^^^
  File "C:\Users\urjii\OneDrive\Desktop\project\integrated-web-app\venv\Lib\site-packages\django\db\backends\utils.py", line 122, in execute
    return super().execute(sql, params)
           ~~~~~~~~~~~~~~~^^^^^^^^^^^^^
  File "C:\Users\urjii\OneDrive\Desktop\project\integrated-web-app\venv\Lib\site-packages\django\db\backends\utils.py", line 79, in execute
    return self._execute_with_wrappers(
           ~~~~~~~~~~~~~~~~~~~~~~~~~~~^
        sql, params, many=False, executor=self._execute
        ^^^^^^^^^^^^^^^^^^^^^^^^^^^^^^^^^^^^^^^^^^^^^^^
    )
    ^
  File "C:\Users\urjii\OneDrive\Desktop\project\integrated-web-app\venv\Lib\site-packages\django\db\backends\utils.py", line 92, in _execute_with_wrappers
    return executor(sql, params, many, context)
  File "C:\Users\urjii\OneDrive\Desktop\project\integrated-web-app\venv\Lib\site-packages\django\db\backends\utils.py", line 100, in _execute
    with self.db.wrap_database_errors:
         ^^^^^^^^^^^^^^^^^^^^^^^^^^^^
  File "C:\Users\urjii\OneDrive\Desktop\project\integrated-web-app\venv\Lib\site-packages\django\db\utils.py", line 91, in __exit__
    raise dj_exc_value.with_traceback(traceback) from exc_value
  File "C:\Users\urjii\OneDrive\Desktop\project\integrated-web-app\venv\Lib\site-packages\django\db\backends\utils.py", line 105, in _execute
    return self.cursor.execute(sql, params)
           ~~~~~~~~~~~~~~~~~~~^^^^^^^^^^^^^
django.db.utils.ProgrammingError: column "description" of relation "forum_question" does not exist
LINE 1: INSERT INTO "forum_question" ("title", "description", "creat...
                                               ^

2025-05-08 17:29:16,217 - INFO - Load pretrained SentenceTransformer: sentence-transformers/all-MiniLM-L6-v2
2025-05-08 17:29:23,932 - INFO - Embeddings initialized successfully
2025-05-08 17:29:34,012 - INFO - Loaded: knowledge_base\ASTUlegislation2017.pdf
2025-05-08 17:29:50,061 - INFO - Loaded: knowledge_base\Course_catalogue_Final.pdf
2025-05-08 17:29:50,293 - INFO - Loaded: knowledge_base\PEOs_and_POs_ASTUs_Programs.pdf
2025-05-08 17:29:50,515 - INFO - Loaded: knowledge_base\Program_Accreditations.pdf
2025-05-08 17:32:00,294 - INFO - Loading faiss with AVX2 support.
2025-05-08 17:32:00,313 - INFO - Successfully loaded faiss with AVX2 support.
2025-05-08 17:32:00,317 - INFO - Failed to load GPU Faiss: name 'GpuIndexIVFFlat' is not defined. Will not load constructor refs for GPU indexes.
2025-05-08 17:32:00,427 - INFO - Loaded 1970 chunks from 853 documents
2025-05-08 17:32:00,429 - INFO - File watcher initialized
2025-05-09 12:19:49,641 - INFO - Load pretrained SentenceTransformer: sentence-transformers/all-MiniLM-L6-v2
2025-05-09 12:19:53,455 - INFO - Embeddings initialized successfully
2025-05-09 12:19:58,160 - INFO - Loaded: knowledge_base\ASTUlegislation2017.pdf
2025-05-09 12:20:02,843 - INFO - Loaded: knowledge_base\Course_catalogue_Final.pdf
2025-05-09 12:20:03,102 - INFO - Loaded: knowledge_base\PEOs_and_POs_ASTUs_Programs.pdf
2025-05-09 12:20:03,341 - INFO - Loaded: knowledge_base\Program_Accreditations.pdf
2025-05-09 12:20:54,514 - INFO - Loading faiss with AVX2 support.
2025-05-09 12:20:54,858 - INFO - Successfully loaded faiss with AVX2 support.
2025-05-09 12:20:54,866 - INFO - Failed to load GPU Faiss: name 'GpuIndexIVFFlat' is not defined. Will not load constructor refs for GPU indexes.
2025-05-09 12:20:55,001 - INFO - Loaded 1970 chunks from 853 documents
2025-05-09 12:20:55,003 - INFO - File watcher initialized
2025-05-09 12:21:14,471 - INFO - Load pretrained SentenceTransformer: sentence-transformers/all-MiniLM-L6-v2
2025-05-09 12:21:17,727 - INFO - Embeddings initialized successfully
2025-05-09 12:21:21,769 - INFO - Loaded: knowledge_base\ASTUlegislation2017.pdf
2025-05-09 12:21:26,309 - INFO - Loaded: knowledge_base\Course_catalogue_Final.pdf
2025-05-09 12:21:26,520 - INFO - Loaded: knowledge_base\PEOs_and_POs_ASTUs_Programs.pdf
2025-05-09 12:21:26,737 - INFO - Loaded: knowledge_base\Program_Accreditations.pdf
2025-05-09 12:22:17,027 - INFO - Loading faiss with AVX2 support.
2025-05-09 12:22:17,054 - INFO - Successfully loaded faiss with AVX2 support.
2025-05-09 12:22:17,061 - INFO - Failed to load GPU Faiss: name 'GpuIndexIVFFlat' is not defined. Will not load constructor refs for GPU indexes.
2025-05-09 12:22:17,204 - INFO - Loaded 1970 chunks from 853 documents
2025-05-09 12:22:17,206 - INFO - File watcher initialized
2025-05-09 12:32:30,507 - INFO - Load pretrained SentenceTransformer: sentence-transformers/all-MiniLM-L6-v2
2025-05-09 12:32:33,802 - INFO - Embeddings initialized successfully
2025-05-09 12:32:38,749 - INFO - Loaded: knowledge_base\ASTUlegislation2017.pdf
2025-05-09 12:32:43,555 - INFO - Loaded: knowledge_base\Course_catalogue_Final.pdf
2025-05-09 12:32:43,796 - INFO - Loaded: knowledge_base\PEOs_and_POs_ASTUs_Programs.pdf
2025-05-09 12:32:44,050 - INFO - Loaded: knowledge_base\Program_Accreditations.pdf
2025-05-09 12:33:30,504 - INFO - Loading faiss with AVX2 support.
2025-05-09 12:33:30,788 - INFO - Successfully loaded faiss with AVX2 support.
2025-05-09 12:33:30,794 - INFO - Failed to load GPU Faiss: name 'GpuIndexIVFFlat' is not defined. Will not load constructor refs for GPU indexes.
2025-05-09 12:33:30,916 - INFO - Loaded 1970 chunks from 853 documents
2025-05-09 12:33:30,918 - INFO - File watcher initialized
2025-05-09 12:34:53,954 - INFO - Load pretrained SentenceTransformer: sentence-transformers/all-MiniLM-L6-v2
2025-05-09 12:34:57,021 - INFO - Embeddings initialized successfully
2025-05-09 12:35:01,234 - INFO - Loaded: knowledge_base\ASTUlegislation2017.pdf
2025-05-09 12:35:05,833 - INFO - Loaded: knowledge_base\Course_catalogue_Final.pdf
2025-05-09 12:35:06,046 - INFO - Loaded: knowledge_base\PEOs_and_POs_ASTUs_Programs.pdf
2025-05-09 12:35:06,262 - INFO - Loaded: knowledge_base\Program_Accreditations.pdf
2025-05-09 12:35:52,094 - INFO - Loading faiss with AVX2 support.
2025-05-09 12:35:52,118 - INFO - Successfully loaded faiss with AVX2 support.
2025-05-09 12:35:52,124 - INFO - Failed to load GPU Faiss: name 'GpuIndexIVFFlat' is not defined. Will not load constructor refs for GPU indexes.
2025-05-09 12:35:52,254 - INFO - Loaded 1970 chunks from 853 documents
2025-05-09 12:35:52,256 - INFO - File watcher initialized
2025-05-09 12:36:24,066 - INFO - Load pretrained SentenceTransformer: sentence-transformers/all-MiniLM-L6-v2
2025-05-09 12:36:27,402 - INFO - Embeddings initialized successfully
2025-05-09 12:36:31,400 - INFO - Loaded: knowledge_base\ASTUlegislation2017.pdf
2025-05-09 12:36:35,982 - INFO - Loaded: knowledge_base\Course_catalogue_Final.pdf
2025-05-09 12:36:36,192 - INFO - Loaded: knowledge_base\PEOs_and_POs_ASTUs_Programs.pdf
2025-05-09 12:36:36,410 - INFO - Loaded: knowledge_base\Program_Accreditations.pdf
2025-05-09 12:37:26,048 - INFO - Loading faiss with AVX2 support.
2025-05-09 12:37:26,075 - INFO - Successfully loaded faiss with AVX2 support.
2025-05-09 12:37:26,083 - INFO - Failed to load GPU Faiss: name 'GpuIndexIVFFlat' is not defined. Will not load constructor refs for GPU indexes.
2025-05-09 12:37:26,236 - INFO - Loaded 1970 chunks from 853 documents
2025-05-09 12:37:26,238 - INFO - File watcher initialized
2025-05-09 12:37:44,069 - INFO - Load pretrained SentenceTransformer: sentence-transformers/all-MiniLM-L6-v2
2025-05-09 12:37:47,548 - INFO - Embeddings initialized successfully
2025-05-09 12:37:51,600 - INFO - Loaded: knowledge_base\ASTUlegislation2017.pdf
2025-05-09 12:37:56,179 - INFO - Loaded: knowledge_base\Course_catalogue_Final.pdf
2025-05-09 12:37:56,390 - INFO - Loaded: knowledge_base\PEOs_and_POs_ASTUs_Programs.pdf
2025-05-09 12:37:56,606 - INFO - Loaded: knowledge_base\Program_Accreditations.pdf
2025-05-09 12:38:55,835 - INFO - Loading faiss with AVX2 support.
2025-05-09 12:38:55,866 - INFO - Successfully loaded faiss with AVX2 support.
2025-05-09 12:38:55,874 - INFO - Failed to load GPU Faiss: name 'GpuIndexIVFFlat' is not defined. Will not load constructor refs for GPU indexes.
2025-05-09 12:38:56,028 - INFO - Loaded 1970 chunks from 853 documents
2025-05-09 12:38:56,030 - INFO - File watcher initialized
2025-05-09 12:42:19,156 - INFO - Load pretrained SentenceTransformer: sentence-transformers/all-MiniLM-L6-v2
2025-05-09 12:42:22,303 - INFO - Embeddings initialized successfully
2025-05-09 12:42:26,478 - INFO - Loaded: knowledge_base\ASTUlegislation2017.pdf
2025-05-09 12:42:31,209 - INFO - Loaded: knowledge_base\Course_catalogue_Final.pdf
2025-05-09 12:42:31,429 - INFO - Loaded: knowledge_base\PEOs_and_POs_ASTUs_Programs.pdf
2025-05-09 12:42:31,653 - INFO - Loaded: knowledge_base\Program_Accreditations.pdf
2025-05-09 12:43:16,949 - INFO - Loading faiss with AVX2 support.
2025-05-09 12:43:16,974 - INFO - Successfully loaded faiss with AVX2 support.
2025-05-09 12:43:16,980 - INFO - Failed to load GPU Faiss: name 'GpuIndexIVFFlat' is not defined. Will not load constructor refs for GPU indexes.
2025-05-09 12:43:17,116 - INFO - Loaded 1970 chunks from 853 documents
2025-05-09 12:43:17,119 - INFO - File watcher initialized
2025-05-09 12:44:53,466 - INFO - Load pretrained SentenceTransformer: sentence-transformers/all-MiniLM-L6-v2
2025-05-09 12:44:58,117 - INFO - Embeddings initialized successfully
2025-05-09 12:45:08,050 - INFO - Loaded: knowledge_base\ASTUlegislation2017.pdf
2025-05-09 12:45:19,276 - INFO - Loaded: knowledge_base\Course_catalogue_Final.pdf
2025-05-09 12:45:19,817 - INFO - Loaded: knowledge_base\PEOs_and_POs_ASTUs_Programs.pdf
2025-05-09 12:45:20,384 - INFO - Loaded: knowledge_base\Program_Accreditations.pdf
2025-05-09 12:46:16,455 - INFO - Loading faiss with AVX2 support.
2025-05-09 12:46:16,481 - INFO - Successfully loaded faiss with AVX2 support.
2025-05-09 12:46:16,489 - INFO - Failed to load GPU Faiss: name 'GpuIndexIVFFlat' is not defined. Will not load constructor refs for GPU indexes.
2025-05-09 12:46:16,638 - INFO - Loaded 1970 chunks from 853 documents
2025-05-09 12:46:16,641 - INFO - File watcher initialized
2025-05-09 12:52:34,722 - INFO - Load pretrained SentenceTransformer: sentence-transformers/all-MiniLM-L6-v2
2025-05-09 12:52:37,914 - INFO - Embeddings initialized successfully
2025-05-09 12:52:42,538 - INFO - Loaded: knowledge_base\ASTUlegislation2017.pdf
2025-05-09 12:52:47,503 - INFO - Loaded: knowledge_base\Course_catalogue_Final.pdf
2025-05-09 12:52:47,736 - INFO - Loaded: knowledge_base\PEOs_and_POs_ASTUs_Programs.pdf
2025-05-09 12:52:47,968 - INFO - Loaded: knowledge_base\Program_Accreditations.pdf
2025-05-09 12:53:39,839 - INFO - Loading faiss with AVX2 support.
2025-05-09 12:53:39,870 - INFO - Successfully loaded faiss with AVX2 support.
2025-05-09 12:53:39,878 - INFO - Failed to load GPU Faiss: name 'GpuIndexIVFFlat' is not defined. Will not load constructor refs for GPU indexes.
2025-05-09 12:53:40,031 - INFO - Loaded 1970 chunks from 853 documents
2025-05-09 12:53:40,034 - INFO - File watcher initialized
2025-05-09 12:57:29,564 - INFO - Load pretrained SentenceTransformer: sentence-transformers/all-MiniLM-L6-v2
2025-05-09 12:57:32,867 - INFO - Embeddings initialized successfully
2025-05-09 12:57:36,862 - INFO - Loaded: knowledge_base\ASTUlegislation2017.pdf
2025-05-09 12:57:41,365 - INFO - Loaded: knowledge_base\Course_catalogue_Final.pdf
2025-05-09 12:57:41,567 - INFO - Loaded: knowledge_base\PEOs_and_POs_ASTUs_Programs.pdf
2025-05-09 12:57:41,781 - INFO - Loaded: knowledge_base\Program_Accreditations.pdf
2025-05-09 12:58:27,316 - INFO - Loading faiss with AVX2 support.
2025-05-09 12:58:27,341 - INFO - Successfully loaded faiss with AVX2 support.
2025-05-09 12:58:27,347 - INFO - Failed to load GPU Faiss: name 'GpuIndexIVFFlat' is not defined. Will not load constructor refs for GPU indexes.
2025-05-09 12:58:27,485 - INFO - Loaded 1970 chunks from 853 documents
2025-05-09 12:58:27,488 - INFO - File watcher initialized
2025-05-09 12:59:24,566 - INFO - Load pretrained SentenceTransformer: sentence-transformers/all-MiniLM-L6-v2
2025-05-09 12:59:27,712 - INFO - Embeddings initialized successfully
2025-05-09 12:59:31,731 - INFO - Loaded: knowledge_base\ASTUlegislation2017.pdf
2025-05-09 12:59:36,300 - INFO - Loaded: knowledge_base\Course_catalogue_Final.pdf
2025-05-09 12:59:36,510 - INFO - Loaded: knowledge_base\PEOs_and_POs_ASTUs_Programs.pdf
2025-05-09 12:59:36,717 - INFO - Loaded: knowledge_base\Program_Accreditations.pdf
2025-05-09 13:00:24,038 - INFO - Loading faiss with AVX2 support.
2025-05-09 13:00:24,063 - INFO - Successfully loaded faiss with AVX2 support.
2025-05-09 13:00:24,070 - INFO - Failed to load GPU Faiss: name 'GpuIndexIVFFlat' is not defined. Will not load constructor refs for GPU indexes.
2025-05-09 13:00:24,197 - INFO - Loaded 1970 chunks from 853 documents
2025-05-09 13:00:24,199 - INFO - File watcher initialized
2025-05-09 13:01:01,941 - INFO - Load pretrained SentenceTransformer: sentence-transformers/all-MiniLM-L6-v2
2025-05-09 13:01:05,661 - INFO - Embeddings initialized successfully
2025-05-09 13:01:15,168 - INFO - Loaded: knowledge_base\ASTUlegislation2017.pdf
2025-05-09 13:01:26,313 - INFO - Loaded: knowledge_base\Course_catalogue_Final.pdf
2025-05-09 13:01:26,861 - INFO - Loaded: knowledge_base\PEOs_and_POs_ASTUs_Programs.pdf
2025-05-09 13:01:27,416 - INFO - Loaded: knowledge_base\Program_Accreditations.pdf
2025-05-09 13:02:36,644 - INFO - Loading faiss with AVX2 support.
2025-05-09 13:02:36,673 - INFO - Successfully loaded faiss with AVX2 support.
2025-05-09 13:02:36,680 - INFO - Failed to load GPU Faiss: name 'GpuIndexIVFFlat' is not defined. Will not load constructor refs for GPU indexes.
2025-05-09 13:02:36,828 - INFO - Loaded 1970 chunks from 853 documents
2025-05-09 13:02:36,831 - INFO - File watcher initialized
2025-05-09 13:02:54,473 - INFO - Load pretrained SentenceTransformer: sentence-transformers/all-MiniLM-L6-v2
2025-05-09 13:02:58,161 - INFO - Embeddings initialized successfully
2025-05-09 13:03:08,359 - INFO - Loaded: knowledge_base\ASTUlegislation2017.pdf
2025-05-09 13:03:12,981 - INFO - Loaded: knowledge_base\Course_catalogue_Final.pdf
2025-05-09 13:03:13,215 - INFO - Loaded: knowledge_base\PEOs_and_POs_ASTUs_Programs.pdf
2025-05-09 13:03:13,440 - INFO - Loaded: knowledge_base\Program_Accreditations.pdf
2025-05-09 13:04:13,437 - INFO - Loading faiss with AVX2 support.
2025-05-09 13:04:13,465 - INFO - Successfully loaded faiss with AVX2 support.
2025-05-09 13:04:13,472 - INFO - Failed to load GPU Faiss: name 'GpuIndexIVFFlat' is not defined. Will not load constructor refs for GPU indexes.
2025-05-09 13:04:13,623 - INFO - Loaded 1970 chunks from 853 documents
2025-05-09 13:04:13,626 - INFO - File watcher initialized
2025-05-09 13:05:41,871 - INFO - Load pretrained SentenceTransformer: sentence-transformers/all-MiniLM-L6-v2
2025-05-09 13:05:45,182 - INFO - Embeddings initialized successfully
2025-05-09 13:05:49,200 - INFO - Loaded: knowledge_base\ASTUlegislation2017.pdf
2025-05-09 13:05:53,779 - INFO - Loaded: knowledge_base\Course_catalogue_Final.pdf
2025-05-09 13:05:53,995 - INFO - Loaded: knowledge_base\PEOs_and_POs_ASTUs_Programs.pdf
2025-05-09 13:05:54,217 - INFO - Loaded: knowledge_base\Program_Accreditations.pdf
2025-05-09 13:06:44,730 - INFO - Loading faiss with AVX2 support.
2025-05-09 13:06:44,757 - INFO - Successfully loaded faiss with AVX2 support.
2025-05-09 13:06:44,763 - INFO - Failed to load GPU Faiss: name 'GpuIndexIVFFlat' is not defined. Will not load constructor refs for GPU indexes.
2025-05-09 13:06:44,985 - INFO - Loaded 1970 chunks from 853 documents
2025-05-09 13:06:44,988 - INFO - File watcher initialized
2025-05-09 13:07:24,200 - INFO - Load pretrained SentenceTransformer: sentence-transformers/all-MiniLM-L6-v2
2025-05-09 13:07:27,936 - INFO - Embeddings initialized successfully
2025-05-09 13:07:31,947 - INFO - Loaded: knowledge_base\ASTUlegislation2017.pdf
2025-05-09 13:07:36,565 - INFO - Loaded: knowledge_base\Course_catalogue_Final.pdf
2025-05-09 13:07:36,777 - INFO - Loaded: knowledge_base\PEOs_and_POs_ASTUs_Programs.pdf
2025-05-09 13:07:36,997 - INFO - Loaded: knowledge_base\Program_Accreditations.pdf
2025-05-09 13:08:30,697 - INFO - Loading faiss with AVX2 support.
2025-05-09 13:08:30,724 - INFO - Successfully loaded faiss with AVX2 support.
2025-05-09 13:08:30,731 - INFO - Failed to load GPU Faiss: name 'GpuIndexIVFFlat' is not defined. Will not load constructor refs for GPU indexes.
2025-05-09 13:08:30,873 - INFO - Loaded 1970 chunks from 853 documents
2025-05-09 13:08:30,875 - INFO - File watcher initialized
2025-05-09 13:09:16,985 - INFO - Load pretrained SentenceTransformer: sentence-transformers/all-MiniLM-L6-v2
2025-05-09 13:09:19,990 - INFO - Embeddings initialized successfully
2025-05-09 13:09:23,972 - INFO - Loaded: knowledge_base\ASTUlegislation2017.pdf
2025-05-09 13:09:28,535 - INFO - Loaded: knowledge_base\Course_catalogue_Final.pdf
2025-05-09 13:09:28,740 - INFO - Loaded: knowledge_base\PEOs_and_POs_ASTUs_Programs.pdf
2025-05-09 13:09:28,949 - INFO - Loaded: knowledge_base\Program_Accreditations.pdf
2025-05-09 13:10:23,913 - INFO - Loading faiss with AVX2 support.
2025-05-09 13:10:23,943 - INFO - Successfully loaded faiss with AVX2 support.
2025-05-09 13:10:23,950 - INFO - Failed to load GPU Faiss: name 'GpuIndexIVFFlat' is not defined. Will not load constructor refs for GPU indexes.
2025-05-09 13:10:24,095 - INFO - Loaded 1970 chunks from 853 documents
2025-05-09 13:10:24,098 - INFO - File watcher initialized
2025-05-09 13:11:18,349 - INFO - Load pretrained SentenceTransformer: sentence-transformers/all-MiniLM-L6-v2
2025-05-09 13:11:21,717 - INFO - Embeddings initialized successfully
2025-05-09 13:11:25,693 - INFO - Loaded: knowledge_base\ASTUlegislation2017.pdf
2025-05-09 13:11:30,217 - INFO - Loaded: knowledge_base\Course_catalogue_Final.pdf
2025-05-09 13:11:30,425 - INFO - Loaded: knowledge_base\PEOs_and_POs_ASTUs_Programs.pdf
2025-05-09 13:11:30,637 - INFO - Loaded: knowledge_base\Program_Accreditations.pdf
2025-05-09 13:12:25,687 - INFO - Loading faiss with AVX2 support.
2025-05-09 13:12:25,716 - INFO - Successfully loaded faiss with AVX2 support.
2025-05-09 13:12:25,724 - INFO - Failed to load GPU Faiss: name 'GpuIndexIVFFlat' is not defined. Will not load constructor refs for GPU indexes.
2025-05-09 13:12:25,869 - INFO - Loaded 1970 chunks from 853 documents
2025-05-09 13:12:25,872 - INFO - File watcher initialized
2025-05-09 13:15:55,725 - INFO - Load pretrained SentenceTransformer: sentence-transformers/all-MiniLM-L6-v2
2025-05-09 13:16:00,660 - INFO - Embeddings initialized successfully
2025-05-09 13:16:11,316 - INFO - Loaded: knowledge_base\ASTUlegislation2017.pdf
2025-05-09 13:16:16,281 - INFO - Loaded: knowledge_base\Course_catalogue_Final.pdf
2025-05-09 13:16:16,490 - INFO - Loaded: knowledge_base\PEOs_and_POs_ASTUs_Programs.pdf
2025-05-09 13:16:16,712 - INFO - Loaded: knowledge_base\Program_Accreditations.pdf
2025-05-09 13:17:03,778 - INFO - Loading faiss with AVX2 support.
2025-05-09 13:17:03,803 - INFO - Successfully loaded faiss with AVX2 support.
2025-05-09 13:17:03,809 - INFO - Failed to load GPU Faiss: name 'GpuIndexIVFFlat' is not defined. Will not load constructor refs for GPU indexes.
2025-05-09 13:17:03,958 - INFO - Loaded 1970 chunks from 853 documents
2025-05-09 13:17:03,960 - INFO - File watcher initialized
2025-05-09 13:26:39,653 - INFO - Load pretrained SentenceTransformer: sentence-transformers/all-MiniLM-L6-v2
2025-05-09 13:26:45,484 - INFO - Embeddings initialized successfully
2025-05-09 13:26:49,585 - INFO - Loaded: knowledge_base\ASTUlegislation2017.pdf
2025-05-09 13:26:54,276 - INFO - Loaded: knowledge_base\Course_catalogue_Final.pdf
2025-05-09 13:26:54,520 - INFO - Loaded: knowledge_base\PEOs_and_POs_ASTUs_Programs.pdf
2025-05-09 13:26:54,745 - INFO - Loaded: knowledge_base\Program_Accreditations.pdf
2025-05-09 13:27:41,461 - INFO - Loading faiss with AVX2 support.
2025-05-09 13:27:41,489 - INFO - Successfully loaded faiss with AVX2 support.
2025-05-09 13:27:41,496 - INFO - Failed to load GPU Faiss: name 'GpuIndexIVFFlat' is not defined. Will not load constructor refs for GPU indexes.
2025-05-09 13:27:41,641 - INFO - Loaded 1970 chunks from 853 documents
2025-05-09 13:27:41,644 - INFO - File watcher initialized
2025-05-09 14:25:18,126 - ERROR - Internal Server Error: /api/forum/questions/
Traceback (most recent call last):
  File "C:\Users\urjii\OneDrive\Desktop\project\integrated-web-app\venv\Lib\site-packages\django\db\backends\utils.py", line 105, in _execute
    return self.cursor.execute(sql, params)
           ~~~~~~~~~~~~~~~~~~~^^^^^^^^^^^^^
psycopg2.errors.UndefinedColumn: column "description" of relation "forum_question" does not exist
LINE 1: INSERT INTO "forum_question" ("title", "description", "creat...
                                               ^


The above exception was the direct cause of the following exception:

Traceback (most recent call last):
  File "C:\Users\urjii\OneDrive\Desktop\project\integrated-web-app\venv\Lib\site-packages\django\core\handlers\exception.py", line 55, in inner
    response = get_response(request)
  File "C:\Users\urjii\OneDrive\Desktop\project\integrated-web-app\venv\Lib\site-packages\django\core\handlers\base.py", line 197, in _get_response
    response = wrapped_callback(request, *callback_args, **callback_kwargs)
  File "C:\Users\urjii\OneDrive\Desktop\project\integrated-web-app\venv\Lib\site-packages\django\views\decorators\csrf.py", line 65, in _view_wrapper
    return view_func(request, *args, **kwargs)
  File "C:\Users\urjii\OneDrive\Desktop\project\integrated-web-app\venv\Lib\site-packages\django\views\generic\base.py", line 104, in view
    return self.dispatch(request, *args, **kwargs)
           ~~~~~~~~~~~~~^^^^^^^^^^^^^^^^^^^^^^^^^^
  File "C:\Users\urjii\OneDrive\Desktop\project\integrated-web-app\venv\Lib\site-packages\rest_framework\views.py", line 515, in dispatch
    response = self.handle_exception(exc)
  File "C:\Users\urjii\OneDrive\Desktop\project\integrated-web-app\venv\Lib\site-packages\rest_framework\views.py", line 475, in handle_exception
    self.raise_uncaught_exception(exc)
    ~~~~~~~~~~~~~~~~~~~~~~~~~~~~~^^^^^
  File "C:\Users\urjii\OneDrive\Desktop\project\integrated-web-app\venv\Lib\site-packages\rest_framework\views.py", line 486, in raise_uncaught_exception
    raise exc
  File "C:\Users\urjii\OneDrive\Desktop\project\integrated-web-app\venv\Lib\site-packages\rest_framework\views.py", line 512, in dispatch
    response = handler(request, *args, **kwargs)
  File "C:\Users\urjii\OneDrive\Desktop\project\integrated-web-app\venv\Lib\site-packages\rest_framework\generics.py", line 246, in post
    return self.create(request, *args, **kwargs)
           ~~~~~~~~~~~^^^^^^^^^^^^^^^^^^^^^^^^^^
  File "C:\Users\urjii\OneDrive\Desktop\project\integrated-web-app\venv\Lib\site-packages\rest_framework\mixins.py", line 19, in create
    self.perform_create(serializer)
    ~~~~~~~~~~~~~~~~~~~^^^^^^^^^^^^
  File "C:\Users\urjii\OneDrive\Desktop\project\integrated-web-app\venv\Lib\site-packages\rest_framework\mixins.py", line 24, in perform_create
    serializer.save()
    ~~~~~~~~~~~~~~~^^
  File "C:\Users\urjii\OneDrive\Desktop\project\integrated-web-app\venv\Lib\site-packages\rest_framework\serializers.py", line 210, in save
    self.instance = self.create(validated_data)
                    ~~~~~~~~~~~^^^^^^^^^^^^^^^^
  File "C:\Users\urjii\OneDrive\Desktop\project\integrated-web-app\venv\Lib\site-packages\rest_framework\serializers.py", line 991, in create
    instance = ModelClass._default_manager.create(**validated_data)
  File "C:\Users\urjii\OneDrive\Desktop\project\integrated-web-app\venv\Lib\site-packages\django\db\models\manager.py", line 87, in manager_method
    return getattr(self.get_queryset(), name)(*args, **kwargs)
           ~~~~~~~~~~~~~~~~~~~~~~~~~~~~~~~~~~^^^^^^^^^^^^^^^^^
  File "C:\Users\urjii\OneDrive\Desktop\project\integrated-web-app\venv\Lib\site-packages\django\db\models\query.py", line 663, in create
    obj.save(force_insert=True, using=self.db)
    ~~~~~~~~^^^^^^^^^^^^^^^^^^^^^^^^^^^^^^^^^^
  File "C:\Users\urjii\OneDrive\Desktop\project\integrated-web-app\venv\Lib\site-packages\django\db\models\base.py", line 902, in save
    self.save_base(
    ~~~~~~~~~~~~~~^
        using=using,
        ^^^^^^^^^^^^
    ...<2 lines>...
        update_fields=update_fields,
        ^^^^^^^^^^^^^^^^^^^^^^^^^^^^
    )
    ^
  File "C:\Users\urjii\OneDrive\Desktop\project\integrated-web-app\venv\Lib\site-packages\django\db\models\base.py", line 1008, in save_base
    updated = self._save_table(
        raw,
    ...<4 lines>...
        update_fields,
    )
  File "C:\Users\urjii\OneDrive\Desktop\project\integrated-web-app\venv\Lib\site-packages\django\db\models\base.py", line 1169, in _save_table
    results = self._do_insert(
        cls._base_manager, using, fields, returning_fields, raw
    )
  File "C:\Users\urjii\OneDrive\Desktop\project\integrated-web-app\venv\Lib\site-packages\django\db\models\base.py", line 1210, in _do_insert
    return manager._insert(
           ~~~~~~~~~~~~~~~^
        [self],
        ^^^^^^^
    ...<3 lines>...
        raw=raw,
        ^^^^^^^^
    )
    ^
  File "C:\Users\urjii\OneDrive\Desktop\project\integrated-web-app\venv\Lib\site-packages\django\db\models\manager.py", line 87, in manager_method
    return getattr(self.get_queryset(), name)(*args, **kwargs)
           ~~~~~~~~~~~~~~~~~~~~~~~~~~~~~~~~~~^^^^^^^^^^^^^^^^^
  File "C:\Users\urjii\OneDrive\Desktop\project\integrated-web-app\venv\Lib\site-packages\django\db\models\query.py", line 1854, in _insert
    return query.get_compiler(using=using).execute_sql(returning_fields)
           ~~~~~~~~~~~~~~~~~~~~~~~~~~~~~~~~~~~~~~~~~~~^^^^^^^^^^^^^^^^^^
  File "C:\Users\urjii\OneDrive\Desktop\project\integrated-web-app\venv\Lib\site-packages\django\db\models\sql\compiler.py", line 1881, in execute_sql
    cursor.execute(sql, params)
    ~~~~~~~~~~~~~~^^^^^^^^^^^^^
  File "C:\Users\urjii\OneDrive\Desktop\project\integrated-web-app\venv\Lib\site-packages\django\db\backends\utils.py", line 122, in execute
    return super().execute(sql, params)
           ~~~~~~~~~~~~~~~^^^^^^^^^^^^^
  File "C:\Users\urjii\OneDrive\Desktop\project\integrated-web-app\venv\Lib\site-packages\django\db\backends\utils.py", line 79, in execute
    return self._execute_with_wrappers(
           ~~~~~~~~~~~~~~~~~~~~~~~~~~~^
        sql, params, many=False, executor=self._execute
        ^^^^^^^^^^^^^^^^^^^^^^^^^^^^^^^^^^^^^^^^^^^^^^^
    )
    ^
  File "C:\Users\urjii\OneDrive\Desktop\project\integrated-web-app\venv\Lib\site-packages\django\db\backends\utils.py", line 92, in _execute_with_wrappers
    return executor(sql, params, many, context)
  File "C:\Users\urjii\OneDrive\Desktop\project\integrated-web-app\venv\Lib\site-packages\django\db\backends\utils.py", line 100, in _execute
    with self.db.wrap_database_errors:
         ^^^^^^^^^^^^^^^^^^^^^^^^^^^^
  File "C:\Users\urjii\OneDrive\Desktop\project\integrated-web-app\venv\Lib\site-packages\django\db\utils.py", line 91, in __exit__
    raise dj_exc_value.with_traceback(traceback) from exc_value
  File "C:\Users\urjii\OneDrive\Desktop\project\integrated-web-app\venv\Lib\site-packages\django\db\backends\utils.py", line 105, in _execute
    return self.cursor.execute(sql, params)
           ~~~~~~~~~~~~~~~~~~~^^^^^^^^^^^^^
django.db.utils.ProgrammingError: column "description" of relation "forum_question" does not exist
LINE 1: INSERT INTO "forum_question" ("title", "description", "creat...
                                               ^

2025-05-09 15:28:04,280 - INFO - Load pretrained SentenceTransformer: sentence-transformers/all-MiniLM-L6-v2
2025-05-09 15:28:07,737 - INFO - Embeddings initialized successfully
2025-05-09 15:28:11,868 - INFO - Loaded: knowledge_base\ASTUlegislation2017.pdf
2025-05-09 15:28:16,519 - INFO - Loaded: knowledge_base\Course_catalogue_Final.pdf
2025-05-09 15:28:16,738 - INFO - Loaded: knowledge_base\PEOs_and_POs_ASTUs_Programs.pdf
2025-05-09 15:28:16,956 - INFO - Loaded: knowledge_base\Program_Accreditations.pdf
2025-05-09 15:29:03,565 - INFO - Loading faiss with AVX2 support.
2025-05-09 15:29:03,591 - INFO - Successfully loaded faiss with AVX2 support.
2025-05-09 15:29:03,597 - INFO - Failed to load GPU Faiss: name 'GpuIndexIVFFlat' is not defined. Will not load constructor refs for GPU indexes.
2025-05-09 15:29:03,758 - INFO - Loaded 1970 chunks from 853 documents
2025-05-09 15:29:03,761 - INFO - File watcher initialized
2025-05-09 15:29:05,106 - INFO - C:\Users\urjii\OneDrive\Desktop\project\integrated-web-app\forum\migrations\0001_initial.py changed, reloading.
2025-05-09 15:29:12,741 - INFO - Load pretrained SentenceTransformer: sentence-transformers/all-MiniLM-L6-v2
2025-05-09 15:29:13,865 - INFO - Load pretrained SentenceTransformer: sentence-transformers/all-MiniLM-L6-v2
2025-05-09 15:29:16,624 - INFO - Embeddings initialized successfully
2025-05-09 15:29:16,970 - INFO - Embeddings initialized successfully
2025-05-09 15:29:20,946 - INFO - Loaded: knowledge_base\ASTUlegislation2017.pdf
2025-05-09 15:29:21,348 - INFO - Loaded: knowledge_base\ASTUlegislation2017.pdf
2025-05-09 15:29:26,277 - INFO - Loaded: knowledge_base\Course_catalogue_Final.pdf
2025-05-09 15:29:26,542 - INFO - Loaded: knowledge_base\PEOs_and_POs_ASTUs_Programs.pdf
2025-05-09 15:29:26,802 - INFO - Loaded: knowledge_base\Program_Accreditations.pdf
2025-05-09 15:29:26,810 - INFO - Loaded: knowledge_base\Course_catalogue_Final.pdf
2025-05-09 15:29:27,405 - INFO - Loaded: knowledge_base\PEOs_and_POs_ASTUs_Programs.pdf
2025-05-09 15:29:28,251 - INFO - Loaded: knowledge_base\Program_Accreditations.pdf
2025-05-09 15:31:09,709 - INFO - Loading faiss with AVX2 support.
2025-05-09 15:31:09,767 - INFO - Successfully loaded faiss with AVX2 support.
2025-05-09 15:31:09,783 - INFO - Failed to load GPU Faiss: name 'GpuIndexIVFFlat' is not defined. Will not load constructor refs for GPU indexes.
2025-05-09 15:31:10,117 - INFO - Loaded 1970 chunks from 853 documents
2025-05-09 15:31:10,123 - INFO - File watcher initialized
2025-05-09 15:31:13,820 - INFO - Loading faiss with AVX2 support.
2025-05-09 15:31:13,855 - INFO - Successfully loaded faiss with AVX2 support.
2025-05-09 15:31:13,863 - INFO - Failed to load GPU Faiss: name 'GpuIndexIVFFlat' is not defined. Will not load constructor refs for GPU indexes.
2025-05-09 15:31:14,009 - INFO - Loaded 1970 chunks from 853 documents
2025-05-09 15:31:14,011 - INFO - File watcher initialized
2025-05-09 15:31:43,248 - INFO - Load pretrained SentenceTransformer: sentence-transformers/all-MiniLM-L6-v2
2025-05-09 15:31:46,632 - INFO - Embeddings initialized successfully
2025-05-09 15:31:50,736 - INFO - Loaded: knowledge_base\ASTUlegislation2017.pdf
2025-05-09 15:31:55,404 - INFO - Loaded: knowledge_base\Course_catalogue_Final.pdf
2025-05-09 15:31:55,628 - INFO - Loaded: knowledge_base\PEOs_and_POs_ASTUs_Programs.pdf
2025-05-09 15:31:55,866 - INFO - Loaded: knowledge_base\Program_Accreditations.pdf
2025-05-09 15:33:00,064 - INFO - Loading faiss with AVX2 support.
2025-05-09 15:33:00,114 - INFO - Successfully loaded faiss with AVX2 support.
2025-05-09 15:33:00,125 - INFO - Failed to load GPU Faiss: name 'GpuIndexIVFFlat' is not defined. Will not load constructor refs for GPU indexes.
2025-05-09 15:33:00,371 - INFO - Loaded 1970 chunks from 853 documents
2025-05-09 15:33:00,375 - INFO - File watcher initialized
2025-05-09 15:33:01,325 - INFO - C:\Users\urjii\OneDrive\Desktop\project\integrated-web-app\forum\migrations\__init__.py changed, reloading.
2025-05-09 15:33:10,389 - INFO - Load pretrained SentenceTransformer: sentence-transformers/all-MiniLM-L6-v2
2025-05-09 15:33:10,835 - INFO - Load pretrained SentenceTransformer: sentence-transformers/all-MiniLM-L6-v2
2025-05-09 15:33:13,399 - INFO - Embeddings initialized successfully
2025-05-09 15:33:13,796 - INFO - Embeddings initialized successfully
2025-05-09 15:33:18,609 - INFO - Loaded: knowledge_base\ASTUlegislation2017.pdf
2025-05-09 15:33:19,082 - INFO - Loaded: knowledge_base\ASTUlegislation2017.pdf
2025-05-09 15:33:25,037 - INFO - Loaded: knowledge_base\Course_catalogue_Final.pdf
2025-05-09 15:33:25,337 - INFO - Loaded: knowledge_base\PEOs_and_POs_ASTUs_Programs.pdf
2025-05-09 15:33:25,449 - INFO - Loaded: knowledge_base\Course_catalogue_Final.pdf
2025-05-09 15:33:25,651 - INFO - Loaded: knowledge_base\Program_Accreditations.pdf
2025-05-09 15:33:25,746 - INFO - Loaded: knowledge_base\PEOs_and_POs_ASTUs_Programs.pdf
2025-05-09 15:33:26,654 - INFO - Loaded: knowledge_base\Program_Accreditations.pdf
2025-05-09 15:35:24,531 - INFO - Loading faiss with AVX2 support.
2025-05-09 15:35:24,587 - INFO - Successfully loaded faiss with AVX2 support.
2025-05-09 15:35:24,608 - INFO - Failed to load GPU Faiss: name 'GpuIndexIVFFlat' is not defined. Will not load constructor refs for GPU indexes.
2025-05-09 15:35:24,994 - INFO - Loaded 1970 chunks from 853 documents
2025-05-09 15:35:24,999 - INFO - File watcher initialized
2025-05-09 15:35:27,507 - INFO - Loading faiss with AVX2 support.
2025-05-09 15:35:27,548 - INFO - Successfully loaded faiss with AVX2 support.
2025-05-09 15:35:27,557 - INFO - Failed to load GPU Faiss: name 'GpuIndexIVFFlat' is not defined. Will not load constructor refs for GPU indexes.
2025-05-09 15:35:27,728 - INFO - Loaded 1970 chunks from 853 documents
2025-05-09 15:35:27,734 - INFO - File watcher initialized
2025-05-09 15:43:09,083 - INFO - C:\Users\urjii\OneDrive\Desktop\project\integrated-web-app\forum\migrations\0001_initial.py changed, reloading.
2025-05-09 15:43:16,863 - INFO - Load pretrained SentenceTransformer: sentence-transformers/all-MiniLM-L6-v2
2025-05-09 15:43:20,915 - INFO - Embeddings initialized successfully
2025-05-09 15:43:25,778 - INFO - Loaded: knowledge_base\ASTUlegislation2017.pdf
2025-05-09 15:43:31,957 - INFO - Loaded: knowledge_base\Course_catalogue_Final.pdf
2025-05-09 15:43:32,188 - INFO - Loaded: knowledge_base\PEOs_and_POs_ASTUs_Programs.pdf
2025-05-09 15:43:32,466 - INFO - Loaded: knowledge_base\Program_Accreditations.pdf
2025-05-09 15:44:23,697 - INFO - Loading faiss with AVX2 support.
2025-05-09 15:44:23,723 - INFO - Successfully loaded faiss with AVX2 support.
2025-05-09 15:44:23,730 - INFO - Failed to load GPU Faiss: name 'GpuIndexIVFFlat' is not defined. Will not load constructor refs for GPU indexes.
2025-05-09 15:44:23,871 - INFO - Loaded 1970 chunks from 853 documents
2025-05-09 15:44:23,874 - INFO - File watcher initialized
2025-05-09 15:45:00,665 - INFO - C:\Users\urjii\OneDrive\Desktop\project\integrated-web-app\forum\models.py changed, reloading.
2025-05-09 15:45:10,260 - INFO - Load pretrained SentenceTransformer: sentence-transformers/all-MiniLM-L6-v2
2025-05-09 15:45:13,815 - INFO - Embeddings initialized successfully
2025-05-09 15:45:18,366 - INFO - Loaded: knowledge_base\ASTUlegislation2017.pdf
2025-05-09 15:45:23,282 - INFO - Loaded: knowledge_base\Course_catalogue_Final.pdf
2025-05-09 15:45:23,496 - INFO - Loaded: knowledge_base\PEOs_and_POs_ASTUs_Programs.pdf
2025-05-09 15:45:23,728 - INFO - Loaded: knowledge_base\Program_Accreditations.pdf
2025-05-09 15:46:35,467 - INFO - Loading faiss with AVX2 support.
2025-05-09 15:46:35,503 - INFO - Successfully loaded faiss with AVX2 support.
2025-05-09 15:46:35,514 - INFO - Failed to load GPU Faiss: name 'GpuIndexIVFFlat' is not defined. Will not load constructor refs for GPU indexes.
2025-05-09 15:46:35,676 - INFO - Loaded 1970 chunks from 853 documents
2025-05-09 15:46:35,678 - INFO - File watcher initialized
2025-05-09 15:47:00,547 - INFO - Load pretrained SentenceTransformer: sentence-transformers/all-MiniLM-L6-v2
2025-05-09 15:47:04,566 - INFO - Embeddings initialized successfully
2025-05-09 15:47:08,685 - INFO - Loaded: knowledge_base\ASTUlegislation2017.pdf
2025-05-09 15:47:13,392 - INFO - Loaded: knowledge_base\Course_catalogue_Final.pdf
2025-05-09 15:47:13,620 - INFO - Loaded: knowledge_base\PEOs_and_POs_ASTUs_Programs.pdf
2025-05-09 15:47:13,846 - INFO - Loaded: knowledge_base\Program_Accreditations.pdf
2025-05-09 15:48:18,404 - INFO - Loading faiss with AVX2 support.
2025-05-09 15:48:18,434 - INFO - Successfully loaded faiss with AVX2 support.
2025-05-09 15:48:18,442 - INFO - Failed to load GPU Faiss: name 'GpuIndexIVFFlat' is not defined. Will not load constructor refs for GPU indexes.
2025-05-09 15:48:18,621 - INFO - Loaded 1970 chunks from 853 documents
2025-05-09 15:48:18,624 - INFO - File watcher initialized
2025-05-09 15:48:26,683 - INFO - Load pretrained SentenceTransformer: sentence-transformers/all-MiniLM-L6-v2
2025-05-09 15:48:29,942 - INFO - Embeddings initialized successfully
2025-05-09 15:48:35,135 - INFO - Loaded: knowledge_base\ASTUlegislation2017.pdf
2025-05-09 15:48:48,044 - INFO - Loaded: knowledge_base\Course_catalogue_Final.pdf
2025-05-09 15:48:48,697 - INFO - Loaded: knowledge_base\PEOs_and_POs_ASTUs_Programs.pdf
2025-05-09 15:48:49,383 - INFO - Loaded: knowledge_base\Program_Accreditations.pdf
2025-05-09 15:49:45,491 - INFO - C:\Users\urjii\OneDrive\Desktop\project\integrated-web-app\forum\apps.py changed, reloading.
2025-05-09 15:50:12,276 - INFO - Loading faiss with AVX2 support.
2025-05-09 15:50:12,313 - INFO - Successfully loaded faiss with AVX2 support.
2025-05-09 15:50:12,324 - INFO - Failed to load GPU Faiss: name 'GpuIndexIVFFlat' is not defined. Will not load constructor refs for GPU indexes.
2025-05-09 15:50:12,507 - INFO - Loaded 1970 chunks from 853 documents
2025-05-09 15:50:12,511 - INFO - File watcher initialized
2025-05-09 15:52:31,296 - INFO - Load pretrained SentenceTransformer: sentence-transformers/all-MiniLM-L6-v2
2025-05-09 15:52:37,193 - INFO - Load pretrained SentenceTransformer: sentence-transformers/all-MiniLM-L6-v2
2025-05-09 15:52:37,205 - INFO - Embeddings initialized successfully
2025-05-09 15:52:40,693 - INFO - Embeddings initialized successfully
2025-05-09 15:52:41,521 - INFO - Loaded: knowledge_base\ASTUlegislation2017.pdf
2025-05-09 15:52:45,290 - INFO - Loaded: knowledge_base\ASTUlegislation2017.pdf
2025-05-09 15:52:46,590 - INFO - Loaded: knowledge_base\Course_catalogue_Final.pdf
2025-05-09 15:52:46,814 - INFO - Loaded: knowledge_base\PEOs_and_POs_ASTUs_Programs.pdf
2025-05-09 15:52:47,063 - INFO - Loaded: knowledge_base\Program_Accreditations.pdf
2025-05-09 15:52:56,134 - INFO - Loaded: knowledge_base\Course_catalogue_Final.pdf
2025-05-09 15:52:56,964 - INFO - Loaded: knowledge_base\PEOs_and_POs_ASTUs_Programs.pdf
2025-05-09 15:52:57,836 - INFO - Loaded: knowledge_base\Program_Accreditations.pdf
2025-05-09 15:54:23,905 - INFO - Loading faiss with AVX2 support.
2025-05-09 15:54:23,964 - INFO - Successfully loaded faiss with AVX2 support.
2025-05-09 15:54:23,978 - INFO - Failed to load GPU Faiss: name 'GpuIndexIVFFlat' is not defined. Will not load constructor refs for GPU indexes.
2025-05-09 15:54:24,252 - INFO - Loaded 1970 chunks from 853 documents
2025-05-09 15:54:24,257 - INFO - File watcher initialized
2025-05-09 15:54:35,247 - INFO - Loading faiss with AVX2 support.
2025-05-09 15:54:35,278 - INFO - Successfully loaded faiss with AVX2 support.
2025-05-09 15:54:35,286 - INFO - Failed to load GPU Faiss: name 'GpuIndexIVFFlat' is not defined. Will not load constructor refs for GPU indexes.
2025-05-09 15:54:35,449 - INFO - Loaded 1970 chunks from 853 documents
2025-05-09 15:54:35,452 - INFO - File watcher initialized
2025-05-09 15:54:45,693 - INFO - Load pretrained SentenceTransformer: sentence-transformers/all-MiniLM-L6-v2
2025-05-09 15:54:50,147 - INFO - Embeddings initialized successfully
2025-05-09 15:55:00,851 - INFO - Loaded: knowledge_base\ASTUlegislation2017.pdf
2025-05-09 15:55:13,132 - INFO - Loaded: knowledge_base\Course_catalogue_Final.pdf
2025-05-09 15:55:13,779 - INFO - Loaded: knowledge_base\PEOs_and_POs_ASTUs_Programs.pdf
2025-05-09 15:55:14,392 - INFO - Loaded: knowledge_base\Program_Accreditations.pdf
2025-05-09 15:56:53,245 - INFO - Loading faiss with AVX2 support.
2025-05-09 15:56:53,284 - INFO - Successfully loaded faiss with AVX2 support.
2025-05-09 15:56:53,300 - INFO - Failed to load GPU Faiss: name 'GpuIndexIVFFlat' is not defined. Will not load constructor refs for GPU indexes.
2025-05-09 15:56:53,510 - INFO - Loaded 1970 chunks from 853 documents
2025-05-09 15:56:53,514 - INFO - File watcher initialized
2025-05-09 16:06:40,286 - INFO - C:\Users\urjii\OneDrive\Desktop\project\integrated-web-app\myproject\settings.py changed, reloading.
2025-05-09 16:46:34,270 - INFO - Load pretrained SentenceTransformer: sentence-transformers/all-MiniLM-L6-v2
2025-05-09 16:46:38,496 - INFO - Embeddings initialized successfully
2025-05-09 16:46:47,540 - INFO - Loaded: knowledge_base\ASTUlegislation2017.pdf
2025-05-09 16:46:54,737 - INFO - Loaded: knowledge_base\Course_catalogue_Final.pdf
2025-05-09 16:46:54,977 - INFO - Loaded: knowledge_base\PEOs_and_POs_ASTUs_Programs.pdf
2025-05-09 16:46:55,209 - INFO - Loaded: knowledge_base\Program_Accreditations.pdf
2025-05-09 16:47:43,410 - INFO - Loading faiss with AVX2 support.
2025-05-09 16:47:43,435 - INFO - Successfully loaded faiss with AVX2 support.
2025-05-09 16:47:43,441 - INFO - Failed to load GPU Faiss: name 'GpuIndexIVFFlat' is not defined. Will not load constructor refs for GPU indexes.
2025-05-09 16:47:43,566 - INFO - Loaded 1970 chunks from 853 documents
2025-05-09 16:47:43,568 - INFO - File watcher initialized
2025-05-09 16:57:39,655 - INFO - C:\Users\urjii\OneDrive\Desktop\project\integrated-web-app\myproject\settings.py changed, reloading.
2025-05-09 16:59:08,155 - INFO - Load pretrained SentenceTransformer: sentence-transformers/all-MiniLM-L6-v2
2025-05-09 16:59:11,326 - INFO - Embeddings initialized successfully
2025-05-09 16:59:15,747 - INFO - Loaded: knowledge_base\ASTUlegislation2017.pdf
2025-05-09 16:59:20,628 - INFO - Loaded: knowledge_base\Course_catalogue_Final.pdf
2025-05-09 16:59:20,865 - INFO - Loaded: knowledge_base\PEOs_and_POs_ASTUs_Programs.pdf
2025-05-09 16:59:21,132 - INFO - Loaded: knowledge_base\Program_Accreditations.pdf
2025-05-09 17:00:15,095 - INFO - Loading faiss with AVX2 support.
2025-05-09 17:00:15,119 - INFO - Successfully loaded faiss with AVX2 support.
2025-05-09 17:00:15,125 - INFO - Failed to load GPU Faiss: name 'GpuIndexIVFFlat' is not defined. Will not load constructor refs for GPU indexes.
2025-05-09 17:00:15,255 - INFO - Loaded 1970 chunks from 853 documents
2025-05-09 17:00:15,257 - INFO - File watcher initialized
2025-05-09 17:18:13,078 - INFO - Load pretrained SentenceTransformer: sentence-transformers/all-MiniLM-L6-v2
2025-05-09 17:18:16,477 - INFO - Embeddings initialized successfully
2025-05-09 17:18:20,814 - INFO - Loaded: knowledge_base\ASTUlegislation2017.pdf
2025-05-09 17:18:25,579 - INFO - Loaded: knowledge_base\Course_catalogue_Final.pdf
2025-05-09 17:18:25,801 - INFO - Loaded: knowledge_base\PEOs_and_POs_ASTUs_Programs.pdf
2025-05-09 17:18:26,034 - INFO - Loaded: knowledge_base\Program_Accreditations.pdf
2025-05-09 17:19:12,525 - INFO - Loading faiss with AVX2 support.
2025-05-09 17:19:12,550 - INFO - Successfully loaded faiss with AVX2 support.
2025-05-09 17:19:12,556 - INFO - Failed to load GPU Faiss: name 'GpuIndexIVFFlat' is not defined. Will not load constructor refs for GPU indexes.
2025-05-09 17:19:12,699 - INFO - Loaded 1970 chunks from 853 documents
2025-05-09 17:19:12,701 - INFO - File watcher initialized
2025-05-09 17:20:03,046 - INFO - Load pretrained SentenceTransformer: sentence-transformers/all-MiniLM-L6-v2
2025-05-09 17:20:06,454 - INFO - Embeddings initialized successfully
2025-05-09 17:20:10,559 - INFO - Loaded: knowledge_base\ASTUlegislation2017.pdf
2025-05-09 17:20:15,249 - INFO - Loaded: knowledge_base\Course_catalogue_Final.pdf
2025-05-09 17:20:15,460 - INFO - Loaded: knowledge_base\PEOs_and_POs_ASTUs_Programs.pdf
2025-05-09 17:20:15,678 - INFO - Loaded: knowledge_base\Program_Accreditations.pdf
2025-05-09 17:21:03,178 - INFO - Loading faiss with AVX2 support.
2025-05-09 17:21:03,202 - INFO - Successfully loaded faiss with AVX2 support.
2025-05-09 17:21:03,208 - INFO - Failed to load GPU Faiss: name 'GpuIndexIVFFlat' is not defined. Will not load constructor refs for GPU indexes.
2025-05-09 17:21:03,331 - INFO - Loaded 1970 chunks from 853 documents
2025-05-09 17:21:03,334 - INFO - File watcher initialized
2025-05-09 17:47:31,109 - INFO - C:\Users\urjii\OneDrive\Desktop\project\integrated-web-app\myproject\settings.py changed, reloading.
2025-05-09 17:47:31,531 - INFO - C:\Users\urjii\OneDrive\Desktop\project\integrated-web-app\myproject\settings.py changed, reloading.
2025-05-09 17:47:59,047 - INFO - Load pretrained SentenceTransformer: sentence-transformers/all-MiniLM-L6-v2
2025-05-09 17:47:59,049 - INFO - Load pretrained SentenceTransformer: sentence-transformers/all-MiniLM-L6-v2
2025-05-09 17:48:02,882 - INFO - Embeddings initialized successfully
2025-05-09 17:48:04,590 - INFO - Embeddings initialized successfully
2025-05-09 17:48:23,046 - INFO - Loaded: knowledge_base\ASTUlegislation2017.pdf
2025-05-09 17:48:30,817 - INFO - Loaded: knowledge_base\ASTUlegislation2017.pdf
2025-05-09 17:48:42,341 - INFO - Loaded: knowledge_base\Course_catalogue_Final.pdf
2025-05-09 17:48:42,685 - INFO - Loaded: knowledge_base\PEOs_and_POs_ASTUs_Programs.pdf
2025-05-09 17:48:43,000 - INFO - Loaded: knowledge_base\Program_Accreditations.pdf
2025-05-09 17:48:46,561 - INFO - Load pretrained SentenceTransformer: sentence-transformers/all-MiniLM-L6-v2
2025-05-09 17:48:50,478 - INFO - Loaded: knowledge_base\Course_catalogue_Final.pdf
2025-05-09 17:48:51,218 - INFO - Loaded: knowledge_base\PEOs_and_POs_ASTUs_Programs.pdf
2025-05-09 17:48:51,928 - INFO - Embeddings initialized successfully
2025-05-09 17:48:53,482 - INFO - Loaded: knowledge_base\Program_Accreditations.pdf
2025-05-09 17:49:33,802 - INFO - Loaded: knowledge_base\ASTUlegislation2017.pdf
2025-05-09 17:50:26,792 - INFO - Loaded: knowledge_base\Course_catalogue_Final.pdf
2025-05-09 17:50:29,873 - INFO - Loaded: knowledge_base\PEOs_and_POs_ASTUs_Programs.pdf
2025-05-09 17:50:30,860 - INFO - Loaded: knowledge_base\Program_Accreditations.pdf
2025-05-09 17:53:43,974 - INFO - Loading faiss with AVX2 support.
2025-05-09 17:53:44,335 - INFO - Successfully loaded faiss with AVX2 support.
2025-05-09 17:53:44,479 - INFO - Failed to load GPU Faiss: name 'GpuIndexIVFFlat' is not defined. Will not load constructor refs for GPU indexes.
2025-05-09 17:53:46,583 - INFO - Loaded 1970 chunks from 853 documents
2025-05-09 17:53:46,616 - INFO - File watcher initialized
2025-05-09 17:54:06,990 - INFO - Loading faiss with AVX2 support.
2025-05-09 17:54:07,216 - INFO - Successfully loaded faiss with AVX2 support.
2025-05-09 17:54:07,292 - INFO - Failed to load GPU Faiss: name 'GpuIndexIVFFlat' is not defined. Will not load constructor refs for GPU indexes.
2025-05-09 17:54:08,670 - INFO - Loaded 1970 chunks from 853 documents
2025-05-09 17:54:08,726 - INFO - File watcher initialized
2025-05-09 17:54:48,044 - INFO - Loading faiss with AVX2 support.
2025-05-09 17:54:48,197 - INFO - Successfully loaded faiss with AVX2 support.
2025-05-09 17:54:48,240 - INFO - Failed to load GPU Faiss: name 'GpuIndexIVFFlat' is not defined. Will not load constructor refs for GPU indexes.
2025-05-09 17:54:49,439 - INFO - Loaded 1970 chunks from 853 documents
2025-05-09 17:54:49,455 - INFO - File watcher initialized
2025-05-09 17:55:15,176 - INFO - Load pretrained SentenceTransformer: sentence-transformers/all-MiniLM-L6-v2
2025-05-09 17:55:19,542 - INFO - Embeddings initialized successfully
2025-05-09 17:55:36,498 - INFO - Loaded: knowledge_base\ASTUlegislation2017.pdf
2025-05-09 17:55:47,826 - INFO - Loaded: knowledge_base\Course_catalogue_Final.pdf
2025-05-09 17:55:48,057 - INFO - Loaded: knowledge_base\PEOs_and_POs_ASTUs_Programs.pdf
2025-05-09 17:55:48,277 - INFO - Loaded: knowledge_base\Program_Accreditations.pdf
2025-05-09 17:58:00,205 - INFO - Loading faiss with AVX2 support.
2025-05-09 17:58:00,233 - INFO - Successfully loaded faiss with AVX2 support.
2025-05-09 17:58:00,238 - INFO - Failed to load GPU Faiss: name 'GpuIndexIVFFlat' is not defined. Will not load constructor refs for GPU indexes.
2025-05-09 17:58:00,467 - INFO - Loaded 1970 chunks from 853 documents
2025-05-09 17:58:00,470 - INFO - File watcher initialized
2025-05-09 17:59:31,932 - INFO - C:\Users\urjii\OneDrive\Desktop\project\integrated-web-app\myproject\settings.py changed, reloading.
2025-05-09 17:59:32,013 - INFO - C:\Users\urjii\OneDrive\Desktop\project\integrated-web-app\myproject\settings.py changed, reloading.
2025-05-09 17:59:58,459 - INFO - Load pretrained SentenceTransformer: sentence-transformers/all-MiniLM-L6-v2
2025-05-09 17:59:58,472 - INFO - Load pretrained SentenceTransformer: sentence-transformers/all-MiniLM-L6-v2
2025-05-09 18:00:02,320 - INFO - Embeddings initialized successfully
2025-05-09 18:00:02,342 - INFO - Embeddings initialized successfully
2025-05-09 18:00:19,980 - INFO - Loaded: knowledge_base\ASTUlegislation2017.pdf
2025-05-09 18:00:20,164 - INFO - Loaded: knowledge_base\ASTUlegislation2017.pdf
2025-05-09 18:00:37,099 - INFO - Load pretrained SentenceTransformer: sentence-transformers/all-MiniLM-L6-v2
2025-05-09 18:00:38,626 - INFO - Loaded: knowledge_base\Course_catalogue_Final.pdf
2025-05-09 18:00:38,670 - INFO - Loaded: knowledge_base\Course_catalogue_Final.pdf
2025-05-09 18:00:38,858 - INFO - Loaded: knowledge_base\PEOs_and_POs_ASTUs_Programs.pdf
2025-05-09 18:00:38,891 - INFO - Loaded: knowledge_base\PEOs_and_POs_ASTUs_Programs.pdf
2025-05-09 18:00:41,195 - INFO - Loaded: knowledge_base\Program_Accreditations.pdf
2025-05-09 18:00:41,658 - INFO - Loaded: knowledge_base\Program_Accreditations.pdf
2025-05-09 18:00:46,326 - INFO - Embeddings initialized successfully
2025-05-09 18:01:35,191 - INFO - Loaded: knowledge_base\ASTUlegislation2017.pdf
2025-05-09 18:02:24,889 - INFO - Loaded: knowledge_base\Course_catalogue_Final.pdf
2025-05-09 18:02:28,385 - INFO - Loaded: knowledge_base\PEOs_and_POs_ASTUs_Programs.pdf
2025-05-09 18:02:32,491 - INFO - Loaded: knowledge_base\Program_Accreditations.pdf
2025-05-09 18:05:49,031 - INFO - Loading faiss with AVX2 support.
2025-05-09 18:05:49,086 - INFO - Successfully loaded faiss with AVX2 support.
2025-05-09 18:05:49,095 - INFO - Loading faiss with AVX2 support.
2025-05-09 18:05:49,098 - INFO - Failed to load GPU Faiss: name 'GpuIndexIVFFlat' is not defined. Will not load constructor refs for GPU indexes.
2025-05-09 18:05:49,149 - INFO - Successfully loaded faiss with AVX2 support.
2025-05-09 18:05:49,162 - INFO - Failed to load GPU Faiss: name 'GpuIndexIVFFlat' is not defined. Will not load constructor refs for GPU indexes.
2025-05-09 18:05:49,570 - INFO - Loaded 1970 chunks from 853 documents
2025-05-09 18:05:49,605 - INFO - File watcher initialized
2025-05-09 18:05:49,925 - INFO - Loaded 1970 chunks from 853 documents
2025-05-09 18:05:49,967 - INFO - File watcher initialized
2025-05-09 18:06:44,632 - INFO - Loading faiss with AVX2 support.
2025-05-09 18:06:44,652 - INFO - Successfully loaded faiss with AVX2 support.
2025-05-09 18:06:44,656 - INFO - Failed to load GPU Faiss: name 'GpuIndexIVFFlat' is not defined. Will not load constructor refs for GPU indexes.
2025-05-09 18:06:44,788 - INFO - Loaded 1970 chunks from 853 documents
2025-05-09 18:06:44,791 - INFO - File watcher initialized
2025-05-09 18:07:10,491 - INFO - Load pretrained SentenceTransformer: sentence-transformers/all-MiniLM-L6-v2
2025-05-09 18:07:14,329 - INFO - Embeddings initialized successfully
2025-05-09 18:07:24,649 - INFO - Loaded: knowledge_base\ASTUlegislation2017.pdf
2025-05-09 18:07:36,054 - INFO - Loaded: knowledge_base\Course_catalogue_Final.pdf
2025-05-09 18:07:37,296 - INFO - Loaded: knowledge_base\PEOs_and_POs_ASTUs_Programs.pdf
2025-05-09 18:07:40,278 - INFO - Loaded: knowledge_base\Program_Accreditations.pdf
2025-05-09 18:09:58,788 - INFO - Loading faiss with AVX2 support.
2025-05-09 18:09:58,942 - INFO - Successfully loaded faiss with AVX2 support.
2025-05-09 18:09:58,992 - INFO - Failed to load GPU Faiss: name 'GpuIndexIVFFlat' is not defined. Will not load constructor refs for GPU indexes.
2025-05-09 18:09:59,285 - INFO - Loaded 1970 chunks from 853 documents
2025-05-09 18:09:59,288 - INFO - File watcher initialized
2025-05-09 18:10:52,681 - INFO - C:\Users\urjii\OneDrive\Desktop\project\integrated-web-app\myproject\settings.py changed, reloading.
2025-05-09 18:10:52,866 - INFO - C:\Users\urjii\OneDrive\Desktop\project\integrated-web-app\myproject\settings.py changed, reloading.
2025-05-09 18:11:23,769 - INFO - Load pretrained SentenceTransformer: sentence-transformers/all-MiniLM-L6-v2
2025-05-09 18:11:23,890 - INFO - Load pretrained SentenceTransformer: sentence-transformers/all-MiniLM-L6-v2
2025-05-09 18:11:24,433 - INFO - Load pretrained SentenceTransformer: sentence-transformers/all-MiniLM-L6-v2
2025-05-09 18:11:27,648 - INFO - Embeddings initialized successfully
2025-05-09 18:11:27,921 - INFO - Embeddings initialized successfully
2025-05-09 18:11:51,441 - INFO - Loaded: knowledge_base\ASTUlegislation2017.pdf
2025-05-09 18:11:51,549 - INFO - Loaded: knowledge_base\ASTUlegislation2017.pdf
2025-05-09 18:11:51,685 - INFO - Loaded: knowledge_base\ASTUlegislation2017.pdf
2025-05-09 18:12:14,203 - INFO - Loaded: knowledge_base\Course_catalogue_Final.pdf
2025-05-09 18:12:15,272 - INFO - Loaded: knowledge_base\PEOs_and_POs_ASTUs_Programs.pdf
2025-05-09 18:12:15,352 - INFO - Loaded: knowledge_base\Course_catalogue_Final.pdf
2025-05-09 18:12:15,569 - INFO - Loaded: knowledge_base\Program_Accreditations.pdf
2025-05-09 18:12:15,682 - INFO - Loaded: knowledge_base\PEOs_and_POs_ASTUs_Programs.pdf
2025-05-09 18:12:16,008 - INFO - Loaded: knowledge_base\Course_catalogue_Final.pdf
2025-05-09 18:12:16,404 - INFO - Loaded: knowledge_base\Program_Accreditations.pdf
2025-05-09 18:12:16,951 - INFO - Loaded: knowledge_base\PEOs_and_POs_ASTUs_Programs.pdf
2025-05-09 18:12:22,330 - INFO - Loaded: knowledge_base\Program_Accreditations.pdf
2025-05-09 18:21:22,338 - INFO - Loading faiss with AVX2 support.
2025-05-09 18:21:22,399 - INFO - Successfully loaded faiss with AVX2 support.
2025-05-09 18:21:22,413 - INFO - Failed to load GPU Faiss: name 'GpuIndexIVFFlat' is not defined. Will not load constructor refs for GPU indexes.
2025-05-09 18:21:23,855 - INFO - Loaded 1970 chunks from 853 documents
2025-05-09 18:21:23,972 - INFO - File watcher initialized
2025-05-09 18:21:29,049 - INFO - Loading faiss with AVX2 support.
2025-05-09 18:21:29,113 - INFO - Successfully loaded faiss with AVX2 support.
2025-05-09 18:21:29,132 - INFO - Failed to load GPU Faiss: name 'GpuIndexIVFFlat' is not defined. Will not load constructor refs for GPU indexes.
2025-05-09 18:21:29,421 - INFO - Loaded 1970 chunks from 853 documents
2025-05-09 18:21:29,427 - INFO - File watcher initialized
2025-05-09 18:21:29,771 - INFO - Loading faiss with AVX2 support.
2025-05-09 18:21:29,806 - INFO - Successfully loaded faiss with AVX2 support.
2025-05-09 18:21:29,816 - INFO - Failed to load GPU Faiss: name 'GpuIndexIVFFlat' is not defined. Will not load constructor refs for GPU indexes.
2025-05-09 18:21:29,959 - INFO - Loaded 1970 chunks from 853 documents
2025-05-09 18:21:29,962 - INFO - File watcher initialized
2025-05-09 18:21:54,117 - INFO - Load pretrained SentenceTransformer: sentence-transformers/all-MiniLM-L6-v2
2025-05-09 18:21:58,913 - INFO - Embeddings initialized successfully
2025-05-09 18:22:12,923 - INFO - Loaded: knowledge_base\ASTUlegislation2017.pdf
2025-05-09 18:22:23,548 - INFO - Loaded: knowledge_base\Course_catalogue_Final.pdf
2025-05-09 18:22:23,750 - INFO - Loaded: knowledge_base\PEOs_and_POs_ASTUs_Programs.pdf
2025-05-09 18:22:23,961 - INFO - Loaded: knowledge_base\Program_Accreditations.pdf
2025-05-09 18:25:36,620 - INFO - Loading faiss with AVX2 support.
2025-05-09 18:25:36,776 - INFO - Successfully loaded faiss with AVX2 support.
2025-05-09 18:25:37,023 - INFO - Failed to load GPU Faiss: name 'GpuIndexIVFFlat' is not defined. Will not load constructor refs for GPU indexes.
2025-05-09 18:25:38,034 - INFO - Loaded 1970 chunks from 853 documents
2025-05-09 18:25:38,047 - INFO - File watcher initialized
2025-05-10 10:53:40,203 - INFO - Load pretrained SentenceTransformer: sentence-transformers/all-MiniLM-L6-v2
2025-05-10 10:53:44,511 - INFO - Embeddings initialized successfully
2025-05-10 10:53:54,242 - INFO - Loaded: knowledge_base\ASTUlegislation2017.pdf
2025-05-10 10:54:04,369 - INFO - Loaded: knowledge_base\Course_catalogue_Final.pdf
2025-05-10 10:54:04,926 - INFO - Loaded: knowledge_base\PEOs_and_POs_ASTUs_Programs.pdf
2025-05-10 10:54:05,399 - INFO - Loaded: knowledge_base\Program_Accreditations.pdf
2025-05-10 10:55:33,578 - INFO - Loading faiss with AVX2 support.
2025-05-10 10:55:33,856 - INFO - Successfully loaded faiss with AVX2 support.
2025-05-10 10:55:33,869 - INFO - Failed to load GPU Faiss: name 'GpuIndexIVFFlat' is not defined. Will not load constructor refs for GPU indexes.
2025-05-10 10:55:34,046 - INFO - Loaded 1970 chunks from 853 documents
2025-05-10 10:55:34,049 - INFO - File watcher initialized
2025-05-10 10:55:55,217 - INFO - Load pretrained SentenceTransformer: sentence-transformers/all-MiniLM-L6-v2
2025-05-10 10:55:58,432 - INFO - Embeddings initialized successfully
2025-05-10 10:56:03,106 - INFO - Loaded: knowledge_base\ASTUlegislation2017.pdf
2025-05-10 10:56:10,413 - INFO - Loaded: knowledge_base\Course_catalogue_Final.pdf
2025-05-10 10:56:11,116 - INFO - Loaded: knowledge_base\PEOs_and_POs_ASTUs_Programs.pdf
2025-05-10 10:56:11,834 - INFO - Loaded: knowledge_base\Program_Accreditations.pdf
2025-05-10 10:57:34,741 - INFO - Loading faiss with AVX2 support.
2025-05-10 10:57:35,199 - INFO - Successfully loaded faiss with AVX2 support.
2025-05-10 10:57:35,211 - INFO - Failed to load GPU Faiss: name 'GpuIndexIVFFlat' is not defined. Will not load constructor refs for GPU indexes.
2025-05-10 10:57:35,403 - INFO - Loaded 1970 chunks from 853 documents
2025-05-10 10:57:35,407 - INFO - File watcher initialized
2025-05-10 11:09:07,678 - INFO - Load pretrained SentenceTransformer: sentence-transformers/all-MiniLM-L6-v2
2025-05-10 11:09:11,118 - INFO - Embeddings initialized successfully
2025-05-10 11:09:15,712 - INFO - Loaded: knowledge_base\ASTUlegislation2017.pdf
2025-05-10 11:09:20,287 - INFO - Loaded: knowledge_base\Course_catalogue_Final.pdf
2025-05-10 11:09:20,506 - INFO - Loaded: knowledge_base\PEOs_and_POs_ASTUs_Programs.pdf
2025-05-10 11:09:20,732 - INFO - Loaded: knowledge_base\Program_Accreditations.pdf
2025-05-10 11:10:06,015 - INFO - Loading faiss with AVX2 support.
2025-05-10 11:10:06,040 - INFO - Successfully loaded faiss with AVX2 support.
2025-05-10 11:10:06,046 - INFO - Failed to load GPU Faiss: name 'GpuIndexIVFFlat' is not defined. Will not load constructor refs for GPU indexes.
2025-05-10 11:10:06,186 - INFO - Loaded 1970 chunks from 853 documents
2025-05-10 11:10:06,188 - INFO - File watcher initialized
2025-05-10 11:12:36,406 - WARNING - Unauthorized: /api/forum/questions/
2025-05-10 11:13:33,853 - INFO - C:\Users\urjii\OneDrive\Desktop\project\integrated-web-app\Groupforum\views.py changed, reloading.
2025-05-10 11:13:41,940 - INFO - Load pretrained SentenceTransformer: sentence-transformers/all-MiniLM-L6-v2
2025-05-10 11:13:45,472 - INFO - Embeddings initialized successfully
2025-05-10 11:13:49,992 - INFO - Loaded: knowledge_base\ASTUlegislation2017.pdf
2025-05-10 11:13:54,787 - INFO - Loaded: knowledge_base\Course_catalogue_Final.pdf
2025-05-10 11:13:55,001 - INFO - Loaded: knowledge_base\PEOs_and_POs_ASTUs_Programs.pdf
2025-05-10 11:13:55,227 - INFO - Loaded: knowledge_base\Program_Accreditations.pdf
2025-05-10 11:14:49,619 - INFO - Loading faiss with AVX2 support.
2025-05-10 11:14:49,645 - INFO - Successfully loaded faiss with AVX2 support.
2025-05-10 11:14:49,651 - INFO - Failed to load GPU Faiss: name 'GpuIndexIVFFlat' is not defined. Will not load constructor refs for GPU indexes.
2025-05-10 11:14:49,782 - INFO - Loaded 1970 chunks from 853 documents
2025-05-10 11:14:49,785 - INFO - File watcher initialized
2025-05-10 11:15:49,851 - INFO - Load pretrained SentenceTransformer: sentence-transformers/all-MiniLM-L6-v2
2025-05-10 11:15:53,319 - INFO - Embeddings initialized successfully
2025-05-10 11:15:57,466 - INFO - Loaded: knowledge_base\ASTUlegislation2017.pdf
2025-05-10 11:16:02,107 - INFO - Loaded: knowledge_base\Course_catalogue_Final.pdf
2025-05-10 11:16:02,317 - INFO - Loaded: knowledge_base\PEOs_and_POs_ASTUs_Programs.pdf
2025-05-10 11:16:02,538 - INFO - Loaded: knowledge_base\Program_Accreditations.pdf
2025-05-10 11:16:54,248 - INFO - Loading faiss with AVX2 support.
2025-05-10 11:16:54,274 - INFO - Successfully loaded faiss with AVX2 support.
2025-05-10 11:16:54,281 - INFO - Failed to load GPU Faiss: name 'GpuIndexIVFFlat' is not defined. Will not load constructor refs for GPU indexes.
2025-05-10 11:16:54,433 - INFO - Loaded 1970 chunks from 853 documents
2025-05-10 11:16:54,436 - INFO - File watcher initialized
2025-05-10 11:34:08,941 - WARNING - Bad Request: /api/forum/comments/
2025-05-10 11:49:25,172 - INFO - C:\Users\urjii\OneDrive\Desktop\project\integrated-web-app\Groupforum\models.py changed, reloading.
2025-05-10 11:49:25,384 - INFO - C:\Users\urjii\OneDrive\Desktop\project\integrated-web-app\Groupforum\models.py changed, reloading.
2025-05-10 11:50:07,461 - INFO - Load pretrained SentenceTransformer: sentence-transformers/all-MiniLM-L6-v2
2025-05-10 11:50:07,503 - INFO - Load pretrained SentenceTransformer: sentence-transformers/all-MiniLM-L6-v2
2025-05-10 11:50:11,360 - INFO - Embeddings initialized successfully
2025-05-10 11:50:11,382 - INFO - Embeddings initialized successfully
2025-05-10 11:50:21,156 - INFO - Loaded: knowledge_base\ASTUlegislation2017.pdf
2025-05-10 11:50:21,283 - INFO - Loaded: knowledge_base\ASTUlegislation2017.pdf
2025-05-10 11:50:32,022 - INFO - Loaded: knowledge_base\Course_catalogue_Final.pdf
2025-05-10 11:50:32,289 - INFO - Loaded: knowledge_base\Course_catalogue_Final.pdf
2025-05-10 11:50:32,531 - INFO - Loaded: knowledge_base\PEOs_and_POs_ASTUs_Programs.pdf
2025-05-10 11:50:32,822 - INFO - Loaded: knowledge_base\PEOs_and_POs_ASTUs_Programs.pdf
2025-05-10 11:50:33,105 - INFO - Loaded: knowledge_base\Program_Accreditations.pdf
2025-05-10 11:50:33,507 - INFO - Loaded: knowledge_base\Program_Accreditations.pdf
2025-05-10 11:52:37,385 - INFO - Loading faiss with AVX2 support.
2025-05-10 11:52:37,911 - INFO - Successfully loaded faiss with AVX2 support.
2025-05-10 11:52:37,925 - INFO - Failed to load GPU Faiss: name 'GpuIndexIVFFlat' is not defined. Will not load constructor refs for GPU indexes.
2025-05-10 11:52:37,931 - INFO - Loading faiss with AVX2 support.
2025-05-10 11:52:37,996 - INFO - Successfully loaded faiss with AVX2 support.
2025-05-10 11:52:38,007 - INFO - Failed to load GPU Faiss: name 'GpuIndexIVFFlat' is not defined. Will not load constructor refs for GPU indexes.
2025-05-10 11:52:38,251 - INFO - Loaded 1970 chunks from 853 documents
2025-05-10 11:52:38,255 - INFO - File watcher initialized
2025-05-10 11:52:38,313 - INFO - Loaded 1970 chunks from 853 documents
2025-05-10 11:52:38,316 - INFO - File watcher initialized
2025-05-10 11:52:42,743 - INFO - C:\Users\urjii\OneDrive\Desktop\project\integrated-web-app\Groupforum\views.py changed, reloading.
2025-05-10 11:52:44,298 - INFO - C:\Users\urjii\OneDrive\Desktop\project\integrated-web-app\Groupforum\views.py changed, reloading.
2025-05-10 11:52:53,048 - INFO - Load pretrained SentenceTransformer: sentence-transformers/all-MiniLM-L6-v2
2025-05-10 11:52:54,330 - INFO - Load pretrained SentenceTransformer: sentence-transformers/all-MiniLM-L6-v2
2025-05-10 11:52:56,314 - INFO - Embeddings initialized successfully
2025-05-10 11:52:58,171 - INFO - Embeddings initialized successfully
2025-05-10 11:53:02,324 - INFO - Loaded: knowledge_base\ASTUlegislation2017.pdf
2025-05-10 11:53:05,091 - INFO - Loaded: knowledge_base\ASTUlegislation2017.pdf
2025-05-10 11:53:10,137 - INFO - Loaded: knowledge_base\Course_catalogue_Final.pdf
2025-05-10 11:53:10,477 - INFO - Loaded: knowledge_base\PEOs_and_POs_ASTUs_Programs.pdf
2025-05-10 11:53:10,831 - INFO - Loaded: knowledge_base\Program_Accreditations.pdf
2025-05-10 11:53:15,643 - INFO - Loaded: knowledge_base\Course_catalogue_Final.pdf
2025-05-10 11:53:16,658 - INFO - Loaded: knowledge_base\PEOs_and_POs_ASTUs_Programs.pdf
2025-05-10 11:53:17,939 - INFO - Loaded: knowledge_base\Program_Accreditations.pdf
2025-05-10 11:55:25,750 - INFO - Loading faiss with AVX2 support.
2025-05-10 11:55:25,821 - INFO - Successfully loaded faiss with AVX2 support.
2025-05-10 11:55:25,861 - INFO - Failed to load GPU Faiss: name 'GpuIndexIVFFlat' is not defined. Will not load constructor refs for GPU indexes.
2025-05-10 11:55:26,256 - INFO - Loaded 1970 chunks from 853 documents
2025-05-10 11:55:26,262 - INFO - File watcher initialized
2025-05-10 11:55:31,885 - INFO - Loading faiss with AVX2 support.
2025-05-10 11:55:31,916 - INFO - Successfully loaded faiss with AVX2 support.
2025-05-10 11:55:31,925 - INFO - Failed to load GPU Faiss: name 'GpuIndexIVFFlat' is not defined. Will not load constructor refs for GPU indexes.
2025-05-10 11:55:32,079 - INFO - Loaded 1970 chunks from 853 documents
2025-05-10 11:55:32,081 - INFO - File watcher initialized
2025-05-10 11:58:21,488 - INFO - C:\Users\urjii\OneDrive\Desktop\project\integrated-web-app\Groupforum\views.py changed, reloading.
2025-05-10 11:58:21,699 - INFO - C:\Users\urjii\OneDrive\Desktop\project\integrated-web-app\Groupforum\views.py changed, reloading.
2025-05-10 11:58:32,589 - INFO - Load pretrained SentenceTransformer: sentence-transformers/all-MiniLM-L6-v2
2025-05-10 11:58:32,652 - INFO - Load pretrained SentenceTransformer: sentence-transformers/all-MiniLM-L6-v2
2025-05-10 11:58:36,380 - INFO - Embeddings initialized successfully
2025-05-10 11:58:36,613 - INFO - Embeddings initialized successfully
2025-05-10 11:58:41,036 - INFO - Loaded: knowledge_base\ASTUlegislation2017.pdf
2025-05-10 11:58:41,169 - INFO - Loaded: knowledge_base\ASTUlegislation2017.pdf
2025-05-10 11:58:46,206 - INFO - Loaded: knowledge_base\Course_catalogue_Final.pdf
2025-05-10 11:58:46,364 - INFO - Loaded: knowledge_base\Course_catalogue_Final.pdf
2025-05-10 11:58:46,439 - INFO - Loaded: knowledge_base\PEOs_and_POs_ASTUs_Programs.pdf
2025-05-10 11:58:46,589 - INFO - Loaded: knowledge_base\PEOs_and_POs_ASTUs_Programs.pdf
2025-05-10 11:58:46,670 - INFO - Loaded: knowledge_base\Program_Accreditations.pdf
2025-05-10 11:58:46,933 - INFO - Loaded: knowledge_base\Program_Accreditations.pdf
2025-05-10 12:00:52,735 - INFO - Loading faiss with AVX2 support.
2025-05-10 12:00:52,821 - INFO - Successfully loaded faiss with AVX2 support.
2025-05-10 12:00:52,854 - INFO - Failed to load GPU Faiss: name 'GpuIndexIVFFlat' is not defined. Will not load constructor refs for GPU indexes.
2025-05-10 12:00:53,288 - INFO - Loading faiss with AVX2 support.
2025-05-10 12:00:53,291 - INFO - Loaded 1970 chunks from 853 documents
2025-05-10 12:00:53,300 - INFO - File watcher initialized
2025-05-10 12:00:53,342 - INFO - Successfully loaded faiss with AVX2 support.
2025-05-10 12:00:53,355 - INFO - Failed to load GPU Faiss: name 'GpuIndexIVFFlat' is not defined. Will not load constructor refs for GPU indexes.
2025-05-10 12:00:53,568 - INFO - Loaded 1970 chunks from 853 documents
2025-05-10 12:00:53,571 - INFO - File watcher initialized
2025-05-10 12:03:35,376 - INFO - C:\Users\urjii\OneDrive\Desktop\project\integrated-web-app\myproject\settings.py changed, reloading.
2025-05-10 12:03:36,016 - INFO - C:\Users\urjii\OneDrive\Desktop\project\integrated-web-app\myproject\settings.py changed, reloading.
2025-05-10 12:03:45,415 - INFO - Load pretrained SentenceTransformer: sentence-transformers/all-MiniLM-L6-v2
2025-05-10 12:03:45,634 - INFO - Load pretrained SentenceTransformer: sentence-transformers/all-MiniLM-L6-v2
2025-05-10 12:03:49,158 - INFO - Embeddings initialized successfully
2025-05-10 12:03:49,430 - INFO - Embeddings initialized successfully
2025-05-10 12:03:56,656 - INFO - Loaded: knowledge_base\ASTUlegislation2017.pdf
2025-05-10 12:03:56,955 - INFO - Loaded: knowledge_base\ASTUlegislation2017.pdf
2025-05-10 12:04:02,498 - INFO - Loaded: knowledge_base\Course_catalogue_Final.pdf
2025-05-10 12:04:02,741 - INFO - Loaded: knowledge_base\PEOs_and_POs_ASTUs_Programs.pdf
2025-05-10 12:04:02,774 - INFO - Loaded: knowledge_base\Course_catalogue_Final.pdf
2025-05-10 12:04:02,981 - INFO - Loaded: knowledge_base\Program_Accreditations.pdf
2025-05-10 12:04:03,010 - INFO - Loaded: knowledge_base\PEOs_and_POs_ASTUs_Programs.pdf
2025-05-10 12:04:03,789 - INFO - Loaded: knowledge_base\Program_Accreditations.pdf
2025-05-10 12:04:56,665 - INFO - Load pretrained SentenceTransformer: sentence-transformers/all-MiniLM-L6-v2
2025-05-10 12:05:01,523 - INFO - Embeddings initialized successfully
2025-05-10 12:05:05,626 - INFO - Loaded: knowledge_base\ASTUlegislation2017.pdf
2025-05-10 12:05:10,182 - INFO - Loaded: knowledge_base\Course_catalogue_Final.pdf
2025-05-10 12:05:10,389 - INFO - Loaded: knowledge_base\PEOs_and_POs_ASTUs_Programs.pdf
2025-05-10 12:05:10,605 - INFO - Loaded: knowledge_base\Program_Accreditations.pdf
2025-05-10 12:06:12,214 - INFO - Loading faiss with AVX2 support.
2025-05-10 12:06:12,244 - INFO - Successfully loaded faiss with AVX2 support.
2025-05-10 12:06:12,252 - INFO - Failed to load GPU Faiss: name 'GpuIndexIVFFlat' is not defined. Will not load constructor refs for GPU indexes.
2025-05-10 12:06:12,403 - INFO - Loaded 1970 chunks from 853 documents
2025-05-10 12:06:12,406 - INFO - File watcher initialized
2025-05-10 12:10:03,815 - INFO - Load pretrained SentenceTransformer: sentence-transformers/all-MiniLM-L6-v2
2025-05-10 12:10:08,430 - INFO - Embeddings initialized successfully
2025-05-10 12:10:12,479 - INFO - Loaded: knowledge_base\ASTUlegislation2017.pdf
2025-05-10 12:10:17,158 - INFO - Loaded: knowledge_base\Course_catalogue_Final.pdf
2025-05-10 12:10:17,365 - INFO - Loaded: knowledge_base\PEOs_and_POs_ASTUs_Programs.pdf
2025-05-10 12:10:17,599 - INFO - Loaded: knowledge_base\Program_Accreditations.pdf
2025-05-10 12:11:02,963 - INFO - Loading faiss with AVX2 support.
2025-05-10 12:11:02,988 - INFO - Successfully loaded faiss with AVX2 support.
2025-05-10 12:11:02,994 - INFO - Failed to load GPU Faiss: name 'GpuIndexIVFFlat' is not defined. Will not load constructor refs for GPU indexes.
2025-05-10 12:11:03,121 - INFO - Loaded 1970 chunks from 853 documents
2025-05-10 12:11:03,123 - INFO - File watcher initialized
2025-05-10 12:11:26,616 - INFO - Load pretrained SentenceTransformer: sentence-transformers/all-MiniLM-L6-v2
2025-05-10 12:11:31,423 - INFO - Embeddings initialized successfully
2025-05-10 12:11:35,513 - INFO - Loaded: knowledge_base\ASTUlegislation2017.pdf
2025-05-10 12:11:40,027 - INFO - Loaded: knowledge_base\Course_catalogue_Final.pdf
2025-05-10 12:11:40,229 - INFO - Loaded: knowledge_base\PEOs_and_POs_ASTUs_Programs.pdf
2025-05-10 12:11:40,442 - INFO - Loaded: knowledge_base\Program_Accreditations.pdf
2025-05-10 12:12:32,796 - INFO - Loading faiss with AVX2 support.
2025-05-10 12:12:32,824 - INFO - Successfully loaded faiss with AVX2 support.
2025-05-10 12:12:32,830 - INFO - Failed to load GPU Faiss: name 'GpuIndexIVFFlat' is not defined. Will not load constructor refs for GPU indexes.
2025-05-10 12:12:32,972 - INFO - Loaded 1970 chunks from 853 documents
2025-05-10 12:12:32,974 - INFO - File watcher initialized
2025-05-10 12:13:06,749 - INFO - Load pretrained SentenceTransformer: sentence-transformers/all-MiniLM-L6-v2
2025-05-10 12:13:10,878 - INFO - Embeddings initialized successfully
2025-05-10 12:13:20,628 - INFO - Loaded: knowledge_base\ASTUlegislation2017.pdf
2025-05-10 12:13:32,593 - INFO - Loaded: knowledge_base\Course_catalogue_Final.pdf
2025-05-10 12:13:33,203 - INFO - Loaded: knowledge_base\PEOs_and_POs_ASTUs_Programs.pdf
2025-05-10 12:13:33,905 - INFO - Loaded: knowledge_base\Program_Accreditations.pdf
2025-05-10 12:15:07,162 - INFO - Loading faiss with AVX2 support.
2025-05-10 12:15:07,199 - INFO - Successfully loaded faiss with AVX2 support.
2025-05-10 12:15:07,210 - INFO - Failed to load GPU Faiss: name 'GpuIndexIVFFlat' is not defined. Will not load constructor refs for GPU indexes.
2025-05-10 12:15:07,407 - INFO - Loaded 1970 chunks from 853 documents
2025-05-10 12:15:07,410 - INFO - File watcher initialized
2025-05-10 12:16:54,278 - WARNING - Bad Request: /api/forum/answers/
2025-05-10 12:17:54,963 - ERROR - Internal Server Error: /api/forum/answers/2/upvote/
Traceback (most recent call last):
  File "C:\Users\urjii\OneDrive\Desktop\project\integrated-web-app\venv\Lib\site-packages\django\core\handlers\exception.py", line 55, in inner
    response = get_response(request)
  File "C:\Users\urjii\OneDrive\Desktop\project\integrated-web-app\venv\Lib\site-packages\django\core\handlers\base.py", line 197, in _get_response
    response = wrapped_callback(request, *callback_args, **callback_kwargs)
  File "C:\Users\urjii\OneDrive\Desktop\project\integrated-web-app\venv\Lib\site-packages\django\views\decorators\csrf.py", line 65, in _view_wrapper
    return view_func(request, *args, **kwargs)
  File "C:\Users\urjii\OneDrive\Desktop\project\integrated-web-app\venv\Lib\site-packages\rest_framework\viewsets.py", line 125, in view
    return self.dispatch(request, *args, **kwargs)
           ~~~~~~~~~~~~~^^^^^^^^^^^^^^^^^^^^^^^^^^
  File "C:\Users\urjii\OneDrive\Desktop\project\integrated-web-app\venv\Lib\site-packages\rest_framework\views.py", line 515, in dispatch
    response = self.handle_exception(exc)
  File "C:\Users\urjii\OneDrive\Desktop\project\integrated-web-app\venv\Lib\site-packages\rest_framework\views.py", line 475, in handle_exception
    self.raise_uncaught_exception(exc)
    ~~~~~~~~~~~~~~~~~~~~~~~~~~~~~^^^^^
  File "C:\Users\urjii\OneDrive\Desktop\project\integrated-web-app\venv\Lib\site-packages\rest_framework\views.py", line 486, in raise_uncaught_exception
    raise exc
  File "C:\Users\urjii\OneDrive\Desktop\project\integrated-web-app\venv\Lib\site-packages\rest_framework\views.py", line 512, in dispatch
    response = handler(request, *args, **kwargs)
  File "C:\Users\urjii\OneDrive\Desktop\project\integrated-web-app\Groupforum\views.py", line 34, in upvote
    return Response({'status': 'upvoted', 'new_count': answer.upvotes})
           ^^^^^^^^
NameError: name 'Response' is not defined
2025-05-10 12:18:14,768 - WARNING - Not Found: /api/forum/answers/1/upvote/
2025-05-12 11:41:26,211 - INFO - Load pretrained SentenceTransformer: sentence-transformers/all-MiniLM-L6-v2
2025-05-12 11:41:31,245 - INFO - Embeddings initialized successfully
2025-05-12 11:41:41,895 - INFO - Loaded: knowledge_base\ASTUlegislation2017.pdf
2025-05-12 11:41:56,689 - INFO - Loaded: knowledge_base\Course_catalogue_Final.pdf
2025-05-12 11:41:58,627 - INFO - Loaded: knowledge_base\PEOs_and_POs_ASTUs_Programs.pdf
2025-05-12 11:41:58,884 - INFO - Loaded: knowledge_base\Program_Accreditations.pdf
2025-05-12 11:44:00,965 - INFO - Loading faiss with AVX2 support.
2025-05-12 11:44:02,616 - INFO - Successfully loaded faiss with AVX2 support.
2025-05-12 11:44:02,673 - INFO - Failed to load GPU Faiss: name 'GpuIndexIVFFlat' is not defined. Will not load constructor refs for GPU indexes.
2025-05-12 11:44:04,002 - INFO - Loaded 1970 chunks from 853 documents
2025-05-12 11:44:04,017 - INFO - File watcher initialized
2025-05-12 11:46:42,029 - ERROR - Internal Server Error: /api/forum/answers/3/upvote/
Traceback (most recent call last):
  File "C:\Users\urjii\OneDrive\Desktop\project\integrated-web-app\venv\Lib\site-packages\django\core\handlers\exception.py", line 55, in inner
    response = get_response(request)
  File "C:\Users\urjii\OneDrive\Desktop\project\integrated-web-app\venv\Lib\site-packages\django\core\handlers\base.py", line 197, in _get_response
    response = wrapped_callback(request, *callback_args, **callback_kwargs)
  File "C:\Users\urjii\OneDrive\Desktop\project\integrated-web-app\venv\Lib\site-packages\django\views\decorators\csrf.py", line 65, in _view_wrapper
    return view_func(request, *args, **kwargs)
  File "C:\Users\urjii\OneDrive\Desktop\project\integrated-web-app\venv\Lib\site-packages\rest_framework\viewsets.py", line 125, in view
    return self.dispatch(request, *args, **kwargs)
           ~~~~~~~~~~~~~^^^^^^^^^^^^^^^^^^^^^^^^^^
  File "C:\Users\urjii\OneDrive\Desktop\project\integrated-web-app\venv\Lib\site-packages\rest_framework\views.py", line 515, in dispatch
    response = self.handle_exception(exc)
  File "C:\Users\urjii\OneDrive\Desktop\project\integrated-web-app\venv\Lib\site-packages\rest_framework\views.py", line 475, in handle_exception
    self.raise_uncaught_exception(exc)
    ~~~~~~~~~~~~~~~~~~~~~~~~~~~~~^^^^^
  File "C:\Users\urjii\OneDrive\Desktop\project\integrated-web-app\venv\Lib\site-packages\rest_framework\views.py", line 486, in raise_uncaught_exception
    raise exc
  File "C:\Users\urjii\OneDrive\Desktop\project\integrated-web-app\venv\Lib\site-packages\rest_framework\views.py", line 512, in dispatch
    response = handler(request, *args, **kwargs)
  File "C:\Users\urjii\OneDrive\Desktop\project\integrated-web-app\Groupforum\views.py", line 34, in upvote
    return Response({'status': 'upvoted', 'new_count': answer.upvotes})
           ^^^^^^^^
NameError: name 'Response' is not defined
2025-05-12 11:47:20,627 - WARNING - Not Found: /api/forum/answers/1/upvote/
2025-05-12 11:54:40,562 - WARNING - Bad Request: /api/forum/answers/
2025-05-12 11:56:14,707 - ERROR - Internal Server Error: /api/forum/answers/2/upvote/
Traceback (most recent call last):
  File "C:\Users\urjii\OneDrive\Desktop\project\integrated-web-app\venv\Lib\site-packages\django\core\handlers\exception.py", line 55, in inner
    response = get_response(request)
  File "C:\Users\urjii\OneDrive\Desktop\project\integrated-web-app\venv\Lib\site-packages\django\core\handlers\base.py", line 197, in _get_response
    response = wrapped_callback(request, *callback_args, **callback_kwargs)
  File "C:\Users\urjii\OneDrive\Desktop\project\integrated-web-app\venv\Lib\site-packages\django\views\decorators\csrf.py", line 65, in _view_wrapper
    return view_func(request, *args, **kwargs)
  File "C:\Users\urjii\OneDrive\Desktop\project\integrated-web-app\venv\Lib\site-packages\rest_framework\viewsets.py", line 125, in view
    return self.dispatch(request, *args, **kwargs)
           ~~~~~~~~~~~~~^^^^^^^^^^^^^^^^^^^^^^^^^^
  File "C:\Users\urjii\OneDrive\Desktop\project\integrated-web-app\venv\Lib\site-packages\rest_framework\views.py", line 515, in dispatch
    response = self.handle_exception(exc)
  File "C:\Users\urjii\OneDrive\Desktop\project\integrated-web-app\venv\Lib\site-packages\rest_framework\views.py", line 475, in handle_exception
    self.raise_uncaught_exception(exc)
    ~~~~~~~~~~~~~~~~~~~~~~~~~~~~~^^^^^
  File "C:\Users\urjii\OneDrive\Desktop\project\integrated-web-app\venv\Lib\site-packages\rest_framework\views.py", line 486, in raise_uncaught_exception
    raise exc
  File "C:\Users\urjii\OneDrive\Desktop\project\integrated-web-app\venv\Lib\site-packages\rest_framework\views.py", line 512, in dispatch
    response = handler(request, *args, **kwargs)
  File "C:\Users\urjii\OneDrive\Desktop\project\integrated-web-app\Groupforum\views.py", line 34, in upvote
    return Response({'status': 'upvoted', 'new_count': answer.upvotes})
           ^^^^^^^^
NameError: name 'Response' is not defined
2025-05-12 11:56:19,145 - WARNING - Not Found: /api/forum/answers/1/upvote/
2025-05-12 12:04:01,153 - ERROR - Internal Server Error: /api/forum/answers/2/downvote/
Traceback (most recent call last):
  File "C:\Users\urjii\OneDrive\Desktop\project\integrated-web-app\venv\Lib\site-packages\django\core\handlers\exception.py", line 55, in inner
    response = get_response(request)
  File "C:\Users\urjii\OneDrive\Desktop\project\integrated-web-app\venv\Lib\site-packages\django\core\handlers\base.py", line 197, in _get_response
    response = wrapped_callback(request, *callback_args, **callback_kwargs)
  File "C:\Users\urjii\OneDrive\Desktop\project\integrated-web-app\venv\Lib\site-packages\django\views\decorators\csrf.py", line 65, in _view_wrapper
    return view_func(request, *args, **kwargs)
  File "C:\Users\urjii\OneDrive\Desktop\project\integrated-web-app\venv\Lib\site-packages\rest_framework\viewsets.py", line 125, in view
    return self.dispatch(request, *args, **kwargs)
           ~~~~~~~~~~~~~^^^^^^^^^^^^^^^^^^^^^^^^^^
  File "C:\Users\urjii\OneDrive\Desktop\project\integrated-web-app\venv\Lib\site-packages\rest_framework\views.py", line 515, in dispatch
    response = self.handle_exception(exc)
  File "C:\Users\urjii\OneDrive\Desktop\project\integrated-web-app\venv\Lib\site-packages\rest_framework\views.py", line 475, in handle_exception
    self.raise_uncaught_exception(exc)
    ~~~~~~~~~~~~~~~~~~~~~~~~~~~~~^^^^^
  File "C:\Users\urjii\OneDrive\Desktop\project\integrated-web-app\venv\Lib\site-packages\rest_framework\views.py", line 486, in raise_uncaught_exception
    raise exc
  File "C:\Users\urjii\OneDrive\Desktop\project\integrated-web-app\venv\Lib\site-packages\rest_framework\views.py", line 512, in dispatch
    response = handler(request, *args, **kwargs)
  File "C:\Users\urjii\OneDrive\Desktop\project\integrated-web-app\Groupforum\views.py", line 41, in downvote
    return Response({'status': 'downvoted', 'new_count': answer.downvotes})
           ^^^^^^^^
NameError: name 'Response' is not defined
2025-05-12 12:05:23,759 - WARNING - Bad Request: /api/forum/comments/
2025-05-12 12:05:56,143 - WARNING - Unauthorized: /api/forum/notifications/
2025-05-12 12:06:55,891 - INFO - C:\Users\urjii\OneDrive\Desktop\project\integrated-web-app\Groupforum\views.py changed, reloading.
2025-05-12 12:07:17,227 - INFO - Load pretrained SentenceTransformer: sentence-transformers/all-MiniLM-L6-v2
2025-05-12 12:07:20,899 - INFO - Embeddings initialized successfully
2025-05-12 12:07:36,208 - INFO - Loaded: knowledge_base\ASTUlegislation2017.pdf
2025-05-12 12:07:46,368 - INFO - Loaded: knowledge_base\Course_catalogue_Final.pdf
2025-05-12 12:07:46,608 - INFO - Loaded: knowledge_base\PEOs_and_POs_ASTUs_Programs.pdf
2025-05-12 12:07:48,359 - INFO - Loaded: knowledge_base\Program_Accreditations.pdf
2025-05-12 12:09:53,938 - INFO - Loading faiss with AVX2 support.
2025-05-12 12:09:53,959 - INFO - Successfully loaded faiss with AVX2 support.
2025-05-12 12:09:53,963 - INFO - Failed to load GPU Faiss: name 'GpuIndexIVFFlat' is not defined. Will not load constructor refs for GPU indexes.
2025-05-12 12:09:54,064 - INFO - Loaded 1970 chunks from 853 documents
2025-05-12 12:09:54,066 - INFO - File watcher initialized
2025-05-12 12:10:45,274 - WARNING - Not Found: /api/forum/questions/999/
2025-05-12 12:34:23,039 - INFO - C:\Users\urjii\OneDrive\Desktop\project\integrated-web-app\Groupforum\views.py changed, reloading.
2025-05-12 12:34:48,355 - INFO - Load pretrained SentenceTransformer: sentence-transformers/all-MiniLM-L6-v2
2025-05-12 12:34:53,074 - INFO - Embeddings initialized successfully
2025-05-12 12:35:04,293 - INFO - Loaded: knowledge_base\ASTUlegislation2017.pdf
2025-05-12 12:35:21,155 - INFO - Loaded: knowledge_base\Course_catalogue_Final.pdf
2025-05-12 12:35:21,382 - INFO - Loaded: knowledge_base\PEOs_and_POs_ASTUs_Programs.pdf
2025-05-12 12:35:21,600 - INFO - Loaded: knowledge_base\Program_Accreditations.pdf
2025-05-12 12:37:51,139 - INFO - Loading faiss with AVX2 support.
2025-05-12 12:37:51,165 - INFO - Successfully loaded faiss with AVX2 support.
2025-05-12 12:37:51,170 - INFO - Failed to load GPU Faiss: name 'GpuIndexIVFFlat' is not defined. Will not load constructor refs for GPU indexes.
2025-05-12 12:37:51,307 - INFO - Loaded 1970 chunks from 853 documents
2025-05-12 12:37:51,309 - INFO - File watcher initialized
2025-05-12 12:40:54,751 - ERROR - Internal Server Error: /api/forum/answers/2/accept/
Traceback (most recent call last):
  File "C:\Users\urjii\OneDrive\Desktop\project\integrated-web-app\venv\Lib\site-packages\django\core\handlers\exception.py", line 55, in inner
    response = get_response(request)
  File "C:\Users\urjii\OneDrive\Desktop\project\integrated-web-app\venv\Lib\site-packages\django\core\handlers\base.py", line 197, in _get_response
    response = wrapped_callback(request, *callback_args, **callback_kwargs)
  File "C:\Users\urjii\OneDrive\Desktop\project\integrated-web-app\venv\Lib\site-packages\django\views\decorators\csrf.py", line 65, in _view_wrapper
    return view_func(request, *args, **kwargs)
  File "C:\Users\urjii\OneDrive\Desktop\project\integrated-web-app\venv\Lib\site-packages\rest_framework\viewsets.py", line 125, in view
    return self.dispatch(request, *args, **kwargs)
           ~~~~~~~~~~~~~^^^^^^^^^^^^^^^^^^^^^^^^^^
  File "C:\Users\urjii\OneDrive\Desktop\project\integrated-web-app\venv\Lib\site-packages\rest_framework\views.py", line 515, in dispatch
    response = self.handle_exception(exc)
  File "C:\Users\urjii\OneDrive\Desktop\project\integrated-web-app\venv\Lib\site-packages\rest_framework\views.py", line 475, in handle_exception
    self.raise_uncaught_exception(exc)
    ~~~~~~~~~~~~~~~~~~~~~~~~~~~~~^^^^^
  File "C:\Users\urjii\OneDrive\Desktop\project\integrated-web-app\venv\Lib\site-packages\rest_framework\views.py", line 486, in raise_uncaught_exception
    raise exc
  File "C:\Users\urjii\OneDrive\Desktop\project\integrated-web-app\venv\Lib\site-packages\rest_framework\views.py", line 512, in dispatch
    response = handler(request, *args, **kwargs)
  File "C:\Users\urjii\OneDrive\Desktop\project\integrated-web-app\Groupforum\views.py", line 35, in accept
    return Response({
           ^^^^^^^^
NameError: name 'Response' is not defined
2025-05-12 12:42:14,527 - WARNING - Not Found: /api/forum/answers/1/
2025-05-12 12:56:00,223 - INFO - C:\Users\urjii\OneDrive\Desktop\project\integrated-web-app\myproject\settings.py changed, reloading.
2025-05-12 12:56:20,496 - INFO - Load pretrained SentenceTransformer: sentence-transformers/all-MiniLM-L6-v2
2025-05-12 12:56:24,238 - INFO - Embeddings initialized successfully
2025-05-12 12:56:40,568 - INFO - Loaded: knowledge_base\ASTUlegislation2017.pdf
2025-05-12 12:56:57,364 - INFO - Loaded: knowledge_base\Course_catalogue_Final.pdf
2025-05-12 12:56:57,579 - INFO - Loaded: knowledge_base\PEOs_and_POs_ASTUs_Programs.pdf
2025-05-12 12:56:57,813 - INFO - Loaded: knowledge_base\Program_Accreditations.pdf
2025-05-12 12:59:25,930 - INFO - Loading faiss with AVX2 support.
2025-05-12 12:59:25,953 - INFO - Successfully loaded faiss with AVX2 support.
2025-05-12 12:59:25,958 - INFO - Failed to load GPU Faiss: name 'GpuIndexIVFFlat' is not defined. Will not load constructor refs for GPU indexes.
2025-05-12 12:59:26,101 - INFO - Loaded 1970 chunks from 853 documents
2025-05-12 12:59:26,105 - INFO - File watcher initialized
2025-05-12 12:59:34,590 - INFO - C:\Users\urjii\OneDrive\Desktop\project\integrated-web-app\Groupforum\signals.py changed, reloading.
2025-05-12 13:00:01,937 - INFO - Load pretrained SentenceTransformer: sentence-transformers/all-MiniLM-L6-v2
2025-05-12 13:00:05,835 - INFO - Embeddings initialized successfully
2025-05-12 13:00:21,597 - INFO - Loaded: knowledge_base\ASTUlegislation2017.pdf
2025-05-12 13:00:38,672 - INFO - Loaded: knowledge_base\Course_catalogue_Final.pdf
2025-05-12 13:00:38,965 - INFO - Loaded: knowledge_base\PEOs_and_POs_ASTUs_Programs.pdf
2025-05-12 13:00:39,271 - INFO - Loaded: knowledge_base\Program_Accreditations.pdf
2025-05-12 13:03:04,564 - INFO - Loading faiss with AVX2 support.
2025-05-12 13:03:04,587 - INFO - Successfully loaded faiss with AVX2 support.
2025-05-12 13:03:04,593 - INFO - Failed to load GPU Faiss: name 'GpuIndexIVFFlat' is not defined. Will not load constructor refs for GPU indexes.
2025-05-12 13:03:04,710 - INFO - Loaded 1970 chunks from 853 documents
2025-05-12 13:03:04,713 - INFO - File watcher initialized
2025-05-12 13:03:14,394 - INFO - C:\Users\urjii\OneDrive\Desktop\project\integrated-web-app\Groupforum\views.py changed, reloading.
2025-05-12 13:03:35,516 - INFO - Load pretrained SentenceTransformer: sentence-transformers/all-MiniLM-L6-v2
2025-05-12 13:03:38,968 - INFO - Embeddings initialized successfully
2025-05-12 13:03:56,677 - INFO - Loaded: knowledge_base\ASTUlegislation2017.pdf
2025-05-12 13:04:12,972 - INFO - Loaded: knowledge_base\Course_catalogue_Final.pdf
2025-05-12 13:04:13,318 - INFO - Loaded: knowledge_base\PEOs_and_POs_ASTUs_Programs.pdf
2025-05-12 13:04:13,598 - INFO - Loaded: knowledge_base\Program_Accreditations.pdf
2025-05-12 13:06:35,540 - INFO - Loading faiss with AVX2 support.
2025-05-12 13:06:35,934 - INFO - Successfully loaded faiss with AVX2 support.
2025-05-12 13:06:35,945 - INFO - Failed to load GPU Faiss: name 'GpuIndexIVFFlat' is not defined. Will not load constructor refs for GPU indexes.
2025-05-12 13:06:36,202 - INFO - Loaded 1970 chunks from 853 documents
2025-05-12 13:06:36,205 - INFO - File watcher initialized
2025-05-12 13:35:58,055 - WARNING - Not Found: /ws/notifications/
2025-05-12 13:37:03,251 - ERROR - Internal Server Error: /api/forum/answers/3/upvote/
Traceback (most recent call last):
  File "C:\Users\urjii\OneDrive\Desktop\project\integrated-web-app\venv\Lib\site-packages\django\core\handlers\exception.py", line 55, in inner
    response = get_response(request)
  File "C:\Users\urjii\OneDrive\Desktop\project\integrated-web-app\venv\Lib\site-packages\django\core\handlers\base.py", line 197, in _get_response
    response = wrapped_callback(request, *callback_args, **callback_kwargs)
  File "C:\Users\urjii\OneDrive\Desktop\project\integrated-web-app\venv\Lib\site-packages\django\views\decorators\csrf.py", line 65, in _view_wrapper
    return view_func(request, *args, **kwargs)
  File "C:\Users\urjii\OneDrive\Desktop\project\integrated-web-app\venv\Lib\site-packages\rest_framework\viewsets.py", line 125, in view
    return self.dispatch(request, *args, **kwargs)
           ~~~~~~~~~~~~~^^^^^^^^^^^^^^^^^^^^^^^^^^
  File "C:\Users\urjii\OneDrive\Desktop\project\integrated-web-app\venv\Lib\site-packages\rest_framework\views.py", line 515, in dispatch
    response = self.handle_exception(exc)
  File "C:\Users\urjii\OneDrive\Desktop\project\integrated-web-app\venv\Lib\site-packages\rest_framework\views.py", line 475, in handle_exception
    self.raise_uncaught_exception(exc)
    ~~~~~~~~~~~~~~~~~~~~~~~~~~~~~^^^^^
  File "C:\Users\urjii\OneDrive\Desktop\project\integrated-web-app\venv\Lib\site-packages\rest_framework\views.py", line 486, in raise_uncaught_exception
    raise exc
  File "C:\Users\urjii\OneDrive\Desktop\project\integrated-web-app\venv\Lib\site-packages\rest_framework\views.py", line 512, in dispatch
    response = handler(request, *args, **kwargs)
  File "C:\Users\urjii\OneDrive\Desktop\project\integrated-web-app\Groupforum\views.py", line 50, in upvote
    return Response({'status': 'upvoted', 'new_count': answer.upvotes})
           ^^^^^^^^
NameError: name 'Response' is not defined
2025-05-12 13:37:25,155 - ERROR - Internal Server Error: /api/forum/answers/4/upvote/
Traceback (most recent call last):
  File "C:\Users\urjii\OneDrive\Desktop\project\integrated-web-app\venv\Lib\site-packages\django\core\handlers\exception.py", line 55, in inner
    response = get_response(request)
  File "C:\Users\urjii\OneDrive\Desktop\project\integrated-web-app\venv\Lib\site-packages\django\core\handlers\base.py", line 197, in _get_response
    response = wrapped_callback(request, *callback_args, **callback_kwargs)
  File "C:\Users\urjii\OneDrive\Desktop\project\integrated-web-app\venv\Lib\site-packages\django\views\decorators\csrf.py", line 65, in _view_wrapper
    return view_func(request, *args, **kwargs)
  File "C:\Users\urjii\OneDrive\Desktop\project\integrated-web-app\venv\Lib\site-packages\rest_framework\viewsets.py", line 125, in view
    return self.dispatch(request, *args, **kwargs)
           ~~~~~~~~~~~~~^^^^^^^^^^^^^^^^^^^^^^^^^^
  File "C:\Users\urjii\OneDrive\Desktop\project\integrated-web-app\venv\Lib\site-packages\rest_framework\views.py", line 515, in dispatch
    response = self.handle_exception(exc)
  File "C:\Users\urjii\OneDrive\Desktop\project\integrated-web-app\venv\Lib\site-packages\rest_framework\views.py", line 475, in handle_exception
    self.raise_uncaught_exception(exc)
    ~~~~~~~~~~~~~~~~~~~~~~~~~~~~~^^^^^
  File "C:\Users\urjii\OneDrive\Desktop\project\integrated-web-app\venv\Lib\site-packages\rest_framework\views.py", line 486, in raise_uncaught_exception
    raise exc
  File "C:\Users\urjii\OneDrive\Desktop\project\integrated-web-app\venv\Lib\site-packages\rest_framework\views.py", line 512, in dispatch
    response = handler(request, *args, **kwargs)
  File "C:\Users\urjii\OneDrive\Desktop\project\integrated-web-app\Groupforum\views.py", line 50, in upvote
    return Response({'status': 'upvoted', 'new_count': answer.upvotes})
           ^^^^^^^^
NameError: name 'Response' is not defined
2025-05-12 13:37:26,703 - ERROR - Internal Server Error: /api/forum/answers/4/upvote/
Traceback (most recent call last):
  File "C:\Users\urjii\OneDrive\Desktop\project\integrated-web-app\venv\Lib\site-packages\django\core\handlers\exception.py", line 55, in inner
    response = get_response(request)
  File "C:\Users\urjii\OneDrive\Desktop\project\integrated-web-app\venv\Lib\site-packages\django\core\handlers\base.py", line 197, in _get_response
    response = wrapped_callback(request, *callback_args, **callback_kwargs)
  File "C:\Users\urjii\OneDrive\Desktop\project\integrated-web-app\venv\Lib\site-packages\django\views\decorators\csrf.py", line 65, in _view_wrapper
    return view_func(request, *args, **kwargs)
  File "C:\Users\urjii\OneDrive\Desktop\project\integrated-web-app\venv\Lib\site-packages\rest_framework\viewsets.py", line 125, in view
    return self.dispatch(request, *args, **kwargs)
           ~~~~~~~~~~~~~^^^^^^^^^^^^^^^^^^^^^^^^^^
  File "C:\Users\urjii\OneDrive\Desktop\project\integrated-web-app\venv\Lib\site-packages\rest_framework\views.py", line 515, in dispatch
    response = self.handle_exception(exc)
  File "C:\Users\urjii\OneDrive\Desktop\project\integrated-web-app\venv\Lib\site-packages\rest_framework\views.py", line 475, in handle_exception
    self.raise_uncaught_exception(exc)
    ~~~~~~~~~~~~~~~~~~~~~~~~~~~~~^^^^^
  File "C:\Users\urjii\OneDrive\Desktop\project\integrated-web-app\venv\Lib\site-packages\rest_framework\views.py", line 486, in raise_uncaught_exception
    raise exc
  File "C:\Users\urjii\OneDrive\Desktop\project\integrated-web-app\venv\Lib\site-packages\rest_framework\views.py", line 512, in dispatch
    response = handler(request, *args, **kwargs)
  File "C:\Users\urjii\OneDrive\Desktop\project\integrated-web-app\Groupforum\views.py", line 50, in upvote
    return Response({'status': 'upvoted', 'new_count': answer.upvotes})
           ^^^^^^^^
NameError: name 'Response' is not defined
2025-05-12 13:38:02,999 - ERROR - Internal Server Error: /api/forum/comments/
Traceback (most recent call last):
  File "C:\Users\urjii\OneDrive\Desktop\project\integrated-web-app\venv\Lib\site-packages\django\db\backends\utils.py", line 105, in _execute
    return self.cursor.execute(sql, params)
           ~~~~~~~~~~~~~~~~~~~^^^^^^^^^^^^^
psycopg2.errors.UndefinedColumn: column "parent_comment_id" of relation "Groupforum_comment" does not exist
LINE 1: ...answer_id", "text", "created_at", "anonymous_id", "parent_co...
                                                             ^


The above exception was the direct cause of the following exception:

Traceback (most recent call last):
  File "C:\Users\urjii\OneDrive\Desktop\project\integrated-web-app\venv\Lib\site-packages\django\core\handlers\exception.py", line 55, in inner
    response = get_response(request)
  File "C:\Users\urjii\OneDrive\Desktop\project\integrated-web-app\venv\Lib\site-packages\django\core\handlers\base.py", line 197, in _get_response
    response = wrapped_callback(request, *callback_args, **callback_kwargs)
  File "C:\Users\urjii\OneDrive\Desktop\project\integrated-web-app\venv\Lib\site-packages\django\views\decorators\csrf.py", line 65, in _view_wrapper
    return view_func(request, *args, **kwargs)
  File "C:\Users\urjii\OneDrive\Desktop\project\integrated-web-app\venv\Lib\site-packages\rest_framework\viewsets.py", line 125, in view
    return self.dispatch(request, *args, **kwargs)
           ~~~~~~~~~~~~~^^^^^^^^^^^^^^^^^^^^^^^^^^
  File "C:\Users\urjii\OneDrive\Desktop\project\integrated-web-app\venv\Lib\site-packages\rest_framework\views.py", line 515, in dispatch
    response = self.handle_exception(exc)
  File "C:\Users\urjii\OneDrive\Desktop\project\integrated-web-app\venv\Lib\site-packages\rest_framework\views.py", line 475, in handle_exception
    self.raise_uncaught_exception(exc)
    ~~~~~~~~~~~~~~~~~~~~~~~~~~~~~^^^^^
  File "C:\Users\urjii\OneDrive\Desktop\project\integrated-web-app\venv\Lib\site-packages\rest_framework\views.py", line 486, in raise_uncaught_exception
    raise exc
  File "C:\Users\urjii\OneDrive\Desktop\project\integrated-web-app\venv\Lib\site-packages\rest_framework\views.py", line 512, in dispatch
    response = handler(request, *args, **kwargs)
  File "C:\Users\urjii\OneDrive\Desktop\project\integrated-web-app\venv\Lib\site-packages\rest_framework\mixins.py", line 19, in create
    self.perform_create(serializer)
    ~~~~~~~~~~~~~~~~~~~^^^^^^^^^^^^
  File "C:\Users\urjii\OneDrive\Desktop\project\integrated-web-app\venv\Lib\site-packages\rest_framework\mixins.py", line 24, in perform_create
    serializer.save()
    ~~~~~~~~~~~~~~~^^
  File "C:\Users\urjii\OneDrive\Desktop\project\integrated-web-app\venv\Lib\site-packages\rest_framework\serializers.py", line 210, in save
    self.instance = self.create(validated_data)
                    ~~~~~~~~~~~^^^^^^^^^^^^^^^^
  File "C:\Users\urjii\OneDrive\Desktop\project\integrated-web-app\venv\Lib\site-packages\rest_framework\serializers.py", line 991, in create
    instance = ModelClass._default_manager.create(**validated_data)
  File "C:\Users\urjii\OneDrive\Desktop\project\integrated-web-app\venv\Lib\site-packages\django\db\models\manager.py", line 87, in manager_method
    return getattr(self.get_queryset(), name)(*args, **kwargs)
           ~~~~~~~~~~~~~~~~~~~~~~~~~~~~~~~~~~^^^^^^^^^^^^^^^^^
  File "C:\Users\urjii\OneDrive\Desktop\project\integrated-web-app\venv\Lib\site-packages\django\db\models\query.py", line 663, in create
    obj.save(force_insert=True, using=self.db)
    ~~~~~~~~^^^^^^^^^^^^^^^^^^^^^^^^^^^^^^^^^^
  File "C:\Users\urjii\OneDrive\Desktop\project\integrated-web-app\venv\Lib\site-packages\django\db\models\base.py", line 902, in save
    self.save_base(
    ~~~~~~~~~~~~~~^
        using=using,
        ^^^^^^^^^^^^
    ...<2 lines>...
        update_fields=update_fields,
        ^^^^^^^^^^^^^^^^^^^^^^^^^^^^
    )
    ^
  File "C:\Users\urjii\OneDrive\Desktop\project\integrated-web-app\venv\Lib\site-packages\django\db\models\base.py", line 1008, in save_base
    updated = self._save_table(
        raw,
    ...<4 lines>...
        update_fields,
    )
  File "C:\Users\urjii\OneDrive\Desktop\project\integrated-web-app\venv\Lib\site-packages\django\db\models\base.py", line 1169, in _save_table
    results = self._do_insert(
        cls._base_manager, using, fields, returning_fields, raw
    )
  File "C:\Users\urjii\OneDrive\Desktop\project\integrated-web-app\venv\Lib\site-packages\django\db\models\base.py", line 1210, in _do_insert
    return manager._insert(
           ~~~~~~~~~~~~~~~^
        [self],
        ^^^^^^^
    ...<3 lines>...
        raw=raw,
        ^^^^^^^^
    )
    ^
  File "C:\Users\urjii\OneDrive\Desktop\project\integrated-web-app\venv\Lib\site-packages\django\db\models\manager.py", line 87, in manager_method
    return getattr(self.get_queryset(), name)(*args, **kwargs)
           ~~~~~~~~~~~~~~~~~~~~~~~~~~~~~~~~~~^^^^^^^^^^^^^^^^^
  File "C:\Users\urjii\OneDrive\Desktop\project\integrated-web-app\venv\Lib\site-packages\django\db\models\query.py", line 1854, in _insert
    return query.get_compiler(using=using).execute_sql(returning_fields)
           ~~~~~~~~~~~~~~~~~~~~~~~~~~~~~~~~~~~~~~~~~~~^^^^^^^^^^^^^^^^^^
  File "C:\Users\urjii\OneDrive\Desktop\project\integrated-web-app\venv\Lib\site-packages\django\db\models\sql\compiler.py", line 1881, in execute_sql
    cursor.execute(sql, params)
    ~~~~~~~~~~~~~~^^^^^^^^^^^^^
  File "C:\Users\urjii\OneDrive\Desktop\project\integrated-web-app\venv\Lib\site-packages\django\db\backends\utils.py", line 122, in execute
    return super().execute(sql, params)
           ~~~~~~~~~~~~~~~^^^^^^^^^^^^^
  File "C:\Users\urjii\OneDrive\Desktop\project\integrated-web-app\venv\Lib\site-packages\django\db\backends\utils.py", line 79, in execute
    return self._execute_with_wrappers(
           ~~~~~~~~~~~~~~~~~~~~~~~~~~~^
        sql, params, many=False, executor=self._execute
        ^^^^^^^^^^^^^^^^^^^^^^^^^^^^^^^^^^^^^^^^^^^^^^^
    )
    ^
  File "C:\Users\urjii\OneDrive\Desktop\project\integrated-web-app\venv\Lib\site-packages\django\db\backends\utils.py", line 92, in _execute_with_wrappers
    return executor(sql, params, many, context)
  File "C:\Users\urjii\OneDrive\Desktop\project\integrated-web-app\venv\Lib\site-packages\django\db\backends\utils.py", line 100, in _execute
    with self.db.wrap_database_errors:
         ^^^^^^^^^^^^^^^^^^^^^^^^^^^^
  File "C:\Users\urjii\OneDrive\Desktop\project\integrated-web-app\venv\Lib\site-packages\django\db\utils.py", line 91, in __exit__
    raise dj_exc_value.with_traceback(traceback) from exc_value
  File "C:\Users\urjii\OneDrive\Desktop\project\integrated-web-app\venv\Lib\site-packages\django\db\backends\utils.py", line 105, in _execute
    return self.cursor.execute(sql, params)
           ~~~~~~~~~~~~~~~~~~~^^^^^^^^^^^^^
django.db.utils.ProgrammingError: column "parent_comment_id" of relation "Groupforum_comment" does not exist
LINE 1: ...answer_id", "text", "created_at", "anonymous_id", "parent_co...
                                                             ^

2025-05-12 13:52:04,925 - ERROR - Internal Server Error: /api/forum/comments/
Traceback (most recent call last):
  File "C:\Users\urjii\OneDrive\Desktop\project\integrated-web-app\venv\Lib\site-packages\django\db\backends\utils.py", line 105, in _execute
    return self.cursor.execute(sql, params)
           ~~~~~~~~~~~~~~~~~~~^^^^^^^^^^^^^
psycopg2.errors.UndefinedColumn: column "parent_comment_id" of relation "Groupforum_comment" does not exist
LINE 1: ...answer_id", "text", "created_at", "anonymous_id", "parent_co...
                                                             ^


The above exception was the direct cause of the following exception:

Traceback (most recent call last):
  File "C:\Users\urjii\OneDrive\Desktop\project\integrated-web-app\venv\Lib\site-packages\django\core\handlers\exception.py", line 55, in inner
    response = get_response(request)
  File "C:\Users\urjii\OneDrive\Desktop\project\integrated-web-app\venv\Lib\site-packages\django\core\handlers\base.py", line 197, in _get_response
    response = wrapped_callback(request, *callback_args, **callback_kwargs)
  File "C:\Users\urjii\OneDrive\Desktop\project\integrated-web-app\venv\Lib\site-packages\django\views\decorators\csrf.py", line 65, in _view_wrapper
    return view_func(request, *args, **kwargs)
  File "C:\Users\urjii\OneDrive\Desktop\project\integrated-web-app\venv\Lib\site-packages\rest_framework\viewsets.py", line 125, in view
    return self.dispatch(request, *args, **kwargs)
           ~~~~~~~~~~~~~^^^^^^^^^^^^^^^^^^^^^^^^^^
  File "C:\Users\urjii\OneDrive\Desktop\project\integrated-web-app\venv\Lib\site-packages\rest_framework\views.py", line 515, in dispatch
    response = self.handle_exception(exc)
  File "C:\Users\urjii\OneDrive\Desktop\project\integrated-web-app\venv\Lib\site-packages\rest_framework\views.py", line 475, in handle_exception
    self.raise_uncaught_exception(exc)
    ~~~~~~~~~~~~~~~~~~~~~~~~~~~~~^^^^^
  File "C:\Users\urjii\OneDrive\Desktop\project\integrated-web-app\venv\Lib\site-packages\rest_framework\views.py", line 486, in raise_uncaught_exception
    raise exc
  File "C:\Users\urjii\OneDrive\Desktop\project\integrated-web-app\venv\Lib\site-packages\rest_framework\views.py", line 512, in dispatch
    response = handler(request, *args, **kwargs)
  File "C:\Users\urjii\OneDrive\Desktop\project\integrated-web-app\venv\Lib\site-packages\rest_framework\mixins.py", line 19, in create
    self.perform_create(serializer)
    ~~~~~~~~~~~~~~~~~~~^^^^^^^^^^^^
  File "C:\Users\urjii\OneDrive\Desktop\project\integrated-web-app\venv\Lib\site-packages\rest_framework\mixins.py", line 24, in perform_create
    serializer.save()
    ~~~~~~~~~~~~~~~^^
  File "C:\Users\urjii\OneDrive\Desktop\project\integrated-web-app\venv\Lib\site-packages\rest_framework\serializers.py", line 210, in save
    self.instance = self.create(validated_data)
                    ~~~~~~~~~~~^^^^^^^^^^^^^^^^
  File "C:\Users\urjii\OneDrive\Desktop\project\integrated-web-app\venv\Lib\site-packages\rest_framework\serializers.py", line 991, in create
    instance = ModelClass._default_manager.create(**validated_data)
  File "C:\Users\urjii\OneDrive\Desktop\project\integrated-web-app\venv\Lib\site-packages\django\db\models\manager.py", line 87, in manager_method
    return getattr(self.get_queryset(), name)(*args, **kwargs)
           ~~~~~~~~~~~~~~~~~~~~~~~~~~~~~~~~~~^^^^^^^^^^^^^^^^^
  File "C:\Users\urjii\OneDrive\Desktop\project\integrated-web-app\venv\Lib\site-packages\django\db\models\query.py", line 663, in create
    obj.save(force_insert=True, using=self.db)
    ~~~~~~~~^^^^^^^^^^^^^^^^^^^^^^^^^^^^^^^^^^
  File "C:\Users\urjii\OneDrive\Desktop\project\integrated-web-app\venv\Lib\site-packages\django\db\models\base.py", line 902, in save
    self.save_base(
    ~~~~~~~~~~~~~~^
        using=using,
        ^^^^^^^^^^^^
    ...<2 lines>...
        update_fields=update_fields,
        ^^^^^^^^^^^^^^^^^^^^^^^^^^^^
    )
    ^
  File "C:\Users\urjii\OneDrive\Desktop\project\integrated-web-app\venv\Lib\site-packages\django\db\models\base.py", line 1008, in save_base
    updated = self._save_table(
        raw,
    ...<4 lines>...
        update_fields,
    )
  File "C:\Users\urjii\OneDrive\Desktop\project\integrated-web-app\venv\Lib\site-packages\django\db\models\base.py", line 1169, in _save_table
    results = self._do_insert(
        cls._base_manager, using, fields, returning_fields, raw
    )
  File "C:\Users\urjii\OneDrive\Desktop\project\integrated-web-app\venv\Lib\site-packages\django\db\models\base.py", line 1210, in _do_insert
    return manager._insert(
           ~~~~~~~~~~~~~~~^
        [self],
        ^^^^^^^
    ...<3 lines>...
        raw=raw,
        ^^^^^^^^
    )
    ^
  File "C:\Users\urjii\OneDrive\Desktop\project\integrated-web-app\venv\Lib\site-packages\django\db\models\manager.py", line 87, in manager_method
    return getattr(self.get_queryset(), name)(*args, **kwargs)
           ~~~~~~~~~~~~~~~~~~~~~~~~~~~~~~~~~~^^^^^^^^^^^^^^^^^
  File "C:\Users\urjii\OneDrive\Desktop\project\integrated-web-app\venv\Lib\site-packages\django\db\models\query.py", line 1854, in _insert
    return query.get_compiler(using=using).execute_sql(returning_fields)
           ~~~~~~~~~~~~~~~~~~~~~~~~~~~~~~~~~~~~~~~~~~~^^^^^^^^^^^^^^^^^^
  File "C:\Users\urjii\OneDrive\Desktop\project\integrated-web-app\venv\Lib\site-packages\django\db\models\sql\compiler.py", line 1881, in execute_sql
    cursor.execute(sql, params)
    ~~~~~~~~~~~~~~^^^^^^^^^^^^^
  File "C:\Users\urjii\OneDrive\Desktop\project\integrated-web-app\venv\Lib\site-packages\django\db\backends\utils.py", line 122, in execute
    return super().execute(sql, params)
           ~~~~~~~~~~~~~~~^^^^^^^^^^^^^
  File "C:\Users\urjii\OneDrive\Desktop\project\integrated-web-app\venv\Lib\site-packages\django\db\backends\utils.py", line 79, in execute
    return self._execute_with_wrappers(
           ~~~~~~~~~~~~~~~~~~~~~~~~~~~^
        sql, params, many=False, executor=self._execute
        ^^^^^^^^^^^^^^^^^^^^^^^^^^^^^^^^^^^^^^^^^^^^^^^
    )
    ^
  File "C:\Users\urjii\OneDrive\Desktop\project\integrated-web-app\venv\Lib\site-packages\django\db\backends\utils.py", line 92, in _execute_with_wrappers
    return executor(sql, params, many, context)
  File "C:\Users\urjii\OneDrive\Desktop\project\integrated-web-app\venv\Lib\site-packages\django\db\backends\utils.py", line 100, in _execute
    with self.db.wrap_database_errors:
         ^^^^^^^^^^^^^^^^^^^^^^^^^^^^
  File "C:\Users\urjii\OneDrive\Desktop\project\integrated-web-app\venv\Lib\site-packages\django\db\utils.py", line 91, in __exit__
    raise dj_exc_value.with_traceback(traceback) from exc_value
  File "C:\Users\urjii\OneDrive\Desktop\project\integrated-web-app\venv\Lib\site-packages\django\db\backends\utils.py", line 105, in _execute
    return self.cursor.execute(sql, params)
           ~~~~~~~~~~~~~~~~~~~^^^^^^^^^^^^^
django.db.utils.ProgrammingError: column "parent_comment_id" of relation "Groupforum_comment" does not exist
LINE 1: ...answer_id", "text", "created_at", "anonymous_id", "parent_co...
                                                             ^

2025-05-12 13:52:08,591 - ERROR - Internal Server Error: /api/forum/answers/3/upvote/
Traceback (most recent call last):
  File "C:\Users\urjii\OneDrive\Desktop\project\integrated-web-app\venv\Lib\site-packages\django\core\handlers\exception.py", line 55, in inner
    response = get_response(request)
  File "C:\Users\urjii\OneDrive\Desktop\project\integrated-web-app\venv\Lib\site-packages\django\core\handlers\base.py", line 197, in _get_response
    response = wrapped_callback(request, *callback_args, **callback_kwargs)
  File "C:\Users\urjii\OneDrive\Desktop\project\integrated-web-app\venv\Lib\site-packages\django\views\decorators\csrf.py", line 65, in _view_wrapper
    return view_func(request, *args, **kwargs)
  File "C:\Users\urjii\OneDrive\Desktop\project\integrated-web-app\venv\Lib\site-packages\rest_framework\viewsets.py", line 125, in view
    return self.dispatch(request, *args, **kwargs)
           ~~~~~~~~~~~~~^^^^^^^^^^^^^^^^^^^^^^^^^^
  File "C:\Users\urjii\OneDrive\Desktop\project\integrated-web-app\venv\Lib\site-packages\rest_framework\views.py", line 515, in dispatch
    response = self.handle_exception(exc)
  File "C:\Users\urjii\OneDrive\Desktop\project\integrated-web-app\venv\Lib\site-packages\rest_framework\views.py", line 475, in handle_exception
    self.raise_uncaught_exception(exc)
    ~~~~~~~~~~~~~~~~~~~~~~~~~~~~~^^^^^
  File "C:\Users\urjii\OneDrive\Desktop\project\integrated-web-app\venv\Lib\site-packages\rest_framework\views.py", line 486, in raise_uncaught_exception
    raise exc
  File "C:\Users\urjii\OneDrive\Desktop\project\integrated-web-app\venv\Lib\site-packages\rest_framework\views.py", line 512, in dispatch
    response = handler(request, *args, **kwargs)
  File "C:\Users\urjii\OneDrive\Desktop\project\integrated-web-app\Groupforum\views.py", line 50, in upvote
    return Response({'status': 'upvoted', 'new_count': answer.upvotes})
           ^^^^^^^^
NameError: name 'Response' is not defined
2025-05-12 13:52:09,130 - ERROR - Internal Server Error: /api/forum/answers/3/upvote/
Traceback (most recent call last):
  File "C:\Users\urjii\OneDrive\Desktop\project\integrated-web-app\venv\Lib\site-packages\django\core\handlers\exception.py", line 55, in inner
    response = get_response(request)
  File "C:\Users\urjii\OneDrive\Desktop\project\integrated-web-app\venv\Lib\site-packages\django\core\handlers\base.py", line 197, in _get_response
    response = wrapped_callback(request, *callback_args, **callback_kwargs)
  File "C:\Users\urjii\OneDrive\Desktop\project\integrated-web-app\venv\Lib\site-packages\django\views\decorators\csrf.py", line 65, in _view_wrapper
    return view_func(request, *args, **kwargs)
  File "C:\Users\urjii\OneDrive\Desktop\project\integrated-web-app\venv\Lib\site-packages\rest_framework\viewsets.py", line 125, in view
    return self.dispatch(request, *args, **kwargs)
           ~~~~~~~~~~~~~^^^^^^^^^^^^^^^^^^^^^^^^^^
  File "C:\Users\urjii\OneDrive\Desktop\project\integrated-web-app\venv\Lib\site-packages\rest_framework\views.py", line 515, in dispatch
    response = self.handle_exception(exc)
  File "C:\Users\urjii\OneDrive\Desktop\project\integrated-web-app\venv\Lib\site-packages\rest_framework\views.py", line 475, in handle_exception
    self.raise_uncaught_exception(exc)
    ~~~~~~~~~~~~~~~~~~~~~~~~~~~~~^^^^^
  File "C:\Users\urjii\OneDrive\Desktop\project\integrated-web-app\venv\Lib\site-packages\rest_framework\views.py", line 486, in raise_uncaught_exception
    raise exc
  File "C:\Users\urjii\OneDrive\Desktop\project\integrated-web-app\venv\Lib\site-packages\rest_framework\views.py", line 512, in dispatch
    response = handler(request, *args, **kwargs)
  File "C:\Users\urjii\OneDrive\Desktop\project\integrated-web-app\Groupforum\views.py", line 50, in upvote
    return Response({'status': 'upvoted', 'new_count': answer.upvotes})
           ^^^^^^^^
NameError: name 'Response' is not defined
2025-05-12 13:52:10,029 - ERROR - Internal Server Error: /api/forum/answers/3/downvote/
Traceback (most recent call last):
  File "C:\Users\urjii\OneDrive\Desktop\project\integrated-web-app\venv\Lib\site-packages\django\core\handlers\exception.py", line 55, in inner
    response = get_response(request)
  File "C:\Users\urjii\OneDrive\Desktop\project\integrated-web-app\venv\Lib\site-packages\django\core\handlers\base.py", line 197, in _get_response
    response = wrapped_callback(request, *callback_args, **callback_kwargs)
  File "C:\Users\urjii\OneDrive\Desktop\project\integrated-web-app\venv\Lib\site-packages\django\views\decorators\csrf.py", line 65, in _view_wrapper
    return view_func(request, *args, **kwargs)
  File "C:\Users\urjii\OneDrive\Desktop\project\integrated-web-app\venv\Lib\site-packages\rest_framework\viewsets.py", line 125, in view
    return self.dispatch(request, *args, **kwargs)
           ~~~~~~~~~~~~~^^^^^^^^^^^^^^^^^^^^^^^^^^
  File "C:\Users\urjii\OneDrive\Desktop\project\integrated-web-app\venv\Lib\site-packages\rest_framework\views.py", line 515, in dispatch
    response = self.handle_exception(exc)
  File "C:\Users\urjii\OneDrive\Desktop\project\integrated-web-app\venv\Lib\site-packages\rest_framework\views.py", line 475, in handle_exception
    self.raise_uncaught_exception(exc)
    ~~~~~~~~~~~~~~~~~~~~~~~~~~~~~^^^^^
  File "C:\Users\urjii\OneDrive\Desktop\project\integrated-web-app\venv\Lib\site-packages\rest_framework\views.py", line 486, in raise_uncaught_exception
    raise exc
  File "C:\Users\urjii\OneDrive\Desktop\project\integrated-web-app\venv\Lib\site-packages\rest_framework\views.py", line 512, in dispatch
    response = handler(request, *args, **kwargs)
  File "C:\Users\urjii\OneDrive\Desktop\project\integrated-web-app\Groupforum\views.py", line 57, in downvote
    return Response({'status': 'downvoted', 'new_count': answer.downvotes})
           ^^^^^^^^
NameError: name 'Response' is not defined
2025-05-12 13:52:10,785 - ERROR - Internal Server Error: /api/forum/answers/3/accept/
Traceback (most recent call last):
  File "C:\Users\urjii\OneDrive\Desktop\project\integrated-web-app\venv\Lib\site-packages\django\core\handlers\exception.py", line 55, in inner
    response = get_response(request)
  File "C:\Users\urjii\OneDrive\Desktop\project\integrated-web-app\venv\Lib\site-packages\django\core\handlers\base.py", line 197, in _get_response
    response = wrapped_callback(request, *callback_args, **callback_kwargs)
  File "C:\Users\urjii\OneDrive\Desktop\project\integrated-web-app\venv\Lib\site-packages\django\views\decorators\csrf.py", line 65, in _view_wrapper
    return view_func(request, *args, **kwargs)
  File "C:\Users\urjii\OneDrive\Desktop\project\integrated-web-app\venv\Lib\site-packages\rest_framework\viewsets.py", line 125, in view
    return self.dispatch(request, *args, **kwargs)
           ~~~~~~~~~~~~~^^^^^^^^^^^^^^^^^^^^^^^^^^
  File "C:\Users\urjii\OneDrive\Desktop\project\integrated-web-app\venv\Lib\site-packages\rest_framework\views.py", line 515, in dispatch
    response = self.handle_exception(exc)
  File "C:\Users\urjii\OneDrive\Desktop\project\integrated-web-app\venv\Lib\site-packages\rest_framework\views.py", line 475, in handle_exception
    self.raise_uncaught_exception(exc)
    ~~~~~~~~~~~~~~~~~~~~~~~~~~~~~^^^^^
  File "C:\Users\urjii\OneDrive\Desktop\project\integrated-web-app\venv\Lib\site-packages\rest_framework\views.py", line 486, in raise_uncaught_exception
    raise exc
  File "C:\Users\urjii\OneDrive\Desktop\project\integrated-web-app\venv\Lib\site-packages\rest_framework\views.py", line 512, in dispatch
    response = handler(request, *args, **kwargs)
  File "C:\Users\urjii\OneDrive\Desktop\project\integrated-web-app\Groupforum\views.py", line 39, in accept
    return Response({
           ^^^^^^^^
NameError: name 'Response' is not defined
2025-05-12 14:33:35,270 - WARNING - Not Found: /ws/notifications/
2025-05-12 14:49:34,890 - WARNING - Not Found: /ws/notifications/
2025-05-12 14:49:52,649 - WARNING - Not Found: /ws/notifications/
2025-05-12 15:27:29,585 - WARNING - Not Found: /ws/notifications/
2025-05-12 15:27:39,398 - WARNING - Not Found: /ws/notifications/
2025-05-12 15:27:40,400 - WARNING - Not Found: /ws/notifications/
2025-05-12 15:27:43,743 - WARNING - Not Found: /ws/notifications/
2025-05-12 15:28:29,078 - ERROR - Internal Server Error: /api/forum/answers/2/upvote/
Traceback (most recent call last):
  File "C:\Users\urjii\OneDrive\Desktop\project\integrated-web-app\venv\Lib\site-packages\django\core\handlers\exception.py", line 55, in inner
    response = get_response(request)
  File "C:\Users\urjii\OneDrive\Desktop\project\integrated-web-app\venv\Lib\site-packages\django\core\handlers\base.py", line 197, in _get_response
    response = wrapped_callback(request, *callback_args, **callback_kwargs)
  File "C:\Users\urjii\OneDrive\Desktop\project\integrated-web-app\venv\Lib\site-packages\django\views\decorators\csrf.py", line 65, in _view_wrapper
    return view_func(request, *args, **kwargs)
  File "C:\Users\urjii\OneDrive\Desktop\project\integrated-web-app\venv\Lib\site-packages\rest_framework\viewsets.py", line 125, in view
    return self.dispatch(request, *args, **kwargs)
           ~~~~~~~~~~~~~^^^^^^^^^^^^^^^^^^^^^^^^^^
  File "C:\Users\urjii\OneDrive\Desktop\project\integrated-web-app\venv\Lib\site-packages\rest_framework\views.py", line 515, in dispatch
    response = self.handle_exception(exc)
  File "C:\Users\urjii\OneDrive\Desktop\project\integrated-web-app\venv\Lib\site-packages\rest_framework\views.py", line 475, in handle_exception
    self.raise_uncaught_exception(exc)
    ~~~~~~~~~~~~~~~~~~~~~~~~~~~~~^^^^^
  File "C:\Users\urjii\OneDrive\Desktop\project\integrated-web-app\venv\Lib\site-packages\rest_framework\views.py", line 486, in raise_uncaught_exception
    raise exc
  File "C:\Users\urjii\OneDrive\Desktop\project\integrated-web-app\venv\Lib\site-packages\rest_framework\views.py", line 512, in dispatch
    response = handler(request, *args, **kwargs)
  File "C:\Users\urjii\OneDrive\Desktop\project\integrated-web-app\Groupforum\views.py", line 50, in upvote
    return Response({'status': 'upvoted', 'new_count': answer.upvotes})
           ^^^^^^^^
NameError: name 'Response' is not defined
2025-05-12 15:28:29,808 - ERROR - Internal Server Error: /api/forum/answers/2/downvote/
Traceback (most recent call last):
  File "C:\Users\urjii\OneDrive\Desktop\project\integrated-web-app\venv\Lib\site-packages\django\core\handlers\exception.py", line 55, in inner
    response = get_response(request)
  File "C:\Users\urjii\OneDrive\Desktop\project\integrated-web-app\venv\Lib\site-packages\django\core\handlers\base.py", line 197, in _get_response
    response = wrapped_callback(request, *callback_args, **callback_kwargs)
  File "C:\Users\urjii\OneDrive\Desktop\project\integrated-web-app\venv\Lib\site-packages\django\views\decorators\csrf.py", line 65, in _view_wrapper
    return view_func(request, *args, **kwargs)
  File "C:\Users\urjii\OneDrive\Desktop\project\integrated-web-app\venv\Lib\site-packages\rest_framework\viewsets.py", line 125, in view
    return self.dispatch(request, *args, **kwargs)
           ~~~~~~~~~~~~~^^^^^^^^^^^^^^^^^^^^^^^^^^
  File "C:\Users\urjii\OneDrive\Desktop\project\integrated-web-app\venv\Lib\site-packages\rest_framework\views.py", line 515, in dispatch
    response = self.handle_exception(exc)
  File "C:\Users\urjii\OneDrive\Desktop\project\integrated-web-app\venv\Lib\site-packages\rest_framework\views.py", line 475, in handle_exception
    self.raise_uncaught_exception(exc)
    ~~~~~~~~~~~~~~~~~~~~~~~~~~~~~^^^^^
  File "C:\Users\urjii\OneDrive\Desktop\project\integrated-web-app\venv\Lib\site-packages\rest_framework\views.py", line 486, in raise_uncaught_exception
    raise exc
  File "C:\Users\urjii\OneDrive\Desktop\project\integrated-web-app\venv\Lib\site-packages\rest_framework\views.py", line 512, in dispatch
    response = handler(request, *args, **kwargs)
  File "C:\Users\urjii\OneDrive\Desktop\project\integrated-web-app\Groupforum\views.py", line 57, in downvote
    return Response({'status': 'downvoted', 'new_count': answer.downvotes})
           ^^^^^^^^
NameError: name 'Response' is not defined
2025-05-12 15:28:34,569 - ERROR - Internal Server Error: /api/forum/answers/4/accept/
Traceback (most recent call last):
  File "C:\Users\urjii\OneDrive\Desktop\project\integrated-web-app\venv\Lib\site-packages\django\core\handlers\exception.py", line 55, in inner
    response = get_response(request)
  File "C:\Users\urjii\OneDrive\Desktop\project\integrated-web-app\venv\Lib\site-packages\django\core\handlers\base.py", line 197, in _get_response
    response = wrapped_callback(request, *callback_args, **callback_kwargs)
  File "C:\Users\urjii\OneDrive\Desktop\project\integrated-web-app\venv\Lib\site-packages\django\views\decorators\csrf.py", line 65, in _view_wrapper
    return view_func(request, *args, **kwargs)
  File "C:\Users\urjii\OneDrive\Desktop\project\integrated-web-app\venv\Lib\site-packages\rest_framework\viewsets.py", line 125, in view
    return self.dispatch(request, *args, **kwargs)
           ~~~~~~~~~~~~~^^^^^^^^^^^^^^^^^^^^^^^^^^
  File "C:\Users\urjii\OneDrive\Desktop\project\integrated-web-app\venv\Lib\site-packages\rest_framework\views.py", line 515, in dispatch
    response = self.handle_exception(exc)
  File "C:\Users\urjii\OneDrive\Desktop\project\integrated-web-app\venv\Lib\site-packages\rest_framework\views.py", line 475, in handle_exception
    self.raise_uncaught_exception(exc)
    ~~~~~~~~~~~~~~~~~~~~~~~~~~~~~^^^^^
  File "C:\Users\urjii\OneDrive\Desktop\project\integrated-web-app\venv\Lib\site-packages\rest_framework\views.py", line 486, in raise_uncaught_exception
    raise exc
  File "C:\Users\urjii\OneDrive\Desktop\project\integrated-web-app\venv\Lib\site-packages\rest_framework\views.py", line 512, in dispatch
    response = handler(request, *args, **kwargs)
  File "C:\Users\urjii\OneDrive\Desktop\project\integrated-web-app\Groupforum\views.py", line 39, in accept
    return Response({
           ^^^^^^^^
NameError: name 'Response' is not defined
2025-05-12 15:28:50,004 - WARNING - Not Found: /ws/notifications/
2025-05-12 15:43:53,426 - WARNING - Not Found: /ws/notifications/
2025-05-12 15:43:57,842 - WARNING - Not Found: /ws/notifications/
2025-05-12 15:44:51,482 - ERROR - Internal Server Error: /api/forum/answers/8/accept/
Traceback (most recent call last):
  File "C:\Users\urjii\OneDrive\Desktop\project\integrated-web-app\venv\Lib\site-packages\django\core\handlers\exception.py", line 55, in inner
    response = get_response(request)
  File "C:\Users\urjii\OneDrive\Desktop\project\integrated-web-app\venv\Lib\site-packages\django\core\handlers\base.py", line 197, in _get_response
    response = wrapped_callback(request, *callback_args, **callback_kwargs)
  File "C:\Users\urjii\OneDrive\Desktop\project\integrated-web-app\venv\Lib\site-packages\django\views\decorators\csrf.py", line 65, in _view_wrapper
    return view_func(request, *args, **kwargs)
  File "C:\Users\urjii\OneDrive\Desktop\project\integrated-web-app\venv\Lib\site-packages\rest_framework\viewsets.py", line 125, in view
    return self.dispatch(request, *args, **kwargs)
           ~~~~~~~~~~~~~^^^^^^^^^^^^^^^^^^^^^^^^^^
  File "C:\Users\urjii\OneDrive\Desktop\project\integrated-web-app\venv\Lib\site-packages\rest_framework\views.py", line 515, in dispatch
    response = self.handle_exception(exc)
  File "C:\Users\urjii\OneDrive\Desktop\project\integrated-web-app\venv\Lib\site-packages\rest_framework\views.py", line 475, in handle_exception
    self.raise_uncaught_exception(exc)
    ~~~~~~~~~~~~~~~~~~~~~~~~~~~~~^^^^^
  File "C:\Users\urjii\OneDrive\Desktop\project\integrated-web-app\venv\Lib\site-packages\rest_framework\views.py", line 486, in raise_uncaught_exception
    raise exc
  File "C:\Users\urjii\OneDrive\Desktop\project\integrated-web-app\venv\Lib\site-packages\rest_framework\views.py", line 512, in dispatch
    response = handler(request, *args, **kwargs)
  File "C:\Users\urjii\OneDrive\Desktop\project\integrated-web-app\Groupforum\views.py", line 39, in accept
    return Response({
           ^^^^^^^^
NameError: name 'Response' is not defined
2025-05-12 15:44:53,008 - ERROR - Internal Server Error: /api/forum/answers/8/upvote/
Traceback (most recent call last):
  File "C:\Users\urjii\OneDrive\Desktop\project\integrated-web-app\venv\Lib\site-packages\django\core\handlers\exception.py", line 55, in inner
    response = get_response(request)
  File "C:\Users\urjii\OneDrive\Desktop\project\integrated-web-app\venv\Lib\site-packages\django\core\handlers\base.py", line 197, in _get_response
    response = wrapped_callback(request, *callback_args, **callback_kwargs)
  File "C:\Users\urjii\OneDrive\Desktop\project\integrated-web-app\venv\Lib\site-packages\django\views\decorators\csrf.py", line 65, in _view_wrapper
    return view_func(request, *args, **kwargs)
  File "C:\Users\urjii\OneDrive\Desktop\project\integrated-web-app\venv\Lib\site-packages\rest_framework\viewsets.py", line 125, in view
    return self.dispatch(request, *args, **kwargs)
           ~~~~~~~~~~~~~^^^^^^^^^^^^^^^^^^^^^^^^^^
  File "C:\Users\urjii\OneDrive\Desktop\project\integrated-web-app\venv\Lib\site-packages\rest_framework\views.py", line 515, in dispatch
    response = self.handle_exception(exc)
  File "C:\Users\urjii\OneDrive\Desktop\project\integrated-web-app\venv\Lib\site-packages\rest_framework\views.py", line 475, in handle_exception
    self.raise_uncaught_exception(exc)
    ~~~~~~~~~~~~~~~~~~~~~~~~~~~~~^^^^^
  File "C:\Users\urjii\OneDrive\Desktop\project\integrated-web-app\venv\Lib\site-packages\rest_framework\views.py", line 486, in raise_uncaught_exception
    raise exc
  File "C:\Users\urjii\OneDrive\Desktop\project\integrated-web-app\venv\Lib\site-packages\rest_framework\views.py", line 512, in dispatch
    response = handler(request, *args, **kwargs)
  File "C:\Users\urjii\OneDrive\Desktop\project\integrated-web-app\Groupforum\views.py", line 50, in upvote
    return Response({'status': 'upvoted', 'new_count': answer.upvotes})
           ^^^^^^^^
NameError: name 'Response' is not defined
2025-05-12 15:44:53,945 - ERROR - Internal Server Error: /api/forum/answers/8/downvote/
Traceback (most recent call last):
  File "C:\Users\urjii\OneDrive\Desktop\project\integrated-web-app\venv\Lib\site-packages\django\core\handlers\exception.py", line 55, in inner
    response = get_response(request)
  File "C:\Users\urjii\OneDrive\Desktop\project\integrated-web-app\venv\Lib\site-packages\django\core\handlers\base.py", line 197, in _get_response
    response = wrapped_callback(request, *callback_args, **callback_kwargs)
  File "C:\Users\urjii\OneDrive\Desktop\project\integrated-web-app\venv\Lib\site-packages\django\views\decorators\csrf.py", line 65, in _view_wrapper
    return view_func(request, *args, **kwargs)
  File "C:\Users\urjii\OneDrive\Desktop\project\integrated-web-app\venv\Lib\site-packages\rest_framework\viewsets.py", line 125, in view
    return self.dispatch(request, *args, **kwargs)
           ~~~~~~~~~~~~~^^^^^^^^^^^^^^^^^^^^^^^^^^
  File "C:\Users\urjii\OneDrive\Desktop\project\integrated-web-app\venv\Lib\site-packages\rest_framework\views.py", line 515, in dispatch
    response = self.handle_exception(exc)
  File "C:\Users\urjii\OneDrive\Desktop\project\integrated-web-app\venv\Lib\site-packages\rest_framework\views.py", line 475, in handle_exception
    self.raise_uncaught_exception(exc)
    ~~~~~~~~~~~~~~~~~~~~~~~~~~~~~^^^^^
  File "C:\Users\urjii\OneDrive\Desktop\project\integrated-web-app\venv\Lib\site-packages\rest_framework\views.py", line 486, in raise_uncaught_exception
    raise exc
  File "C:\Users\urjii\OneDrive\Desktop\project\integrated-web-app\venv\Lib\site-packages\rest_framework\views.py", line 512, in dispatch
    response = handler(request, *args, **kwargs)
  File "C:\Users\urjii\OneDrive\Desktop\project\integrated-web-app\Groupforum\views.py", line 57, in downvote
    return Response({'status': 'downvoted', 'new_count': answer.downvotes})
           ^^^^^^^^
NameError: name 'Response' is not defined
2025-05-12 15:44:54,625 - ERROR - Internal Server Error: /api/forum/answers/8/upvote/
Traceback (most recent call last):
  File "C:\Users\urjii\OneDrive\Desktop\project\integrated-web-app\venv\Lib\site-packages\django\core\handlers\exception.py", line 55, in inner
    response = get_response(request)
  File "C:\Users\urjii\OneDrive\Desktop\project\integrated-web-app\venv\Lib\site-packages\django\core\handlers\base.py", line 197, in _get_response
    response = wrapped_callback(request, *callback_args, **callback_kwargs)
  File "C:\Users\urjii\OneDrive\Desktop\project\integrated-web-app\venv\Lib\site-packages\django\views\decorators\csrf.py", line 65, in _view_wrapper
    return view_func(request, *args, **kwargs)
  File "C:\Users\urjii\OneDrive\Desktop\project\integrated-web-app\venv\Lib\site-packages\rest_framework\viewsets.py", line 125, in view
    return self.dispatch(request, *args, **kwargs)
           ~~~~~~~~~~~~~^^^^^^^^^^^^^^^^^^^^^^^^^^
  File "C:\Users\urjii\OneDrive\Desktop\project\integrated-web-app\venv\Lib\site-packages\rest_framework\views.py", line 515, in dispatch
    response = self.handle_exception(exc)
  File "C:\Users\urjii\OneDrive\Desktop\project\integrated-web-app\venv\Lib\site-packages\rest_framework\views.py", line 475, in handle_exception
    self.raise_uncaught_exception(exc)
    ~~~~~~~~~~~~~~~~~~~~~~~~~~~~~^^^^^
  File "C:\Users\urjii\OneDrive\Desktop\project\integrated-web-app\venv\Lib\site-packages\rest_framework\views.py", line 486, in raise_uncaught_exception
    raise exc
  File "C:\Users\urjii\OneDrive\Desktop\project\integrated-web-app\venv\Lib\site-packages\rest_framework\views.py", line 512, in dispatch
    response = handler(request, *args, **kwargs)
  File "C:\Users\urjii\OneDrive\Desktop\project\integrated-web-app\Groupforum\views.py", line 50, in upvote
    return Response({'status': 'upvoted', 'new_count': answer.upvotes})
           ^^^^^^^^
NameError: name 'Response' is not defined
2025-05-12 15:45:26,024 - ERROR - Internal Server Error: /api/forum/answers/7/accept/
Traceback (most recent call last):
  File "C:\Users\urjii\OneDrive\Desktop\project\integrated-web-app\venv\Lib\site-packages\django\core\handlers\exception.py", line 55, in inner
    response = get_response(request)
  File "C:\Users\urjii\OneDrive\Desktop\project\integrated-web-app\venv\Lib\site-packages\django\core\handlers\base.py", line 197, in _get_response
    response = wrapped_callback(request, *callback_args, **callback_kwargs)
  File "C:\Users\urjii\OneDrive\Desktop\project\integrated-web-app\venv\Lib\site-packages\django\views\decorators\csrf.py", line 65, in _view_wrapper
    return view_func(request, *args, **kwargs)
  File "C:\Users\urjii\OneDrive\Desktop\project\integrated-web-app\venv\Lib\site-packages\rest_framework\viewsets.py", line 125, in view
    return self.dispatch(request, *args, **kwargs)
           ~~~~~~~~~~~~~^^^^^^^^^^^^^^^^^^^^^^^^^^
  File "C:\Users\urjii\OneDrive\Desktop\project\integrated-web-app\venv\Lib\site-packages\rest_framework\views.py", line 515, in dispatch
    response = self.handle_exception(exc)
  File "C:\Users\urjii\OneDrive\Desktop\project\integrated-web-app\venv\Lib\site-packages\rest_framework\views.py", line 475, in handle_exception
    self.raise_uncaught_exception(exc)
    ~~~~~~~~~~~~~~~~~~~~~~~~~~~~~^^^^^
  File "C:\Users\urjii\OneDrive\Desktop\project\integrated-web-app\venv\Lib\site-packages\rest_framework\views.py", line 486, in raise_uncaught_exception
    raise exc
  File "C:\Users\urjii\OneDrive\Desktop\project\integrated-web-app\venv\Lib\site-packages\rest_framework\views.py", line 512, in dispatch
    response = handler(request, *args, **kwargs)
  File "C:\Users\urjii\OneDrive\Desktop\project\integrated-web-app\Groupforum\views.py", line 39, in accept
    return Response({
           ^^^^^^^^
NameError: name 'Response' is not defined
2025-05-12 16:44:07,742 - WARNING - Not Found: /ws/notifications/
2025-05-12 16:44:07,847 - WARNING - Not Found: /ws/notifications/
2025-05-12 16:45:52,390 - ERROR - Internal Server Error: /api/forum/answers/11/accept/
Traceback (most recent call last):
  File "C:\Users\urjii\OneDrive\Desktop\project\integrated-web-app\venv\Lib\site-packages\django\core\handlers\exception.py", line 55, in inner
    response = get_response(request)
  File "C:\Users\urjii\OneDrive\Desktop\project\integrated-web-app\venv\Lib\site-packages\django\core\handlers\base.py", line 197, in _get_response
    response = wrapped_callback(request, *callback_args, **callback_kwargs)
  File "C:\Users\urjii\OneDrive\Desktop\project\integrated-web-app\venv\Lib\site-packages\django\views\decorators\csrf.py", line 65, in _view_wrapper
    return view_func(request, *args, **kwargs)
  File "C:\Users\urjii\OneDrive\Desktop\project\integrated-web-app\venv\Lib\site-packages\rest_framework\viewsets.py", line 125, in view
    return self.dispatch(request, *args, **kwargs)
           ~~~~~~~~~~~~~^^^^^^^^^^^^^^^^^^^^^^^^^^
  File "C:\Users\urjii\OneDrive\Desktop\project\integrated-web-app\venv\Lib\site-packages\rest_framework\views.py", line 515, in dispatch
    response = self.handle_exception(exc)
  File "C:\Users\urjii\OneDrive\Desktop\project\integrated-web-app\venv\Lib\site-packages\rest_framework\views.py", line 475, in handle_exception
    self.raise_uncaught_exception(exc)
    ~~~~~~~~~~~~~~~~~~~~~~~~~~~~~^^^^^
  File "C:\Users\urjii\OneDrive\Desktop\project\integrated-web-app\venv\Lib\site-packages\rest_framework\views.py", line 486, in raise_uncaught_exception
    raise exc
  File "C:\Users\urjii\OneDrive\Desktop\project\integrated-web-app\venv\Lib\site-packages\rest_framework\views.py", line 512, in dispatch
    response = handler(request, *args, **kwargs)
  File "C:\Users\urjii\OneDrive\Desktop\project\integrated-web-app\Groupforum\views.py", line 39, in accept
    return Response({
           ^^^^^^^^
NameError: name 'Response' is not defined
2025-05-12 16:45:53,738 - ERROR - Internal Server Error: /api/forum/answers/12/accept/
Traceback (most recent call last):
  File "C:\Users\urjii\OneDrive\Desktop\project\integrated-web-app\venv\Lib\site-packages\django\core\handlers\exception.py", line 55, in inner
    response = get_response(request)
  File "C:\Users\urjii\OneDrive\Desktop\project\integrated-web-app\venv\Lib\site-packages\django\core\handlers\base.py", line 197, in _get_response
    response = wrapped_callback(request, *callback_args, **callback_kwargs)
  File "C:\Users\urjii\OneDrive\Desktop\project\integrated-web-app\venv\Lib\site-packages\django\views\decorators\csrf.py", line 65, in _view_wrapper
    return view_func(request, *args, **kwargs)
  File "C:\Users\urjii\OneDrive\Desktop\project\integrated-web-app\venv\Lib\site-packages\rest_framework\viewsets.py", line 125, in view
    return self.dispatch(request, *args, **kwargs)
           ~~~~~~~~~~~~~^^^^^^^^^^^^^^^^^^^^^^^^^^
  File "C:\Users\urjii\OneDrive\Desktop\project\integrated-web-app\venv\Lib\site-packages\rest_framework\views.py", line 515, in dispatch
    response = self.handle_exception(exc)
  File "C:\Users\urjii\OneDrive\Desktop\project\integrated-web-app\venv\Lib\site-packages\rest_framework\views.py", line 475, in handle_exception
    self.raise_uncaught_exception(exc)
    ~~~~~~~~~~~~~~~~~~~~~~~~~~~~~^^^^^
  File "C:\Users\urjii\OneDrive\Desktop\project\integrated-web-app\venv\Lib\site-packages\rest_framework\views.py", line 486, in raise_uncaught_exception
    raise exc
  File "C:\Users\urjii\OneDrive\Desktop\project\integrated-web-app\venv\Lib\site-packages\rest_framework\views.py", line 512, in dispatch
    response = handler(request, *args, **kwargs)
  File "C:\Users\urjii\OneDrive\Desktop\project\integrated-web-app\Groupforum\views.py", line 39, in accept
    return Response({
           ^^^^^^^^
NameError: name 'Response' is not defined
2025-05-12 16:51:57,380 - INFO - C:\Users\urjii\OneDrive\Desktop\project\integrated-web-app\Groupforum\views.py changed, reloading.
2025-05-12 16:53:04,845 - INFO - Load pretrained SentenceTransformer: sentence-transformers/all-MiniLM-L6-v2
2025-05-12 16:53:09,063 - INFO - Embeddings initialized successfully
2025-05-12 16:53:14,857 - INFO - Loaded: knowledge_base\ASTUlegislation2017.pdf
2025-05-12 16:53:25,506 - INFO - Loaded: knowledge_base\Course_catalogue_Final.pdf
2025-05-12 16:53:25,879 - INFO - Loaded: knowledge_base\PEOs_and_POs_ASTUs_Programs.pdf
2025-05-12 16:53:27,673 - INFO - Loaded: knowledge_base\Program_Accreditations.pdf
2025-05-12 16:55:37,418 - INFO - Loading faiss with AVX2 support.
2025-05-12 16:55:37,605 - INFO - Successfully loaded faiss with AVX2 support.
2025-05-12 16:55:37,660 - INFO - Failed to load GPU Faiss: name 'GpuIndexIVFFlat' is not defined. Will not load constructor refs for GPU indexes.
2025-05-12 16:55:38,742 - INFO - Loaded 1970 chunks from 853 documents
2025-05-12 16:55:38,755 - INFO - File watcher initialized
2025-05-12 16:57:34,830 - WARNING - Not Found: /ws/notifications/
2025-05-12 17:24:28,768 - WARNING - Not Found: /ws/notifications/
2025-05-12 17:52:29,367 - WARNING - Not Found: /ws/notifications/
2025-05-12 17:53:04,705 - WARNING - Not Found: /ws/notifications/
2025-05-12 18:16:34,987 - INFO - C:\Users\urjii\OneDrive\Desktop\project\integrated-web-app\Groupforum\views.py changed, reloading.
2025-05-12 18:16:44,278 - INFO - Load pretrained SentenceTransformer: sentence-transformers/all-MiniLM-L6-v2
2025-05-12 18:16:47,582 - INFO - Embeddings initialized successfully
2025-05-12 18:16:51,891 - INFO - Loaded: knowledge_base\ASTUlegislation2017.pdf
2025-05-12 18:16:56,650 - INFO - Loaded: knowledge_base\Course_catalogue_Final.pdf
2025-05-12 18:16:56,884 - INFO - Loaded: knowledge_base\PEOs_and_POs_ASTUs_Programs.pdf
2025-05-12 18:16:57,119 - INFO - Loaded: knowledge_base\Program_Accreditations.pdf
2025-05-12 18:17:56,591 - INFO - Loading faiss with AVX2 support.
2025-05-12 18:17:56,633 - INFO - Successfully loaded faiss with AVX2 support.
2025-05-12 18:17:56,648 - INFO - Failed to load GPU Faiss: name 'GpuIndexIVFFlat' is not defined. Will not load constructor refs for GPU indexes.
2025-05-12 18:17:56,855 - INFO - Loaded 1970 chunks from 853 documents
2025-05-12 18:17:56,858 - INFO - File watcher initialized
2025-05-12 18:20:35,416 - WARNING - Not Found: /ws/notifications/
2025-05-12 18:20:44,099 - WARNING - Not Found: /ws/notifications/
2025-05-12 18:38:23,637 - INFO - C:\Users\urjii\OneDrive\Desktop\project\integrated-web-app\Groupforum\views.py changed, reloading.
2025-05-12 18:38:32,456 - INFO - Load pretrained SentenceTransformer: sentence-transformers/all-MiniLM-L6-v2
2025-05-12 18:38:36,420 - INFO - Embeddings initialized successfully
2025-05-12 18:38:47,597 - INFO - Loaded: knowledge_base\ASTUlegislation2017.pdf
2025-05-12 18:38:53,119 - INFO - Loaded: knowledge_base\Course_catalogue_Final.pdf
2025-05-12 18:38:53,335 - INFO - Loaded: knowledge_base\PEOs_and_POs_ASTUs_Programs.pdf
2025-05-12 18:38:53,575 - INFO - Loaded: knowledge_base\Program_Accreditations.pdf
2025-05-12 18:40:04,542 - INFO - Loading faiss with AVX2 support.
2025-05-12 18:40:04,575 - INFO - Successfully loaded faiss with AVX2 support.
2025-05-12 18:40:04,582 - INFO - Failed to load GPU Faiss: name 'GpuIndexIVFFlat' is not defined. Will not load constructor refs for GPU indexes.
2025-05-12 18:40:04,827 - INFO - Loaded 1970 chunks from 853 documents
2025-05-12 18:40:04,830 - INFO - File watcher initialized
2025-05-12 18:40:31,029 - INFO - C:\Users\urjii\OneDrive\Desktop\project\integrated-web-app\Groupforum\models.py changed, reloading.
2025-05-12 18:40:39,527 - INFO - Load pretrained SentenceTransformer: sentence-transformers/all-MiniLM-L6-v2
2025-05-12 18:40:42,942 - INFO - Embeddings initialized successfully
2025-05-12 18:40:47,709 - INFO - Loaded: knowledge_base\ASTUlegislation2017.pdf
2025-05-12 18:40:52,778 - INFO - Loaded: knowledge_base\Course_catalogue_Final.pdf
2025-05-12 18:40:52,999 - INFO - Loaded: knowledge_base\PEOs_and_POs_ASTUs_Programs.pdf
2025-05-12 18:40:53,225 - INFO - Loaded: knowledge_base\Program_Accreditations.pdf
2025-05-12 18:42:12,904 - INFO - Loading faiss with AVX2 support.
2025-05-12 18:42:12,939 - INFO - Successfully loaded faiss with AVX2 support.
2025-05-12 18:42:12,952 - INFO - Failed to load GPU Faiss: name 'GpuIndexIVFFlat' is not defined. Will not load constructor refs for GPU indexes.
2025-05-12 18:42:13,116 - INFO - Loaded 1970 chunks from 853 documents
2025-05-12 18:42:13,118 - INFO - File watcher initialized
2025-05-12 18:56:39,540 - INFO - C:\Users\urjii\OneDrive\Desktop\project\integrated-web-app\Groupforum\models.py changed, reloading.
2025-05-12 18:56:48,047 - INFO - Load pretrained SentenceTransformer: sentence-transformers/all-MiniLM-L6-v2
2025-05-12 18:56:51,285 - INFO - Embeddings initialized successfully
2025-05-12 18:56:55,658 - INFO - Loaded: knowledge_base\ASTUlegislation2017.pdf
2025-05-12 18:57:00,606 - INFO - Loaded: knowledge_base\Course_catalogue_Final.pdf
2025-05-12 18:57:00,831 - INFO - Loaded: knowledge_base\PEOs_and_POs_ASTUs_Programs.pdf
2025-05-12 18:57:01,095 - INFO - Loaded: knowledge_base\Program_Accreditations.pdf
2025-05-12 18:58:13,300 - INFO - Loading faiss with AVX2 support.
2025-05-12 18:58:13,327 - INFO - Successfully loaded faiss with AVX2 support.
2025-05-12 18:58:13,335 - INFO - Failed to load GPU Faiss: name 'GpuIndexIVFFlat' is not defined. Will not load constructor refs for GPU indexes.
2025-05-12 18:58:13,482 - INFO - Loaded 1970 chunks from 853 documents
2025-05-12 18:58:13,485 - INFO - File watcher initialized
2025-05-12 18:58:21,636 - WARNING - Not Found: /ws/notifications/
2025-05-12 18:58:22,079 - ERROR - Internal Server Error: /api/forum/comments/
Traceback (most recent call last):
  File "C:\Users\urjii\OneDrive\Desktop\project\integrated-web-app\venv\Lib\site-packages\django\db\backends\utils.py", line 105, in _execute
    return self.cursor.execute(sql, params)
           ~~~~~~~~~~~~~~~~~~~^^^^^^^^^^^^^
psycopg2.errors.UndefinedColumn: column Groupforum_comment.parent_comment_id does not exist
LINE 1: ...created_at", "Groupforum_comment"."anonymous_id", "Groupforu...
                                                             ^


The above exception was the direct cause of the following exception:

Traceback (most recent call last):
  File "C:\Users\urjii\OneDrive\Desktop\project\integrated-web-app\venv\Lib\site-packages\django\core\handlers\exception.py", line 55, in inner
    response = get_response(request)
  File "C:\Users\urjii\OneDrive\Desktop\project\integrated-web-app\venv\Lib\site-packages\django\core\handlers\base.py", line 197, in _get_response
    response = wrapped_callback(request, *callback_args, **callback_kwargs)
  File "C:\Users\urjii\OneDrive\Desktop\project\integrated-web-app\venv\Lib\site-packages\django\views\decorators\csrf.py", line 65, in _view_wrapper
    return view_func(request, *args, **kwargs)
  File "C:\Users\urjii\OneDrive\Desktop\project\integrated-web-app\venv\Lib\site-packages\rest_framework\viewsets.py", line 125, in view
    return self.dispatch(request, *args, **kwargs)
           ~~~~~~~~~~~~~^^^^^^^^^^^^^^^^^^^^^^^^^^
  File "C:\Users\urjii\OneDrive\Desktop\project\integrated-web-app\venv\Lib\site-packages\rest_framework\views.py", line 515, in dispatch
    response = self.handle_exception(exc)
  File "C:\Users\urjii\OneDrive\Desktop\project\integrated-web-app\venv\Lib\site-packages\rest_framework\views.py", line 475, in handle_exception
    self.raise_uncaught_exception(exc)
    ~~~~~~~~~~~~~~~~~~~~~~~~~~~~~^^^^^
  File "C:\Users\urjii\OneDrive\Desktop\project\integrated-web-app\venv\Lib\site-packages\rest_framework\views.py", line 486, in raise_uncaught_exception
    raise exc
  File "C:\Users\urjii\OneDrive\Desktop\project\integrated-web-app\venv\Lib\site-packages\rest_framework\views.py", line 512, in dispatch
    response = handler(request, *args, **kwargs)
  File "C:\Users\urjii\OneDrive\Desktop\project\integrated-web-app\venv\Lib\site-packages\rest_framework\mixins.py", line 46, in list
    return Response(serializer.data)
                    ^^^^^^^^^^^^^^^
  File "C:\Users\urjii\OneDrive\Desktop\project\integrated-web-app\venv\Lib\site-packages\rest_framework\serializers.py", line 797, in data
    ret = super().data
          ^^^^^^^^^^^^
  File "C:\Users\urjii\OneDrive\Desktop\project\integrated-web-app\venv\Lib\site-packages\rest_framework\serializers.py", line 251, in data
    self._data = self.to_representation(self.instance)
                 ~~~~~~~~~~~~~~~~~~~~~~^^^^^^^^^^^^^^^
  File "C:\Users\urjii\OneDrive\Desktop\project\integrated-web-app\venv\Lib\site-packages\rest_framework\serializers.py", line 716, in to_representation
    self.child.to_representation(item) for item in iterable
                                                   ^^^^^^^^
  File "C:\Users\urjii\OneDrive\Desktop\project\integrated-web-app\venv\Lib\site-packages\django\db\models\query.py", line 384, in __iter__
    self._fetch_all()
    ~~~~~~~~~~~~~~~^^
  File "C:\Users\urjii\OneDrive\Desktop\project\integrated-web-app\venv\Lib\site-packages\django\db\models\query.py", line 1935, in _fetch_all
    self._result_cache = list(self._iterable_class(self))
                         ~~~~^^^^^^^^^^^^^^^^^^^^^^^^^^^^
  File "C:\Users\urjii\OneDrive\Desktop\project\integrated-web-app\venv\Lib\site-packages\django\db\models\query.py", line 91, in __iter__
    results = compiler.execute_sql(
        chunked_fetch=self.chunked_fetch, chunk_size=self.chunk_size
    )
  File "C:\Users\urjii\OneDrive\Desktop\project\integrated-web-app\venv\Lib\site-packages\django\db\models\sql\compiler.py", line 1622, in execute_sql
    cursor.execute(sql, params)
    ~~~~~~~~~~~~~~^^^^^^^^^^^^^
  File "C:\Users\urjii\OneDrive\Desktop\project\integrated-web-app\venv\Lib\site-packages\django\db\backends\utils.py", line 122, in execute
    return super().execute(sql, params)
           ~~~~~~~~~~~~~~~^^^^^^^^^^^^^
  File "C:\Users\urjii\OneDrive\Desktop\project\integrated-web-app\venv\Lib\site-packages\django\db\backends\utils.py", line 79, in execute
    return self._execute_with_wrappers(
           ~~~~~~~~~~~~~~~~~~~~~~~~~~~^
        sql, params, many=False, executor=self._execute
        ^^^^^^^^^^^^^^^^^^^^^^^^^^^^^^^^^^^^^^^^^^^^^^^
    )
    ^
  File "C:\Users\urjii\OneDrive\Desktop\project\integrated-web-app\venv\Lib\site-packages\django\db\backends\utils.py", line 92, in _execute_with_wrappers
    return executor(sql, params, many, context)
  File "C:\Users\urjii\OneDrive\Desktop\project\integrated-web-app\venv\Lib\site-packages\django\db\backends\utils.py", line 100, in _execute
    with self.db.wrap_database_errors:
         ^^^^^^^^^^^^^^^^^^^^^^^^^^^^
  File "C:\Users\urjii\OneDrive\Desktop\project\integrated-web-app\venv\Lib\site-packages\django\db\utils.py", line 91, in __exit__
    raise dj_exc_value.with_traceback(traceback) from exc_value
  File "C:\Users\urjii\OneDrive\Desktop\project\integrated-web-app\venv\Lib\site-packages\django\db\backends\utils.py", line 105, in _execute
    return self.cursor.execute(sql, params)
           ~~~~~~~~~~~~~~~~~~~^^^^^^^^^^^^^
django.db.utils.ProgrammingError: column Groupforum_comment.parent_comment_id does not exist
LINE 1: ...created_at", "Groupforum_comment"."anonymous_id", "Groupforu...
                                                             ^

2025-05-12 18:58:22,236 - ERROR - Internal Server Error: /api/forum/comments/
Traceback (most recent call last):
  File "C:\Users\urjii\OneDrive\Desktop\project\integrated-web-app\venv\Lib\site-packages\django\db\backends\utils.py", line 105, in _execute
    return self.cursor.execute(sql, params)
           ~~~~~~~~~~~~~~~~~~~^^^^^^^^^^^^^
psycopg2.errors.UndefinedColumn: column Groupforum_comment.parent_comment_id does not exist
LINE 1: ...created_at", "Groupforum_comment"."anonymous_id", "Groupforu...
                                                             ^


The above exception was the direct cause of the following exception:

Traceback (most recent call last):
  File "C:\Users\urjii\OneDrive\Desktop\project\integrated-web-app\venv\Lib\site-packages\django\core\handlers\exception.py", line 55, in inner
    response = get_response(request)
  File "C:\Users\urjii\OneDrive\Desktop\project\integrated-web-app\venv\Lib\site-packages\django\core\handlers\base.py", line 197, in _get_response
    response = wrapped_callback(request, *callback_args, **callback_kwargs)
  File "C:\Users\urjii\OneDrive\Desktop\project\integrated-web-app\venv\Lib\site-packages\django\views\decorators\csrf.py", line 65, in _view_wrapper
    return view_func(request, *args, **kwargs)
  File "C:\Users\urjii\OneDrive\Desktop\project\integrated-web-app\venv\Lib\site-packages\rest_framework\viewsets.py", line 125, in view
    return self.dispatch(request, *args, **kwargs)
           ~~~~~~~~~~~~~^^^^^^^^^^^^^^^^^^^^^^^^^^
  File "C:\Users\urjii\OneDrive\Desktop\project\integrated-web-app\venv\Lib\site-packages\rest_framework\views.py", line 515, in dispatch
    response = self.handle_exception(exc)
  File "C:\Users\urjii\OneDrive\Desktop\project\integrated-web-app\venv\Lib\site-packages\rest_framework\views.py", line 475, in handle_exception
    self.raise_uncaught_exception(exc)
    ~~~~~~~~~~~~~~~~~~~~~~~~~~~~~^^^^^
  File "C:\Users\urjii\OneDrive\Desktop\project\integrated-web-app\venv\Lib\site-packages\rest_framework\views.py", line 486, in raise_uncaught_exception
    raise exc
  File "C:\Users\urjii\OneDrive\Desktop\project\integrated-web-app\venv\Lib\site-packages\rest_framework\views.py", line 512, in dispatch
    response = handler(request, *args, **kwargs)
  File "C:\Users\urjii\OneDrive\Desktop\project\integrated-web-app\venv\Lib\site-packages\rest_framework\mixins.py", line 46, in list
    return Response(serializer.data)
                    ^^^^^^^^^^^^^^^
  File "C:\Users\urjii\OneDrive\Desktop\project\integrated-web-app\venv\Lib\site-packages\rest_framework\serializers.py", line 797, in data
    ret = super().data
          ^^^^^^^^^^^^
  File "C:\Users\urjii\OneDrive\Desktop\project\integrated-web-app\venv\Lib\site-packages\rest_framework\serializers.py", line 251, in data
    self._data = self.to_representation(self.instance)
                 ~~~~~~~~~~~~~~~~~~~~~~^^^^^^^^^^^^^^^
  File "C:\Users\urjii\OneDrive\Desktop\project\integrated-web-app\venv\Lib\site-packages\rest_framework\serializers.py", line 716, in to_representation
    self.child.to_representation(item) for item in iterable
                                                   ^^^^^^^^
  File "C:\Users\urjii\OneDrive\Desktop\project\integrated-web-app\venv\Lib\site-packages\django\db\models\query.py", line 384, in __iter__
    self._fetch_all()
    ~~~~~~~~~~~~~~~^^
  File "C:\Users\urjii\OneDrive\Desktop\project\integrated-web-app\venv\Lib\site-packages\django\db\models\query.py", line 1935, in _fetch_all
    self._result_cache = list(self._iterable_class(self))
                         ~~~~^^^^^^^^^^^^^^^^^^^^^^^^^^^^
  File "C:\Users\urjii\OneDrive\Desktop\project\integrated-web-app\venv\Lib\site-packages\django\db\models\query.py", line 91, in __iter__
    results = compiler.execute_sql(
        chunked_fetch=self.chunked_fetch, chunk_size=self.chunk_size
    )
  File "C:\Users\urjii\OneDrive\Desktop\project\integrated-web-app\venv\Lib\site-packages\django\db\models\sql\compiler.py", line 1622, in execute_sql
    cursor.execute(sql, params)
    ~~~~~~~~~~~~~~^^^^^^^^^^^^^
  File "C:\Users\urjii\OneDrive\Desktop\project\integrated-web-app\venv\Lib\site-packages\django\db\backends\utils.py", line 122, in execute
    return super().execute(sql, params)
           ~~~~~~~~~~~~~~~^^^^^^^^^^^^^
  File "C:\Users\urjii\OneDrive\Desktop\project\integrated-web-app\venv\Lib\site-packages\django\db\backends\utils.py", line 79, in execute
    return self._execute_with_wrappers(
           ~~~~~~~~~~~~~~~~~~~~~~~~~~~^
        sql, params, many=False, executor=self._execute
        ^^^^^^^^^^^^^^^^^^^^^^^^^^^^^^^^^^^^^^^^^^^^^^^
    )
    ^
  File "C:\Users\urjii\OneDrive\Desktop\project\integrated-web-app\venv\Lib\site-packages\django\db\backends\utils.py", line 92, in _execute_with_wrappers
    return executor(sql, params, many, context)
  File "C:\Users\urjii\OneDrive\Desktop\project\integrated-web-app\venv\Lib\site-packages\django\db\backends\utils.py", line 100, in _execute
    with self.db.wrap_database_errors:
         ^^^^^^^^^^^^^^^^^^^^^^^^^^^^
  File "C:\Users\urjii\OneDrive\Desktop\project\integrated-web-app\venv\Lib\site-packages\django\db\utils.py", line 91, in __exit__
    raise dj_exc_value.with_traceback(traceback) from exc_value
  File "C:\Users\urjii\OneDrive\Desktop\project\integrated-web-app\venv\Lib\site-packages\django\db\backends\utils.py", line 105, in _execute
    return self.cursor.execute(sql, params)
           ~~~~~~~~~~~~~~~~~~~^^^^^^^^^^^^^
django.db.utils.ProgrammingError: column Groupforum_comment.parent_comment_id does not exist
LINE 1: ...created_at", "Groupforum_comment"."anonymous_id", "Groupforu...
                                                             ^

2025-05-12 19:01:01,126 - INFO - Load pretrained SentenceTransformer: sentence-transformers/all-MiniLM-L6-v2
2025-05-12 19:01:05,016 - INFO - Embeddings initialized successfully
2025-05-12 19:01:09,008 - INFO - Loaded: knowledge_base\ASTUlegislation2017.pdf
2025-05-12 19:01:13,639 - INFO - Loaded: knowledge_base\Course_catalogue_Final.pdf
2025-05-12 19:01:13,858 - INFO - Loaded: knowledge_base\PEOs_and_POs_ASTUs_Programs.pdf
2025-05-12 19:01:14,080 - INFO - Loaded: knowledge_base\Program_Accreditations.pdf
2025-05-12 19:02:04,257 - INFO - Loading faiss with AVX2 support.
2025-05-12 19:02:04,285 - INFO - Successfully loaded faiss with AVX2 support.
2025-05-12 19:02:04,291 - INFO - Failed to load GPU Faiss: name 'GpuIndexIVFFlat' is not defined. Will not load constructor refs for GPU indexes.
2025-05-12 19:02:04,430 - INFO - Loaded 1970 chunks from 853 documents
2025-05-12 19:02:04,433 - INFO - File watcher initialized
2025-05-12 19:02:27,415 - INFO - Load pretrained SentenceTransformer: sentence-transformers/all-MiniLM-L6-v2
2025-05-12 19:02:30,934 - INFO - Embeddings initialized successfully
2025-05-12 19:02:34,987 - INFO - Loaded: knowledge_base\ASTUlegislation2017.pdf
2025-05-12 19:02:39,570 - INFO - Loaded: knowledge_base\Course_catalogue_Final.pdf
2025-05-12 19:02:39,786 - INFO - Loaded: knowledge_base\PEOs_and_POs_ASTUs_Programs.pdf
2025-05-12 19:02:40,007 - INFO - Loaded: knowledge_base\Program_Accreditations.pdf
2025-05-12 19:03:40,289 - INFO - Loading faiss with AVX2 support.
2025-05-12 19:03:40,317 - INFO - Successfully loaded faiss with AVX2 support.
2025-05-12 19:03:40,325 - INFO - Failed to load GPU Faiss: name 'GpuIndexIVFFlat' is not defined. Will not load constructor refs for GPU indexes.
2025-05-12 19:03:40,476 - INFO - Loaded 1970 chunks from 853 documents
2025-05-12 19:03:40,479 - INFO - File watcher initialized
2025-05-12 19:04:01,409 - INFO - Load pretrained SentenceTransformer: sentence-transformers/all-MiniLM-L6-v2
2025-05-12 19:04:04,748 - INFO - Embeddings initialized successfully
2025-05-12 19:04:08,779 - INFO - Loaded: knowledge_base\ASTUlegislation2017.pdf
2025-05-12 19:04:13,395 - INFO - Loaded: knowledge_base\Course_catalogue_Final.pdf
2025-05-12 19:04:13,607 - INFO - Loaded: knowledge_base\PEOs_and_POs_ASTUs_Programs.pdf
2025-05-12 19:04:13,819 - INFO - Loaded: knowledge_base\Program_Accreditations.pdf
2025-05-12 19:05:14,796 - INFO - Loading faiss with AVX2 support.
2025-05-12 19:05:14,824 - INFO - Successfully loaded faiss with AVX2 support.
2025-05-12 19:05:14,831 - INFO - Failed to load GPU Faiss: name 'GpuIndexIVFFlat' is not defined. Will not load constructor refs for GPU indexes.
2025-05-12 19:05:14,981 - INFO - Loaded 1970 chunks from 853 documents
2025-05-12 19:05:14,983 - INFO - File watcher initialized
2025-05-12 19:05:24,636 - WARNING - Not Found: /ws/notifications/
2025-05-12 19:15:09,817 - WARNING - Not Found: /ws/notifications/
2025-05-12 19:15:14,750 - WARNING - Not Found: /ws/notifications/
2025-05-12 19:16:06,568 - WARNING - Not Found: /ws/notifications/
2025-05-12 19:18:25,519 - WARNING - Not Found: /ws/notifications/
2025-05-12 19:36:09,450 - ERROR - Internal Server Error: /api/forum/comments/
Traceback (most recent call last):
  File "C:\Users\urjii\OneDrive\Desktop\project\integrated-web-app\venv\Lib\site-packages\django\db\backends\utils.py", line 105, in _execute
    return self.cursor.execute(sql, params)
           ~~~~~~~~~~~~~~~~~~~^^^^^^^^^^^^^
psycopg2.errors.NotNullViolation: null value in column "answer_id" of relation "Groupforum_comment" violates not-null constraint
DETAIL:  Failing row contains (2, abcd, 2025-05-12 16:36:09.221748+00, null, null, null).


The above exception was the direct cause of the following exception:

Traceback (most recent call last):
  File "C:\Users\urjii\OneDrive\Desktop\project\integrated-web-app\venv\Lib\site-packages\django\core\handlers\exception.py", line 55, in inner
    response = get_response(request)
  File "C:\Users\urjii\OneDrive\Desktop\project\integrated-web-app\venv\Lib\site-packages\django\core\handlers\base.py", line 197, in _get_response
    response = wrapped_callback(request, *callback_args, **callback_kwargs)
  File "C:\Users\urjii\OneDrive\Desktop\project\integrated-web-app\venv\Lib\site-packages\django\views\decorators\csrf.py", line 65, in _view_wrapper
    return view_func(request, *args, **kwargs)
  File "C:\Users\urjii\OneDrive\Desktop\project\integrated-web-app\venv\Lib\site-packages\rest_framework\viewsets.py", line 125, in view
    return self.dispatch(request, *args, **kwargs)
           ~~~~~~~~~~~~~^^^^^^^^^^^^^^^^^^^^^^^^^^
  File "C:\Users\urjii\OneDrive\Desktop\project\integrated-web-app\venv\Lib\site-packages\rest_framework\views.py", line 515, in dispatch
    response = self.handle_exception(exc)
  File "C:\Users\urjii\OneDrive\Desktop\project\integrated-web-app\venv\Lib\site-packages\rest_framework\views.py", line 475, in handle_exception
    self.raise_uncaught_exception(exc)
    ~~~~~~~~~~~~~~~~~~~~~~~~~~~~~^^^^^
  File "C:\Users\urjii\OneDrive\Desktop\project\integrated-web-app\venv\Lib\site-packages\rest_framework\views.py", line 486, in raise_uncaught_exception
    raise exc
  File "C:\Users\urjii\OneDrive\Desktop\project\integrated-web-app\venv\Lib\site-packages\rest_framework\views.py", line 512, in dispatch
    response = handler(request, *args, **kwargs)
  File "C:\Users\urjii\OneDrive\Desktop\project\integrated-web-app\venv\Lib\site-packages\rest_framework\mixins.py", line 19, in create
    self.perform_create(serializer)
    ~~~~~~~~~~~~~~~~~~~^^^^^^^^^^^^
  File "C:\Users\urjii\OneDrive\Desktop\project\integrated-web-app\venv\Lib\site-packages\rest_framework\mixins.py", line 24, in perform_create
    serializer.save()
    ~~~~~~~~~~~~~~~^^
  File "C:\Users\urjii\OneDrive\Desktop\project\integrated-web-app\venv\Lib\site-packages\rest_framework\serializers.py", line 210, in save
    self.instance = self.create(validated_data)
                    ~~~~~~~~~~~^^^^^^^^^^^^^^^^
  File "C:\Users\urjii\OneDrive\Desktop\project\integrated-web-app\venv\Lib\site-packages\rest_framework\serializers.py", line 991, in create
    instance = ModelClass._default_manager.create(**validated_data)
  File "C:\Users\urjii\OneDrive\Desktop\project\integrated-web-app\venv\Lib\site-packages\django\db\models\manager.py", line 87, in manager_method
    return getattr(self.get_queryset(), name)(*args, **kwargs)
           ~~~~~~~~~~~~~~~~~~~~~~~~~~~~~~~~~~^^^^^^^^^^^^^^^^^
  File "C:\Users\urjii\OneDrive\Desktop\project\integrated-web-app\venv\Lib\site-packages\django\db\models\query.py", line 663, in create
    obj.save(force_insert=True, using=self.db)
    ~~~~~~~~^^^^^^^^^^^^^^^^^^^^^^^^^^^^^^^^^^
  File "C:\Users\urjii\OneDrive\Desktop\project\integrated-web-app\venv\Lib\site-packages\django\db\models\base.py", line 902, in save
    self.save_base(
    ~~~~~~~~~~~~~~^
        using=using,
        ^^^^^^^^^^^^
    ...<2 lines>...
        update_fields=update_fields,
        ^^^^^^^^^^^^^^^^^^^^^^^^^^^^
    )
    ^
  File "C:\Users\urjii\OneDrive\Desktop\project\integrated-web-app\venv\Lib\site-packages\django\db\models\base.py", line 1008, in save_base
    updated = self._save_table(
        raw,
    ...<4 lines>...
        update_fields,
    )
  File "C:\Users\urjii\OneDrive\Desktop\project\integrated-web-app\venv\Lib\site-packages\django\db\models\base.py", line 1169, in _save_table
    results = self._do_insert(
        cls._base_manager, using, fields, returning_fields, raw
    )
  File "C:\Users\urjii\OneDrive\Desktop\project\integrated-web-app\venv\Lib\site-packages\django\db\models\base.py", line 1210, in _do_insert
    return manager._insert(
           ~~~~~~~~~~~~~~~^
        [self],
        ^^^^^^^
    ...<3 lines>...
        raw=raw,
        ^^^^^^^^
    )
    ^
  File "C:\Users\urjii\OneDrive\Desktop\project\integrated-web-app\venv\Lib\site-packages\django\db\models\manager.py", line 87, in manager_method
    return getattr(self.get_queryset(), name)(*args, **kwargs)
           ~~~~~~~~~~~~~~~~~~~~~~~~~~~~~~~~~~^^^^^^^^^^^^^^^^^
  File "C:\Users\urjii\OneDrive\Desktop\project\integrated-web-app\venv\Lib\site-packages\django\db\models\query.py", line 1854, in _insert
    return query.get_compiler(using=using).execute_sql(returning_fields)
           ~~~~~~~~~~~~~~~~~~~~~~~~~~~~~~~~~~~~~~~~~~~^^^^^^^^^^^^^^^^^^
  File "C:\Users\urjii\OneDrive\Desktop\project\integrated-web-app\venv\Lib\site-packages\django\db\models\sql\compiler.py", line 1881, in execute_sql
    cursor.execute(sql, params)
    ~~~~~~~~~~~~~~^^^^^^^^^^^^^
  File "C:\Users\urjii\OneDrive\Desktop\project\integrated-web-app\venv\Lib\site-packages\django\db\backends\utils.py", line 122, in execute
    return super().execute(sql, params)
           ~~~~~~~~~~~~~~~^^^^^^^^^^^^^
  File "C:\Users\urjii\OneDrive\Desktop\project\integrated-web-app\venv\Lib\site-packages\django\db\backends\utils.py", line 79, in execute
    return self._execute_with_wrappers(
           ~~~~~~~~~~~~~~~~~~~~~~~~~~~^
        sql, params, many=False, executor=self._execute
        ^^^^^^^^^^^^^^^^^^^^^^^^^^^^^^^^^^^^^^^^^^^^^^^
    )
    ^
  File "C:\Users\urjii\OneDrive\Desktop\project\integrated-web-app\venv\Lib\site-packages\django\db\backends\utils.py", line 92, in _execute_with_wrappers
    return executor(sql, params, many, context)
  File "C:\Users\urjii\OneDrive\Desktop\project\integrated-web-app\venv\Lib\site-packages\django\db\backends\utils.py", line 100, in _execute
    with self.db.wrap_database_errors:
         ^^^^^^^^^^^^^^^^^^^^^^^^^^^^
  File "C:\Users\urjii\OneDrive\Desktop\project\integrated-web-app\venv\Lib\site-packages\django\db\utils.py", line 91, in __exit__
    raise dj_exc_value.with_traceback(traceback) from exc_value
  File "C:\Users\urjii\OneDrive\Desktop\project\integrated-web-app\venv\Lib\site-packages\django\db\backends\utils.py", line 105, in _execute
    return self.cursor.execute(sql, params)
           ~~~~~~~~~~~~~~~~~~~^^^^^^^^^^^^^
django.db.utils.IntegrityError: null value in column "answer_id" of relation "Groupforum_comment" violates not-null constraint
DETAIL:  Failing row contains (2, abcd, 2025-05-12 16:36:09.221748+00, null, null, null).

2025-05-12 19:36:10,485 - ERROR - Internal Server Error: /api/forum/comments/
Traceback (most recent call last):
  File "C:\Users\urjii\OneDrive\Desktop\project\integrated-web-app\venv\Lib\site-packages\django\db\backends\utils.py", line 105, in _execute
    return self.cursor.execute(sql, params)
           ~~~~~~~~~~~~~~~~~~~^^^^^^^^^^^^^
psycopg2.errors.NotNullViolation: null value in column "answer_id" of relation "Groupforum_comment" violates not-null constraint
DETAIL:  Failing row contains (3, abcd, 2025-05-12 16:36:10.303493+00, null, null, null).


The above exception was the direct cause of the following exception:

Traceback (most recent call last):
  File "C:\Users\urjii\OneDrive\Desktop\project\integrated-web-app\venv\Lib\site-packages\django\core\handlers\exception.py", line 55, in inner
    response = get_response(request)
  File "C:\Users\urjii\OneDrive\Desktop\project\integrated-web-app\venv\Lib\site-packages\django\core\handlers\base.py", line 197, in _get_response
    response = wrapped_callback(request, *callback_args, **callback_kwargs)
  File "C:\Users\urjii\OneDrive\Desktop\project\integrated-web-app\venv\Lib\site-packages\django\views\decorators\csrf.py", line 65, in _view_wrapper
    return view_func(request, *args, **kwargs)
  File "C:\Users\urjii\OneDrive\Desktop\project\integrated-web-app\venv\Lib\site-packages\rest_framework\viewsets.py", line 125, in view
    return self.dispatch(request, *args, **kwargs)
           ~~~~~~~~~~~~~^^^^^^^^^^^^^^^^^^^^^^^^^^
  File "C:\Users\urjii\OneDrive\Desktop\project\integrated-web-app\venv\Lib\site-packages\rest_framework\views.py", line 515, in dispatch
    response = self.handle_exception(exc)
  File "C:\Users\urjii\OneDrive\Desktop\project\integrated-web-app\venv\Lib\site-packages\rest_framework\views.py", line 475, in handle_exception
    self.raise_uncaught_exception(exc)
    ~~~~~~~~~~~~~~~~~~~~~~~~~~~~~^^^^^
  File "C:\Users\urjii\OneDrive\Desktop\project\integrated-web-app\venv\Lib\site-packages\rest_framework\views.py", line 486, in raise_uncaught_exception
    raise exc
  File "C:\Users\urjii\OneDrive\Desktop\project\integrated-web-app\venv\Lib\site-packages\rest_framework\views.py", line 512, in dispatch
    response = handler(request, *args, **kwargs)
  File "C:\Users\urjii\OneDrive\Desktop\project\integrated-web-app\venv\Lib\site-packages\rest_framework\mixins.py", line 19, in create
    self.perform_create(serializer)
    ~~~~~~~~~~~~~~~~~~~^^^^^^^^^^^^
  File "C:\Users\urjii\OneDrive\Desktop\project\integrated-web-app\venv\Lib\site-packages\rest_framework\mixins.py", line 24, in perform_create
    serializer.save()
    ~~~~~~~~~~~~~~~^^
  File "C:\Users\urjii\OneDrive\Desktop\project\integrated-web-app\venv\Lib\site-packages\rest_framework\serializers.py", line 210, in save
    self.instance = self.create(validated_data)
                    ~~~~~~~~~~~^^^^^^^^^^^^^^^^
  File "C:\Users\urjii\OneDrive\Desktop\project\integrated-web-app\venv\Lib\site-packages\rest_framework\serializers.py", line 991, in create
    instance = ModelClass._default_manager.create(**validated_data)
  File "C:\Users\urjii\OneDrive\Desktop\project\integrated-web-app\venv\Lib\site-packages\django\db\models\manager.py", line 87, in manager_method
    return getattr(self.get_queryset(), name)(*args, **kwargs)
           ~~~~~~~~~~~~~~~~~~~~~~~~~~~~~~~~~~^^^^^^^^^^^^^^^^^
  File "C:\Users\urjii\OneDrive\Desktop\project\integrated-web-app\venv\Lib\site-packages\django\db\models\query.py", line 663, in create
    obj.save(force_insert=True, using=self.db)
    ~~~~~~~~^^^^^^^^^^^^^^^^^^^^^^^^^^^^^^^^^^
  File "C:\Users\urjii\OneDrive\Desktop\project\integrated-web-app\venv\Lib\site-packages\django\db\models\base.py", line 902, in save
    self.save_base(
    ~~~~~~~~~~~~~~^
        using=using,
        ^^^^^^^^^^^^
    ...<2 lines>...
        update_fields=update_fields,
        ^^^^^^^^^^^^^^^^^^^^^^^^^^^^
    )
    ^
  File "C:\Users\urjii\OneDrive\Desktop\project\integrated-web-app\venv\Lib\site-packages\django\db\models\base.py", line 1008, in save_base
    updated = self._save_table(
        raw,
    ...<4 lines>...
        update_fields,
    )
  File "C:\Users\urjii\OneDrive\Desktop\project\integrated-web-app\venv\Lib\site-packages\django\db\models\base.py", line 1169, in _save_table
    results = self._do_insert(
        cls._base_manager, using, fields, returning_fields, raw
    )
  File "C:\Users\urjii\OneDrive\Desktop\project\integrated-web-app\venv\Lib\site-packages\django\db\models\base.py", line 1210, in _do_insert
    return manager._insert(
           ~~~~~~~~~~~~~~~^
        [self],
        ^^^^^^^
    ...<3 lines>...
        raw=raw,
        ^^^^^^^^
    )
    ^
  File "C:\Users\urjii\OneDrive\Desktop\project\integrated-web-app\venv\Lib\site-packages\django\db\models\manager.py", line 87, in manager_method
    return getattr(self.get_queryset(), name)(*args, **kwargs)
           ~~~~~~~~~~~~~~~~~~~~~~~~~~~~~~~~~~^^^^^^^^^^^^^^^^^
  File "C:\Users\urjii\OneDrive\Desktop\project\integrated-web-app\venv\Lib\site-packages\django\db\models\query.py", line 1854, in _insert
    return query.get_compiler(using=using).execute_sql(returning_fields)
           ~~~~~~~~~~~~~~~~~~~~~~~~~~~~~~~~~~~~~~~~~~~^^^^^^^^^^^^^^^^^^
  File "C:\Users\urjii\OneDrive\Desktop\project\integrated-web-app\venv\Lib\site-packages\django\db\models\sql\compiler.py", line 1881, in execute_sql
    cursor.execute(sql, params)
    ~~~~~~~~~~~~~~^^^^^^^^^^^^^
  File "C:\Users\urjii\OneDrive\Desktop\project\integrated-web-app\venv\Lib\site-packages\django\db\backends\utils.py", line 122, in execute
    return super().execute(sql, params)
           ~~~~~~~~~~~~~~~^^^^^^^^^^^^^
  File "C:\Users\urjii\OneDrive\Desktop\project\integrated-web-app\venv\Lib\site-packages\django\db\backends\utils.py", line 79, in execute
    return self._execute_with_wrappers(
           ~~~~~~~~~~~~~~~~~~~~~~~~~~~^
        sql, params, many=False, executor=self._execute
        ^^^^^^^^^^^^^^^^^^^^^^^^^^^^^^^^^^^^^^^^^^^^^^^
    )
    ^
  File "C:\Users\urjii\OneDrive\Desktop\project\integrated-web-app\venv\Lib\site-packages\django\db\backends\utils.py", line 92, in _execute_with_wrappers
    return executor(sql, params, many, context)
  File "C:\Users\urjii\OneDrive\Desktop\project\integrated-web-app\venv\Lib\site-packages\django\db\backends\utils.py", line 100, in _execute
    with self.db.wrap_database_errors:
         ^^^^^^^^^^^^^^^^^^^^^^^^^^^^
  File "C:\Users\urjii\OneDrive\Desktop\project\integrated-web-app\venv\Lib\site-packages\django\db\utils.py", line 91, in __exit__
    raise dj_exc_value.with_traceback(traceback) from exc_value
  File "C:\Users\urjii\OneDrive\Desktop\project\integrated-web-app\venv\Lib\site-packages\django\db\backends\utils.py", line 105, in _execute
    return self.cursor.execute(sql, params)
           ~~~~~~~~~~~~~~~~~~~^^^^^^^^^^^^^
django.db.utils.IntegrityError: null value in column "answer_id" of relation "Groupforum_comment" violates not-null constraint
DETAIL:  Failing row contains (3, abcd, 2025-05-12 16:36:10.303493+00, null, null, null).

2025-05-12 19:36:16,384 - ERROR - Internal Server Error: /api/forum/comments/
Traceback (most recent call last):
  File "C:\Users\urjii\OneDrive\Desktop\project\integrated-web-app\venv\Lib\site-packages\django\db\backends\utils.py", line 105, in _execute
    return self.cursor.execute(sql, params)
           ~~~~~~~~~~~~~~~~~~~^^^^^^^^^^^^^
psycopg2.errors.NotNullViolation: null value in column "answer_id" of relation "Groupforum_comment" violates not-null constraint
DETAIL:  Failing row contains (4, abcd, 2025-05-12 16:36:16.19327+00, null, null, null).


The above exception was the direct cause of the following exception:

Traceback (most recent call last):
  File "C:\Users\urjii\OneDrive\Desktop\project\integrated-web-app\venv\Lib\site-packages\django\core\handlers\exception.py", line 55, in inner
    response = get_response(request)
  File "C:\Users\urjii\OneDrive\Desktop\project\integrated-web-app\venv\Lib\site-packages\django\core\handlers\base.py", line 197, in _get_response
    response = wrapped_callback(request, *callback_args, **callback_kwargs)
  File "C:\Users\urjii\OneDrive\Desktop\project\integrated-web-app\venv\Lib\site-packages\django\views\decorators\csrf.py", line 65, in _view_wrapper
    return view_func(request, *args, **kwargs)
  File "C:\Users\urjii\OneDrive\Desktop\project\integrated-web-app\venv\Lib\site-packages\rest_framework\viewsets.py", line 125, in view
    return self.dispatch(request, *args, **kwargs)
           ~~~~~~~~~~~~~^^^^^^^^^^^^^^^^^^^^^^^^^^
  File "C:\Users\urjii\OneDrive\Desktop\project\integrated-web-app\venv\Lib\site-packages\rest_framework\views.py", line 515, in dispatch
    response = self.handle_exception(exc)
  File "C:\Users\urjii\OneDrive\Desktop\project\integrated-web-app\venv\Lib\site-packages\rest_framework\views.py", line 475, in handle_exception
    self.raise_uncaught_exception(exc)
    ~~~~~~~~~~~~~~~~~~~~~~~~~~~~~^^^^^
  File "C:\Users\urjii\OneDrive\Desktop\project\integrated-web-app\venv\Lib\site-packages\rest_framework\views.py", line 486, in raise_uncaught_exception
    raise exc
  File "C:\Users\urjii\OneDrive\Desktop\project\integrated-web-app\venv\Lib\site-packages\rest_framework\views.py", line 512, in dispatch
    response = handler(request, *args, **kwargs)
  File "C:\Users\urjii\OneDrive\Desktop\project\integrated-web-app\venv\Lib\site-packages\rest_framework\mixins.py", line 19, in create
    self.perform_create(serializer)
    ~~~~~~~~~~~~~~~~~~~^^^^^^^^^^^^
  File "C:\Users\urjii\OneDrive\Desktop\project\integrated-web-app\venv\Lib\site-packages\rest_framework\mixins.py", line 24, in perform_create
    serializer.save()
    ~~~~~~~~~~~~~~~^^
  File "C:\Users\urjii\OneDrive\Desktop\project\integrated-web-app\venv\Lib\site-packages\rest_framework\serializers.py", line 210, in save
    self.instance = self.create(validated_data)
                    ~~~~~~~~~~~^^^^^^^^^^^^^^^^
  File "C:\Users\urjii\OneDrive\Desktop\project\integrated-web-app\venv\Lib\site-packages\rest_framework\serializers.py", line 991, in create
    instance = ModelClass._default_manager.create(**validated_data)
  File "C:\Users\urjii\OneDrive\Desktop\project\integrated-web-app\venv\Lib\site-packages\django\db\models\manager.py", line 87, in manager_method
    return getattr(self.get_queryset(), name)(*args, **kwargs)
           ~~~~~~~~~~~~~~~~~~~~~~~~~~~~~~~~~~^^^^^^^^^^^^^^^^^
  File "C:\Users\urjii\OneDrive\Desktop\project\integrated-web-app\venv\Lib\site-packages\django\db\models\query.py", line 663, in create
    obj.save(force_insert=True, using=self.db)
    ~~~~~~~~^^^^^^^^^^^^^^^^^^^^^^^^^^^^^^^^^^
  File "C:\Users\urjii\OneDrive\Desktop\project\integrated-web-app\venv\Lib\site-packages\django\db\models\base.py", line 902, in save
    self.save_base(
    ~~~~~~~~~~~~~~^
        using=using,
        ^^^^^^^^^^^^
    ...<2 lines>...
        update_fields=update_fields,
        ^^^^^^^^^^^^^^^^^^^^^^^^^^^^
    )
    ^
  File "C:\Users\urjii\OneDrive\Desktop\project\integrated-web-app\venv\Lib\site-packages\django\db\models\base.py", line 1008, in save_base
    updated = self._save_table(
        raw,
    ...<4 lines>...
        update_fields,
    )
  File "C:\Users\urjii\OneDrive\Desktop\project\integrated-web-app\venv\Lib\site-packages\django\db\models\base.py", line 1169, in _save_table
    results = self._do_insert(
        cls._base_manager, using, fields, returning_fields, raw
    )
  File "C:\Users\urjii\OneDrive\Desktop\project\integrated-web-app\venv\Lib\site-packages\django\db\models\base.py", line 1210, in _do_insert
    return manager._insert(
           ~~~~~~~~~~~~~~~^
        [self],
        ^^^^^^^
    ...<3 lines>...
        raw=raw,
        ^^^^^^^^
    )
    ^
  File "C:\Users\urjii\OneDrive\Desktop\project\integrated-web-app\venv\Lib\site-packages\django\db\models\manager.py", line 87, in manager_method
    return getattr(self.get_queryset(), name)(*args, **kwargs)
           ~~~~~~~~~~~~~~~~~~~~~~~~~~~~~~~~~~^^^^^^^^^^^^^^^^^
  File "C:\Users\urjii\OneDrive\Desktop\project\integrated-web-app\venv\Lib\site-packages\django\db\models\query.py", line 1854, in _insert
    return query.get_compiler(using=using).execute_sql(returning_fields)
           ~~~~~~~~~~~~~~~~~~~~~~~~~~~~~~~~~~~~~~~~~~~^^^^^^^^^^^^^^^^^^
  File "C:\Users\urjii\OneDrive\Desktop\project\integrated-web-app\venv\Lib\site-packages\django\db\models\sql\compiler.py", line 1881, in execute_sql
    cursor.execute(sql, params)
    ~~~~~~~~~~~~~~^^^^^^^^^^^^^
  File "C:\Users\urjii\OneDrive\Desktop\project\integrated-web-app\venv\Lib\site-packages\django\db\backends\utils.py", line 122, in execute
    return super().execute(sql, params)
           ~~~~~~~~~~~~~~~^^^^^^^^^^^^^
  File "C:\Users\urjii\OneDrive\Desktop\project\integrated-web-app\venv\Lib\site-packages\django\db\backends\utils.py", line 79, in execute
    return self._execute_with_wrappers(
           ~~~~~~~~~~~~~~~~~~~~~~~~~~~^
        sql, params, many=False, executor=self._execute
        ^^^^^^^^^^^^^^^^^^^^^^^^^^^^^^^^^^^^^^^^^^^^^^^
    )
    ^
  File "C:\Users\urjii\OneDrive\Desktop\project\integrated-web-app\venv\Lib\site-packages\django\db\backends\utils.py", line 92, in _execute_with_wrappers
    return executor(sql, params, many, context)
  File "C:\Users\urjii\OneDrive\Desktop\project\integrated-web-app\venv\Lib\site-packages\django\db\backends\utils.py", line 100, in _execute
    with self.db.wrap_database_errors:
         ^^^^^^^^^^^^^^^^^^^^^^^^^^^^
  File "C:\Users\urjii\OneDrive\Desktop\project\integrated-web-app\venv\Lib\site-packages\django\db\utils.py", line 91, in __exit__
    raise dj_exc_value.with_traceback(traceback) from exc_value
  File "C:\Users\urjii\OneDrive\Desktop\project\integrated-web-app\venv\Lib\site-packages\django\db\backends\utils.py", line 105, in _execute
    return self.cursor.execute(sql, params)
           ~~~~~~~~~~~~~~~~~~~^^^^^^^^^^^^^
django.db.utils.IntegrityError: null value in column "answer_id" of relation "Groupforum_comment" violates not-null constraint
DETAIL:  Failing row contains (4, abcd, 2025-05-12 16:36:16.19327+00, null, null, null).

2025-05-12 19:36:16,737 - ERROR - Internal Server Error: /api/forum/comments/
Traceback (most recent call last):
  File "C:\Users\urjii\OneDrive\Desktop\project\integrated-web-app\venv\Lib\site-packages\django\db\backends\utils.py", line 105, in _execute
    return self.cursor.execute(sql, params)
           ~~~~~~~~~~~~~~~~~~~^^^^^^^^^^^^^
psycopg2.errors.NotNullViolation: null value in column "answer_id" of relation "Groupforum_comment" violates not-null constraint
DETAIL:  Failing row contains (5, abcd, 2025-05-12 16:36:16.365634+00, null, null, null).


The above exception was the direct cause of the following exception:

Traceback (most recent call last):
  File "C:\Users\urjii\OneDrive\Desktop\project\integrated-web-app\venv\Lib\site-packages\django\core\handlers\exception.py", line 55, in inner
    response = get_response(request)
  File "C:\Users\urjii\OneDrive\Desktop\project\integrated-web-app\venv\Lib\site-packages\django\core\handlers\base.py", line 197, in _get_response
    response = wrapped_callback(request, *callback_args, **callback_kwargs)
  File "C:\Users\urjii\OneDrive\Desktop\project\integrated-web-app\venv\Lib\site-packages\django\views\decorators\csrf.py", line 65, in _view_wrapper
    return view_func(request, *args, **kwargs)
  File "C:\Users\urjii\OneDrive\Desktop\project\integrated-web-app\venv\Lib\site-packages\rest_framework\viewsets.py", line 125, in view
    return self.dispatch(request, *args, **kwargs)
           ~~~~~~~~~~~~~^^^^^^^^^^^^^^^^^^^^^^^^^^
  File "C:\Users\urjii\OneDrive\Desktop\project\integrated-web-app\venv\Lib\site-packages\rest_framework\views.py", line 515, in dispatch
    response = self.handle_exception(exc)
  File "C:\Users\urjii\OneDrive\Desktop\project\integrated-web-app\venv\Lib\site-packages\rest_framework\views.py", line 475, in handle_exception
    self.raise_uncaught_exception(exc)
    ~~~~~~~~~~~~~~~~~~~~~~~~~~~~~^^^^^
  File "C:\Users\urjii\OneDrive\Desktop\project\integrated-web-app\venv\Lib\site-packages\rest_framework\views.py", line 486, in raise_uncaught_exception
    raise exc
  File "C:\Users\urjii\OneDrive\Desktop\project\integrated-web-app\venv\Lib\site-packages\rest_framework\views.py", line 512, in dispatch
    response = handler(request, *args, **kwargs)
  File "C:\Users\urjii\OneDrive\Desktop\project\integrated-web-app\venv\Lib\site-packages\rest_framework\mixins.py", line 19, in create
    self.perform_create(serializer)
    ~~~~~~~~~~~~~~~~~~~^^^^^^^^^^^^
  File "C:\Users\urjii\OneDrive\Desktop\project\integrated-web-app\venv\Lib\site-packages\rest_framework\mixins.py", line 24, in perform_create
    serializer.save()
    ~~~~~~~~~~~~~~~^^
  File "C:\Users\urjii\OneDrive\Desktop\project\integrated-web-app\venv\Lib\site-packages\rest_framework\serializers.py", line 210, in save
    self.instance = self.create(validated_data)
                    ~~~~~~~~~~~^^^^^^^^^^^^^^^^
  File "C:\Users\urjii\OneDrive\Desktop\project\integrated-web-app\venv\Lib\site-packages\rest_framework\serializers.py", line 991, in create
    instance = ModelClass._default_manager.create(**validated_data)
  File "C:\Users\urjii\OneDrive\Desktop\project\integrated-web-app\venv\Lib\site-packages\django\db\models\manager.py", line 87, in manager_method
    return getattr(self.get_queryset(), name)(*args, **kwargs)
           ~~~~~~~~~~~~~~~~~~~~~~~~~~~~~~~~~~^^^^^^^^^^^^^^^^^
  File "C:\Users\urjii\OneDrive\Desktop\project\integrated-web-app\venv\Lib\site-packages\django\db\models\query.py", line 663, in create
    obj.save(force_insert=True, using=self.db)
    ~~~~~~~~^^^^^^^^^^^^^^^^^^^^^^^^^^^^^^^^^^
  File "C:\Users\urjii\OneDrive\Desktop\project\integrated-web-app\venv\Lib\site-packages\django\db\models\base.py", line 902, in save
    self.save_base(
    ~~~~~~~~~~~~~~^
        using=using,
        ^^^^^^^^^^^^
    ...<2 lines>...
        update_fields=update_fields,
        ^^^^^^^^^^^^^^^^^^^^^^^^^^^^
    )
    ^
  File "C:\Users\urjii\OneDrive\Desktop\project\integrated-web-app\venv\Lib\site-packages\django\db\models\base.py", line 1008, in save_base
    updated = self._save_table(
        raw,
    ...<4 lines>...
        update_fields,
    )
  File "C:\Users\urjii\OneDrive\Desktop\project\integrated-web-app\venv\Lib\site-packages\django\db\models\base.py", line 1169, in _save_table
    results = self._do_insert(
        cls._base_manager, using, fields, returning_fields, raw
    )
  File "C:\Users\urjii\OneDrive\Desktop\project\integrated-web-app\venv\Lib\site-packages\django\db\models\base.py", line 1210, in _do_insert
    return manager._insert(
           ~~~~~~~~~~~~~~~^
        [self],
        ^^^^^^^
    ...<3 lines>...
        raw=raw,
        ^^^^^^^^
    )
    ^
  File "C:\Users\urjii\OneDrive\Desktop\project\integrated-web-app\venv\Lib\site-packages\django\db\models\manager.py", line 87, in manager_method
    return getattr(self.get_queryset(), name)(*args, **kwargs)
           ~~~~~~~~~~~~~~~~~~~~~~~~~~~~~~~~~~^^^^^^^^^^^^^^^^^
  File "C:\Users\urjii\OneDrive\Desktop\project\integrated-web-app\venv\Lib\site-packages\django\db\models\query.py", line 1854, in _insert
    return query.get_compiler(using=using).execute_sql(returning_fields)
           ~~~~~~~~~~~~~~~~~~~~~~~~~~~~~~~~~~~~~~~~~~~^^^^^^^^^^^^^^^^^^
  File "C:\Users\urjii\OneDrive\Desktop\project\integrated-web-app\venv\Lib\site-packages\django\db\models\sql\compiler.py", line 1881, in execute_sql
    cursor.execute(sql, params)
    ~~~~~~~~~~~~~~^^^^^^^^^^^^^
  File "C:\Users\urjii\OneDrive\Desktop\project\integrated-web-app\venv\Lib\site-packages\django\db\backends\utils.py", line 122, in execute
    return super().execute(sql, params)
           ~~~~~~~~~~~~~~~^^^^^^^^^^^^^
  File "C:\Users\urjii\OneDrive\Desktop\project\integrated-web-app\venv\Lib\site-packages\django\db\backends\utils.py", line 79, in execute
    return self._execute_with_wrappers(
           ~~~~~~~~~~~~~~~~~~~~~~~~~~~^
        sql, params, many=False, executor=self._execute
        ^^^^^^^^^^^^^^^^^^^^^^^^^^^^^^^^^^^^^^^^^^^^^^^
    )
    ^
  File "C:\Users\urjii\OneDrive\Desktop\project\integrated-web-app\venv\Lib\site-packages\django\db\backends\utils.py", line 92, in _execute_with_wrappers
    return executor(sql, params, many, context)
  File "C:\Users\urjii\OneDrive\Desktop\project\integrated-web-app\venv\Lib\site-packages\django\db\backends\utils.py", line 100, in _execute
    with self.db.wrap_database_errors:
         ^^^^^^^^^^^^^^^^^^^^^^^^^^^^
  File "C:\Users\urjii\OneDrive\Desktop\project\integrated-web-app\venv\Lib\site-packages\django\db\utils.py", line 91, in __exit__
    raise dj_exc_value.with_traceback(traceback) from exc_value
  File "C:\Users\urjii\OneDrive\Desktop\project\integrated-web-app\venv\Lib\site-packages\django\db\backends\utils.py", line 105, in _execute
    return self.cursor.execute(sql, params)
           ~~~~~~~~~~~~~~~~~~~^^^^^^^^^^^^^
django.db.utils.IntegrityError: null value in column "answer_id" of relation "Groupforum_comment" violates not-null constraint
DETAIL:  Failing row contains (5, abcd, 2025-05-12 16:36:16.365634+00, null, null, null).

2025-05-12 19:36:16,791 - ERROR - Internal Server Error: /api/forum/comments/
Traceback (most recent call last):
  File "C:\Users\urjii\OneDrive\Desktop\project\integrated-web-app\venv\Lib\site-packages\django\db\backends\utils.py", line 105, in _execute
    return self.cursor.execute(sql, params)
           ~~~~~~~~~~~~~~~~~~~^^^^^^^^^^^^^
psycopg2.errors.NotNullViolation: null value in column "answer_id" of relation "Groupforum_comment" violates not-null constraint
DETAIL:  Failing row contains (6, abcd, 2025-05-12 16:36:16.519588+00, null, null, null).


The above exception was the direct cause of the following exception:

Traceback (most recent call last):
  File "C:\Users\urjii\OneDrive\Desktop\project\integrated-web-app\venv\Lib\site-packages\django\core\handlers\exception.py", line 55, in inner
    response = get_response(request)
  File "C:\Users\urjii\OneDrive\Desktop\project\integrated-web-app\venv\Lib\site-packages\django\core\handlers\base.py", line 197, in _get_response
    response = wrapped_callback(request, *callback_args, **callback_kwargs)
  File "C:\Users\urjii\OneDrive\Desktop\project\integrated-web-app\venv\Lib\site-packages\django\views\decorators\csrf.py", line 65, in _view_wrapper
    return view_func(request, *args, **kwargs)
  File "C:\Users\urjii\OneDrive\Desktop\project\integrated-web-app\venv\Lib\site-packages\rest_framework\viewsets.py", line 125, in view
    return self.dispatch(request, *args, **kwargs)
           ~~~~~~~~~~~~~^^^^^^^^^^^^^^^^^^^^^^^^^^
  File "C:\Users\urjii\OneDrive\Desktop\project\integrated-web-app\venv\Lib\site-packages\rest_framework\views.py", line 515, in dispatch
    response = self.handle_exception(exc)
  File "C:\Users\urjii\OneDrive\Desktop\project\integrated-web-app\venv\Lib\site-packages\rest_framework\views.py", line 475, in handle_exception
    self.raise_uncaught_exception(exc)
    ~~~~~~~~~~~~~~~~~~~~~~~~~~~~~^^^^^
  File "C:\Users\urjii\OneDrive\Desktop\project\integrated-web-app\venv\Lib\site-packages\rest_framework\views.py", line 486, in raise_uncaught_exception
    raise exc
  File "C:\Users\urjii\OneDrive\Desktop\project\integrated-web-app\venv\Lib\site-packages\rest_framework\views.py", line 512, in dispatch
    response = handler(request, *args, **kwargs)
  File "C:\Users\urjii\OneDrive\Desktop\project\integrated-web-app\venv\Lib\site-packages\rest_framework\mixins.py", line 19, in create
    self.perform_create(serializer)
    ~~~~~~~~~~~~~~~~~~~^^^^^^^^^^^^
  File "C:\Users\urjii\OneDrive\Desktop\project\integrated-web-app\venv\Lib\site-packages\rest_framework\mixins.py", line 24, in perform_create
    serializer.save()
    ~~~~~~~~~~~~~~~^^
  File "C:\Users\urjii\OneDrive\Desktop\project\integrated-web-app\venv\Lib\site-packages\rest_framework\serializers.py", line 210, in save
    self.instance = self.create(validated_data)
                    ~~~~~~~~~~~^^^^^^^^^^^^^^^^
  File "C:\Users\urjii\OneDrive\Desktop\project\integrated-web-app\venv\Lib\site-packages\rest_framework\serializers.py", line 991, in create
    instance = ModelClass._default_manager.create(**validated_data)
  File "C:\Users\urjii\OneDrive\Desktop\project\integrated-web-app\venv\Lib\site-packages\django\db\models\manager.py", line 87, in manager_method
    return getattr(self.get_queryset(), name)(*args, **kwargs)
           ~~~~~~~~~~~~~~~~~~~~~~~~~~~~~~~~~~^^^^^^^^^^^^^^^^^
  File "C:\Users\urjii\OneDrive\Desktop\project\integrated-web-app\venv\Lib\site-packages\django\db\models\query.py", line 663, in create
    obj.save(force_insert=True, using=self.db)
    ~~~~~~~~^^^^^^^^^^^^^^^^^^^^^^^^^^^^^^^^^^
  File "C:\Users\urjii\OneDrive\Desktop\project\integrated-web-app\venv\Lib\site-packages\django\db\models\base.py", line 902, in save
    self.save_base(
    ~~~~~~~~~~~~~~^
        using=using,
        ^^^^^^^^^^^^
    ...<2 lines>...
        update_fields=update_fields,
        ^^^^^^^^^^^^^^^^^^^^^^^^^^^^
    )
    ^
  File "C:\Users\urjii\OneDrive\Desktop\project\integrated-web-app\venv\Lib\site-packages\django\db\models\base.py", line 1008, in save_base
    updated = self._save_table(
        raw,
    ...<4 lines>...
        update_fields,
    )
  File "C:\Users\urjii\OneDrive\Desktop\project\integrated-web-app\venv\Lib\site-packages\django\db\models\base.py", line 1169, in _save_table
    results = self._do_insert(
        cls._base_manager, using, fields, returning_fields, raw
    )
  File "C:\Users\urjii\OneDrive\Desktop\project\integrated-web-app\venv\Lib\site-packages\django\db\models\base.py", line 1210, in _do_insert
    return manager._insert(
           ~~~~~~~~~~~~~~~^
        [self],
        ^^^^^^^
    ...<3 lines>...
        raw=raw,
        ^^^^^^^^
    )
    ^
  File "C:\Users\urjii\OneDrive\Desktop\project\integrated-web-app\venv\Lib\site-packages\django\db\models\manager.py", line 87, in manager_method
    return getattr(self.get_queryset(), name)(*args, **kwargs)
           ~~~~~~~~~~~~~~~~~~~~~~~~~~~~~~~~~~^^^^^^^^^^^^^^^^^
  File "C:\Users\urjii\OneDrive\Desktop\project\integrated-web-app\venv\Lib\site-packages\django\db\models\query.py", line 1854, in _insert
    return query.get_compiler(using=using).execute_sql(returning_fields)
           ~~~~~~~~~~~~~~~~~~~~~~~~~~~~~~~~~~~~~~~~~~~^^^^^^^^^^^^^^^^^^
  File "C:\Users\urjii\OneDrive\Desktop\project\integrated-web-app\venv\Lib\site-packages\django\db\models\sql\compiler.py", line 1881, in execute_sql
    cursor.execute(sql, params)
    ~~~~~~~~~~~~~~^^^^^^^^^^^^^
  File "C:\Users\urjii\OneDrive\Desktop\project\integrated-web-app\venv\Lib\site-packages\django\db\backends\utils.py", line 122, in execute
    return super().execute(sql, params)
           ~~~~~~~~~~~~~~~^^^^^^^^^^^^^
  File "C:\Users\urjii\OneDrive\Desktop\project\integrated-web-app\venv\Lib\site-packages\django\db\backends\utils.py", line 79, in execute
    return self._execute_with_wrappers(
           ~~~~~~~~~~~~~~~~~~~~~~~~~~~^
        sql, params, many=False, executor=self._execute
        ^^^^^^^^^^^^^^^^^^^^^^^^^^^^^^^^^^^^^^^^^^^^^^^
    )
    ^
  File "C:\Users\urjii\OneDrive\Desktop\project\integrated-web-app\venv\Lib\site-packages\django\db\backends\utils.py", line 92, in _execute_with_wrappers
    return executor(sql, params, many, context)
  File "C:\Users\urjii\OneDrive\Desktop\project\integrated-web-app\venv\Lib\site-packages\django\db\backends\utils.py", line 100, in _execute
    with self.db.wrap_database_errors:
         ^^^^^^^^^^^^^^^^^^^^^^^^^^^^
  File "C:\Users\urjii\OneDrive\Desktop\project\integrated-web-app\venv\Lib\site-packages\django\db\utils.py", line 91, in __exit__
    raise dj_exc_value.with_traceback(traceback) from exc_value
  File "C:\Users\urjii\OneDrive\Desktop\project\integrated-web-app\venv\Lib\site-packages\django\db\backends\utils.py", line 105, in _execute
    return self.cursor.execute(sql, params)
           ~~~~~~~~~~~~~~~~~~~^^^^^^^^^^^^^
django.db.utils.IntegrityError: null value in column "answer_id" of relation "Groupforum_comment" violates not-null constraint
DETAIL:  Failing row contains (6, abcd, 2025-05-12 16:36:16.519588+00, null, null, null).

2025-05-12 19:36:30,798 - ERROR - Internal Server Error: /api/forum/comments/
Traceback (most recent call last):
  File "C:\Users\urjii\OneDrive\Desktop\project\integrated-web-app\venv\Lib\site-packages\django\db\backends\utils.py", line 105, in _execute
    return self.cursor.execute(sql, params)
           ~~~~~~~~~~~~~~~~~~~^^^^^^^^^^^^^
psycopg2.errors.NotNullViolation: null value in column "answer_id" of relation "Groupforum_comment" violates not-null constraint
DETAIL:  Failing row contains (7, kkkkkkkk, 2025-05-12 16:36:30.622907+00, null, null, null).


The above exception was the direct cause of the following exception:

Traceback (most recent call last):
  File "C:\Users\urjii\OneDrive\Desktop\project\integrated-web-app\venv\Lib\site-packages\django\core\handlers\exception.py", line 55, in inner
    response = get_response(request)
  File "C:\Users\urjii\OneDrive\Desktop\project\integrated-web-app\venv\Lib\site-packages\django\core\handlers\base.py", line 197, in _get_response
    response = wrapped_callback(request, *callback_args, **callback_kwargs)
  File "C:\Users\urjii\OneDrive\Desktop\project\integrated-web-app\venv\Lib\site-packages\django\views\decorators\csrf.py", line 65, in _view_wrapper
    return view_func(request, *args, **kwargs)
  File "C:\Users\urjii\OneDrive\Desktop\project\integrated-web-app\venv\Lib\site-packages\rest_framework\viewsets.py", line 125, in view
    return self.dispatch(request, *args, **kwargs)
           ~~~~~~~~~~~~~^^^^^^^^^^^^^^^^^^^^^^^^^^
  File "C:\Users\urjii\OneDrive\Desktop\project\integrated-web-app\venv\Lib\site-packages\rest_framework\views.py", line 515, in dispatch
    response = self.handle_exception(exc)
  File "C:\Users\urjii\OneDrive\Desktop\project\integrated-web-app\venv\Lib\site-packages\rest_framework\views.py", line 475, in handle_exception
    self.raise_uncaught_exception(exc)
    ~~~~~~~~~~~~~~~~~~~~~~~~~~~~~^^^^^
  File "C:\Users\urjii\OneDrive\Desktop\project\integrated-web-app\venv\Lib\site-packages\rest_framework\views.py", line 486, in raise_uncaught_exception
    raise exc
  File "C:\Users\urjii\OneDrive\Desktop\project\integrated-web-app\venv\Lib\site-packages\rest_framework\views.py", line 512, in dispatch
    response = handler(request, *args, **kwargs)
  File "C:\Users\urjii\OneDrive\Desktop\project\integrated-web-app\venv\Lib\site-packages\rest_framework\mixins.py", line 19, in create
    self.perform_create(serializer)
    ~~~~~~~~~~~~~~~~~~~^^^^^^^^^^^^
  File "C:\Users\urjii\OneDrive\Desktop\project\integrated-web-app\venv\Lib\site-packages\rest_framework\mixins.py", line 24, in perform_create
    serializer.save()
    ~~~~~~~~~~~~~~~^^
  File "C:\Users\urjii\OneDrive\Desktop\project\integrated-web-app\venv\Lib\site-packages\rest_framework\serializers.py", line 210, in save
    self.instance = self.create(validated_data)
                    ~~~~~~~~~~~^^^^^^^^^^^^^^^^
  File "C:\Users\urjii\OneDrive\Desktop\project\integrated-web-app\venv\Lib\site-packages\rest_framework\serializers.py", line 991, in create
    instance = ModelClass._default_manager.create(**validated_data)
  File "C:\Users\urjii\OneDrive\Desktop\project\integrated-web-app\venv\Lib\site-packages\django\db\models\manager.py", line 87, in manager_method
    return getattr(self.get_queryset(), name)(*args, **kwargs)
           ~~~~~~~~~~~~~~~~~~~~~~~~~~~~~~~~~~^^^^^^^^^^^^^^^^^
  File "C:\Users\urjii\OneDrive\Desktop\project\integrated-web-app\venv\Lib\site-packages\django\db\models\query.py", line 663, in create
    obj.save(force_insert=True, using=self.db)
    ~~~~~~~~^^^^^^^^^^^^^^^^^^^^^^^^^^^^^^^^^^
  File "C:\Users\urjii\OneDrive\Desktop\project\integrated-web-app\venv\Lib\site-packages\django\db\models\base.py", line 902, in save
    self.save_base(
    ~~~~~~~~~~~~~~^
        using=using,
        ^^^^^^^^^^^^
    ...<2 lines>...
        update_fields=update_fields,
        ^^^^^^^^^^^^^^^^^^^^^^^^^^^^
    )
    ^
  File "C:\Users\urjii\OneDrive\Desktop\project\integrated-web-app\venv\Lib\site-packages\django\db\models\base.py", line 1008, in save_base
    updated = self._save_table(
        raw,
    ...<4 lines>...
        update_fields,
    )
  File "C:\Users\urjii\OneDrive\Desktop\project\integrated-web-app\venv\Lib\site-packages\django\db\models\base.py", line 1169, in _save_table
    results = self._do_insert(
        cls._base_manager, using, fields, returning_fields, raw
    )
  File "C:\Users\urjii\OneDrive\Desktop\project\integrated-web-app\venv\Lib\site-packages\django\db\models\base.py", line 1210, in _do_insert
    return manager._insert(
           ~~~~~~~~~~~~~~~^
        [self],
        ^^^^^^^
    ...<3 lines>...
        raw=raw,
        ^^^^^^^^
    )
    ^
  File "C:\Users\urjii\OneDrive\Desktop\project\integrated-web-app\venv\Lib\site-packages\django\db\models\manager.py", line 87, in manager_method
    return getattr(self.get_queryset(), name)(*args, **kwargs)
           ~~~~~~~~~~~~~~~~~~~~~~~~~~~~~~~~~~^^^^^^^^^^^^^^^^^
  File "C:\Users\urjii\OneDrive\Desktop\project\integrated-web-app\venv\Lib\site-packages\django\db\models\query.py", line 1854, in _insert
    return query.get_compiler(using=using).execute_sql(returning_fields)
           ~~~~~~~~~~~~~~~~~~~~~~~~~~~~~~~~~~~~~~~~~~~^^^^^^^^^^^^^^^^^^
  File "C:\Users\urjii\OneDrive\Desktop\project\integrated-web-app\venv\Lib\site-packages\django\db\models\sql\compiler.py", line 1881, in execute_sql
    cursor.execute(sql, params)
    ~~~~~~~~~~~~~~^^^^^^^^^^^^^
  File "C:\Users\urjii\OneDrive\Desktop\project\integrated-web-app\venv\Lib\site-packages\django\db\backends\utils.py", line 122, in execute
    return super().execute(sql, params)
           ~~~~~~~~~~~~~~~^^^^^^^^^^^^^
  File "C:\Users\urjii\OneDrive\Desktop\project\integrated-web-app\venv\Lib\site-packages\django\db\backends\utils.py", line 79, in execute
    return self._execute_with_wrappers(
           ~~~~~~~~~~~~~~~~~~~~~~~~~~~^
        sql, params, many=False, executor=self._execute
        ^^^^^^^^^^^^^^^^^^^^^^^^^^^^^^^^^^^^^^^^^^^^^^^
    )
    ^
  File "C:\Users\urjii\OneDrive\Desktop\project\integrated-web-app\venv\Lib\site-packages\django\db\backends\utils.py", line 92, in _execute_with_wrappers
    return executor(sql, params, many, context)
  File "C:\Users\urjii\OneDrive\Desktop\project\integrated-web-app\venv\Lib\site-packages\django\db\backends\utils.py", line 100, in _execute
    with self.db.wrap_database_errors:
         ^^^^^^^^^^^^^^^^^^^^^^^^^^^^
  File "C:\Users\urjii\OneDrive\Desktop\project\integrated-web-app\venv\Lib\site-packages\django\db\utils.py", line 91, in __exit__
    raise dj_exc_value.with_traceback(traceback) from exc_value
  File "C:\Users\urjii\OneDrive\Desktop\project\integrated-web-app\venv\Lib\site-packages\django\db\backends\utils.py", line 105, in _execute
    return self.cursor.execute(sql, params)
           ~~~~~~~~~~~~~~~~~~~^^^^^^^^^^^^^
django.db.utils.IntegrityError: null value in column "answer_id" of relation "Groupforum_comment" violates not-null constraint
DETAIL:  Failing row contains (7, kkkkkkkk, 2025-05-12 16:36:30.622907+00, null, null, null).

2025-05-12 22:17:37,731 - INFO - C:\Users\urjii\OneDrive\Desktop\project\integrated-web-app\Groupforum\views.py changed, reloading.
2025-05-12 22:17:47,063 - INFO - Load pretrained SentenceTransformer: sentence-transformers/all-MiniLM-L6-v2
2025-05-12 22:17:50,991 - INFO - Embeddings initialized successfully
2025-05-12 22:17:55,446 - INFO - Loaded: knowledge_base\ASTUlegislation2017.pdf
2025-05-12 22:18:01,046 - INFO - Loaded: knowledge_base\Course_catalogue_Final.pdf
2025-05-12 22:18:01,281 - INFO - Loaded: knowledge_base\PEOs_and_POs_ASTUs_Programs.pdf
2025-05-12 22:18:01,518 - INFO - Loaded: knowledge_base\Program_Accreditations.pdf
2025-05-12 22:19:01,405 - INFO - Loading faiss with AVX2 support.
2025-05-12 22:19:01,441 - INFO - Successfully loaded faiss with AVX2 support.
2025-05-12 22:19:01,460 - INFO - Failed to load GPU Faiss: name 'GpuIndexIVFFlat' is not defined. Will not load constructor refs for GPU indexes.
2025-05-12 22:19:01,690 - INFO - Loaded 1970 chunks from 853 documents
2025-05-12 22:19:01,694 - INFO - File watcher initialized
2025-05-12 22:24:28,978 - INFO - C:\Users\urjii\OneDrive\Desktop\project\integrated-web-app\Groupforum\urls.py changed, reloading.
2025-05-12 22:24:37,433 - INFO - Load pretrained SentenceTransformer: sentence-transformers/all-MiniLM-L6-v2
2025-05-12 22:24:41,506 - INFO - Embeddings initialized successfully
2025-05-12 22:24:45,889 - INFO - Loaded: knowledge_base\ASTUlegislation2017.pdf
2025-05-12 22:24:50,847 - INFO - Loaded: knowledge_base\Course_catalogue_Final.pdf
2025-05-12 22:24:51,155 - INFO - Loaded: knowledge_base\PEOs_and_POs_ASTUs_Programs.pdf
2025-05-12 22:24:51,389 - INFO - Loaded: knowledge_base\Program_Accreditations.pdf
2025-05-12 22:25:46,633 - INFO - Loading faiss with AVX2 support.
2025-05-12 22:25:46,659 - INFO - Successfully loaded faiss with AVX2 support.
2025-05-12 22:25:46,666 - INFO - Failed to load GPU Faiss: name 'GpuIndexIVFFlat' is not defined. Will not load constructor refs for GPU indexes.
2025-05-12 22:25:46,808 - INFO - Loaded 1970 chunks from 853 documents
2025-05-12 22:25:46,810 - INFO - File watcher initialized
2025-05-12 22:27:48,363 - INFO - C:\Users\urjii\OneDrive\Desktop\project\integrated-web-app\myproject\settings.py changed, reloading.
2025-05-12 22:27:56,510 - INFO - Load pretrained SentenceTransformer: sentence-transformers/all-MiniLM-L6-v2
2025-05-12 22:28:00,148 - INFO - Embeddings initialized successfully
2025-05-12 22:28:08,174 - INFO - Loaded: knowledge_base\ASTUlegislation2017.pdf
2025-05-12 22:28:19,388 - INFO - Loaded: knowledge_base\Course_catalogue_Final.pdf
2025-05-12 22:28:19,899 - INFO - Loaded: knowledge_base\PEOs_and_POs_ASTUs_Programs.pdf
2025-05-12 22:28:20,444 - INFO - Loaded: knowledge_base\Program_Accreditations.pdf
2025-05-12 22:29:12,164 - INFO - Loading faiss with AVX2 support.
2025-05-12 22:29:12,190 - INFO - Successfully loaded faiss with AVX2 support.
2025-05-12 22:29:12,197 - INFO - Failed to load GPU Faiss: name 'GpuIndexIVFFlat' is not defined. Will not load constructor refs for GPU indexes.
2025-05-12 22:29:12,336 - INFO - Loaded 1970 chunks from 853 documents
2025-05-12 22:29:12,339 - INFO - File watcher initialized
2025-05-12 22:31:49,797 - WARNING - Method Not Allowed: /api/conversations/9/messages/
2025-05-12 22:33:44,799 - INFO - C:\Users\urjii\OneDrive\Desktop\project\integrated-web-app\myproject\settings.py changed, reloading.
2025-05-12 22:33:52,751 - INFO - Load pretrained SentenceTransformer: sentence-transformers/all-MiniLM-L6-v2
2025-05-12 22:33:56,114 - INFO - Embeddings initialized successfully
2025-05-12 22:34:00,845 - INFO - Loaded: knowledge_base\ASTUlegislation2017.pdf
2025-05-12 22:34:06,041 - INFO - Loaded: knowledge_base\Course_catalogue_Final.pdf
2025-05-12 22:34:06,272 - INFO - Loaded: knowledge_base\PEOs_and_POs_ASTUs_Programs.pdf
2025-05-12 22:34:06,505 - INFO - Loaded: knowledge_base\Program_Accreditations.pdf
2025-05-12 22:35:00,206 - INFO - Loading faiss with AVX2 support.
2025-05-12 22:35:00,234 - INFO - Successfully loaded faiss with AVX2 support.
2025-05-12 22:35:00,243 - INFO - Failed to load GPU Faiss: name 'GpuIndexIVFFlat' is not defined. Will not load constructor refs for GPU indexes.
2025-05-12 22:35:00,388 - INFO - Loaded 1970 chunks from 853 documents
2025-05-12 22:35:00,390 - INFO - File watcher initialized
2025-05-12 22:35:53,948 - INFO - C:\Users\urjii\OneDrive\Desktop\project\integrated-web-app\myproject\settings.py changed, reloading.
2025-05-12 22:36:01,945 - INFO - Load pretrained SentenceTransformer: sentence-transformers/all-MiniLM-L6-v2
2025-05-12 22:36:05,126 - INFO - Embeddings initialized successfully
2025-05-12 22:36:09,358 - INFO - Loaded: knowledge_base\ASTUlegislation2017.pdf
2025-05-12 22:36:14,417 - INFO - Loaded: knowledge_base\Course_catalogue_Final.pdf
2025-05-12 22:36:14,651 - INFO - Loaded: knowledge_base\PEOs_and_POs_ASTUs_Programs.pdf
2025-05-12 22:36:14,912 - INFO - Loaded: knowledge_base\Program_Accreditations.pdf
2025-05-12 22:37:14,507 - INFO - Loading faiss with AVX2 support.
2025-05-12 22:37:14,539 - INFO - Successfully loaded faiss with AVX2 support.
2025-05-12 22:37:14,548 - INFO - Failed to load GPU Faiss: name 'GpuIndexIVFFlat' is not defined. Will not load constructor refs for GPU indexes.
2025-05-12 22:37:14,718 - INFO - Loaded 1970 chunks from 853 documents
2025-05-12 22:37:14,721 - INFO - File watcher initialized
2025-05-12 22:40:51,399 - WARNING - Not Found: /api/forum/questions/undefined/
2025-05-12 22:50:46,018 - ERROR - Internal Server Error: /api/forum/comments/
Traceback (most recent call last):
  File "C:\Users\urjii\OneDrive\Desktop\project\integrated-web-app\venv\Lib\site-packages\django\db\backends\utils.py", line 105, in _execute
    return self.cursor.execute(sql, params)
           ~~~~~~~~~~~~~~~~~~~^^^^^^^^^^^^^
psycopg2.errors.NotNullViolation: null value in column "answer_id" of relation "Groupforum_comment" violates not-null constraint
DETAIL:  Failing row contains (8, okay, 2025-05-12 19:50:45.873277+00, null, null, null).


The above exception was the direct cause of the following exception:

Traceback (most recent call last):
  File "C:\Users\urjii\OneDrive\Desktop\project\integrated-web-app\venv\Lib\site-packages\django\core\handlers\exception.py", line 55, in inner
    response = get_response(request)
  File "C:\Users\urjii\OneDrive\Desktop\project\integrated-web-app\venv\Lib\site-packages\django\core\handlers\base.py", line 197, in _get_response
    response = wrapped_callback(request, *callback_args, **callback_kwargs)
  File "C:\Users\urjii\OneDrive\Desktop\project\integrated-web-app\venv\Lib\site-packages\django\views\decorators\csrf.py", line 65, in _view_wrapper
    return view_func(request, *args, **kwargs)
  File "C:\Users\urjii\OneDrive\Desktop\project\integrated-web-app\venv\Lib\site-packages\rest_framework\viewsets.py", line 125, in view
    return self.dispatch(request, *args, **kwargs)
           ~~~~~~~~~~~~~^^^^^^^^^^^^^^^^^^^^^^^^^^
  File "C:\Users\urjii\OneDrive\Desktop\project\integrated-web-app\venv\Lib\site-packages\rest_framework\views.py", line 515, in dispatch
    response = self.handle_exception(exc)
  File "C:\Users\urjii\OneDrive\Desktop\project\integrated-web-app\venv\Lib\site-packages\rest_framework\views.py", line 475, in handle_exception
    self.raise_uncaught_exception(exc)
    ~~~~~~~~~~~~~~~~~~~~~~~~~~~~~^^^^^
  File "C:\Users\urjii\OneDrive\Desktop\project\integrated-web-app\venv\Lib\site-packages\rest_framework\views.py", line 486, in raise_uncaught_exception
    raise exc
  File "C:\Users\urjii\OneDrive\Desktop\project\integrated-web-app\venv\Lib\site-packages\rest_framework\views.py", line 512, in dispatch
    response = handler(request, *args, **kwargs)
  File "C:\Users\urjii\OneDrive\Desktop\project\integrated-web-app\venv\Lib\site-packages\rest_framework\mixins.py", line 19, in create
    self.perform_create(serializer)
    ~~~~~~~~~~~~~~~~~~~^^^^^^^^^^^^
  File "C:\Users\urjii\OneDrive\Desktop\project\integrated-web-app\venv\Lib\site-packages\rest_framework\mixins.py", line 24, in perform_create
    serializer.save()
    ~~~~~~~~~~~~~~~^^
  File "C:\Users\urjii\OneDrive\Desktop\project\integrated-web-app\venv\Lib\site-packages\rest_framework\serializers.py", line 210, in save
    self.instance = self.create(validated_data)
                    ~~~~~~~~~~~^^^^^^^^^^^^^^^^
  File "C:\Users\urjii\OneDrive\Desktop\project\integrated-web-app\venv\Lib\site-packages\rest_framework\serializers.py", line 991, in create
    instance = ModelClass._default_manager.create(**validated_data)
  File "C:\Users\urjii\OneDrive\Desktop\project\integrated-web-app\venv\Lib\site-packages\django\db\models\manager.py", line 87, in manager_method
    return getattr(self.get_queryset(), name)(*args, **kwargs)
           ~~~~~~~~~~~~~~~~~~~~~~~~~~~~~~~~~~^^^^^^^^^^^^^^^^^
  File "C:\Users\urjii\OneDrive\Desktop\project\integrated-web-app\venv\Lib\site-packages\django\db\models\query.py", line 663, in create
    obj.save(force_insert=True, using=self.db)
    ~~~~~~~~^^^^^^^^^^^^^^^^^^^^^^^^^^^^^^^^^^
  File "C:\Users\urjii\OneDrive\Desktop\project\integrated-web-app\venv\Lib\site-packages\django\db\models\base.py", line 902, in save
    self.save_base(
    ~~~~~~~~~~~~~~^
        using=using,
        ^^^^^^^^^^^^
    ...<2 lines>...
        update_fields=update_fields,
        ^^^^^^^^^^^^^^^^^^^^^^^^^^^^
    )
    ^
  File "C:\Users\urjii\OneDrive\Desktop\project\integrated-web-app\venv\Lib\site-packages\django\db\models\base.py", line 1008, in save_base
    updated = self._save_table(
        raw,
    ...<4 lines>...
        update_fields,
    )
  File "C:\Users\urjii\OneDrive\Desktop\project\integrated-web-app\venv\Lib\site-packages\django\db\models\base.py", line 1169, in _save_table
    results = self._do_insert(
        cls._base_manager, using, fields, returning_fields, raw
    )
  File "C:\Users\urjii\OneDrive\Desktop\project\integrated-web-app\venv\Lib\site-packages\django\db\models\base.py", line 1210, in _do_insert
    return manager._insert(
           ~~~~~~~~~~~~~~~^
        [self],
        ^^^^^^^
    ...<3 lines>...
        raw=raw,
        ^^^^^^^^
    )
    ^
  File "C:\Users\urjii\OneDrive\Desktop\project\integrated-web-app\venv\Lib\site-packages\django\db\models\manager.py", line 87, in manager_method
    return getattr(self.get_queryset(), name)(*args, **kwargs)
           ~~~~~~~~~~~~~~~~~~~~~~~~~~~~~~~~~~^^^^^^^^^^^^^^^^^
  File "C:\Users\urjii\OneDrive\Desktop\project\integrated-web-app\venv\Lib\site-packages\django\db\models\query.py", line 1854, in _insert
    return query.get_compiler(using=using).execute_sql(returning_fields)
           ~~~~~~~~~~~~~~~~~~~~~~~~~~~~~~~~~~~~~~~~~~~^^^^^^^^^^^^^^^^^^
  File "C:\Users\urjii\OneDrive\Desktop\project\integrated-web-app\venv\Lib\site-packages\django\db\models\sql\compiler.py", line 1881, in execute_sql
    cursor.execute(sql, params)
    ~~~~~~~~~~~~~~^^^^^^^^^^^^^
  File "C:\Users\urjii\OneDrive\Desktop\project\integrated-web-app\venv\Lib\site-packages\django\db\backends\utils.py", line 122, in execute
    return super().execute(sql, params)
           ~~~~~~~~~~~~~~~^^^^^^^^^^^^^
  File "C:\Users\urjii\OneDrive\Desktop\project\integrated-web-app\venv\Lib\site-packages\django\db\backends\utils.py", line 79, in execute
    return self._execute_with_wrappers(
           ~~~~~~~~~~~~~~~~~~~~~~~~~~~^
        sql, params, many=False, executor=self._execute
        ^^^^^^^^^^^^^^^^^^^^^^^^^^^^^^^^^^^^^^^^^^^^^^^
    )
    ^
  File "C:\Users\urjii\OneDrive\Desktop\project\integrated-web-app\venv\Lib\site-packages\django\db\backends\utils.py", line 92, in _execute_with_wrappers
    return executor(sql, params, many, context)
  File "C:\Users\urjii\OneDrive\Desktop\project\integrated-web-app\venv\Lib\site-packages\django\db\backends\utils.py", line 100, in _execute
    with self.db.wrap_database_errors:
         ^^^^^^^^^^^^^^^^^^^^^^^^^^^^
  File "C:\Users\urjii\OneDrive\Desktop\project\integrated-web-app\venv\Lib\site-packages\django\db\utils.py", line 91, in __exit__
    raise dj_exc_value.with_traceback(traceback) from exc_value
  File "C:\Users\urjii\OneDrive\Desktop\project\integrated-web-app\venv\Lib\site-packages\django\db\backends\utils.py", line 105, in _execute
    return self.cursor.execute(sql, params)
           ~~~~~~~~~~~~~~~~~~~^^^^^^^^^^^^^
django.db.utils.IntegrityError: null value in column "answer_id" of relation "Groupforum_comment" violates not-null constraint
DETAIL:  Failing row contains (8, okay, 2025-05-12 19:50:45.873277+00, null, null, null).

2025-05-12 22:55:46,788 - INFO - C:\Users\urjii\OneDrive\Desktop\project\integrated-web-app\Groupforum\models.py changed, reloading.
2025-05-12 22:55:56,033 - INFO - Load pretrained SentenceTransformer: sentence-transformers/all-MiniLM-L6-v2
2025-05-12 22:56:00,402 - INFO - Embeddings initialized successfully
2025-05-12 22:56:06,877 - INFO - Loaded: knowledge_base\ASTUlegislation2017.pdf
2025-05-12 22:56:12,242 - INFO - Loaded: knowledge_base\Course_catalogue_Final.pdf
2025-05-12 22:56:12,508 - INFO - Loaded: knowledge_base\PEOs_and_POs_ASTUs_Programs.pdf
2025-05-12 22:56:12,771 - INFO - Loaded: knowledge_base\Program_Accreditations.pdf
2025-05-12 22:57:04,293 - INFO - Loading faiss with AVX2 support.
2025-05-12 22:57:04,318 - INFO - Successfully loaded faiss with AVX2 support.
2025-05-12 22:57:04,324 - INFO - Failed to load GPU Faiss: name 'GpuIndexIVFFlat' is not defined. Will not load constructor refs for GPU indexes.
2025-05-12 22:57:04,453 - INFO - Loaded 1970 chunks from 853 documents
2025-05-12 22:57:04,455 - INFO - File watcher initialized
2025-05-12 22:57:46,640 - ERROR - Internal Server Error: /api/forum/comments/
Traceback (most recent call last):
  File "C:\Users\urjii\OneDrive\Desktop\project\integrated-web-app\venv\Lib\site-packages\django\db\backends\utils.py", line 105, in _execute
    return self.cursor.execute(sql, params)
           ~~~~~~~~~~~~~~~~~~~^^^^^^^^^^^^^
psycopg2.errors.NotNullViolation: null value in column "answer_id" of relation "Groupforum_comment" violates not-null constraint
DETAIL:  Failing row contains (9, thanks, 2025-05-12 19:57:46.483191+00, null, null, null).


The above exception was the direct cause of the following exception:

Traceback (most recent call last):
  File "C:\Users\urjii\OneDrive\Desktop\project\integrated-web-app\venv\Lib\site-packages\django\core\handlers\exception.py", line 55, in inner
    response = get_response(request)
  File "C:\Users\urjii\OneDrive\Desktop\project\integrated-web-app\venv\Lib\site-packages\django\core\handlers\base.py", line 197, in _get_response
    response = wrapped_callback(request, *callback_args, **callback_kwargs)
  File "C:\Users\urjii\OneDrive\Desktop\project\integrated-web-app\venv\Lib\site-packages\django\views\decorators\csrf.py", line 65, in _view_wrapper
    return view_func(request, *args, **kwargs)
  File "C:\Users\urjii\OneDrive\Desktop\project\integrated-web-app\venv\Lib\site-packages\rest_framework\viewsets.py", line 125, in view
    return self.dispatch(request, *args, **kwargs)
           ~~~~~~~~~~~~~^^^^^^^^^^^^^^^^^^^^^^^^^^
  File "C:\Users\urjii\OneDrive\Desktop\project\integrated-web-app\venv\Lib\site-packages\rest_framework\views.py", line 515, in dispatch
    response = self.handle_exception(exc)
  File "C:\Users\urjii\OneDrive\Desktop\project\integrated-web-app\venv\Lib\site-packages\rest_framework\views.py", line 475, in handle_exception
    self.raise_uncaught_exception(exc)
    ~~~~~~~~~~~~~~~~~~~~~~~~~~~~~^^^^^
  File "C:\Users\urjii\OneDrive\Desktop\project\integrated-web-app\venv\Lib\site-packages\rest_framework\views.py", line 486, in raise_uncaught_exception
    raise exc
  File "C:\Users\urjii\OneDrive\Desktop\project\integrated-web-app\venv\Lib\site-packages\rest_framework\views.py", line 512, in dispatch
    response = handler(request, *args, **kwargs)
  File "C:\Users\urjii\OneDrive\Desktop\project\integrated-web-app\venv\Lib\site-packages\rest_framework\mixins.py", line 19, in create
    self.perform_create(serializer)
    ~~~~~~~~~~~~~~~~~~~^^^^^^^^^^^^
  File "C:\Users\urjii\OneDrive\Desktop\project\integrated-web-app\venv\Lib\site-packages\rest_framework\mixins.py", line 24, in perform_create
    serializer.save()
    ~~~~~~~~~~~~~~~^^
  File "C:\Users\urjii\OneDrive\Desktop\project\integrated-web-app\venv\Lib\site-packages\rest_framework\serializers.py", line 210, in save
    self.instance = self.create(validated_data)
                    ~~~~~~~~~~~^^^^^^^^^^^^^^^^
  File "C:\Users\urjii\OneDrive\Desktop\project\integrated-web-app\venv\Lib\site-packages\rest_framework\serializers.py", line 991, in create
    instance = ModelClass._default_manager.create(**validated_data)
  File "C:\Users\urjii\OneDrive\Desktop\project\integrated-web-app\venv\Lib\site-packages\django\db\models\manager.py", line 87, in manager_method
    return getattr(self.get_queryset(), name)(*args, **kwargs)
           ~~~~~~~~~~~~~~~~~~~~~~~~~~~~~~~~~~^^^^^^^^^^^^^^^^^
  File "C:\Users\urjii\OneDrive\Desktop\project\integrated-web-app\venv\Lib\site-packages\django\db\models\query.py", line 663, in create
    obj.save(force_insert=True, using=self.db)
    ~~~~~~~~^^^^^^^^^^^^^^^^^^^^^^^^^^^^^^^^^^
  File "C:\Users\urjii\OneDrive\Desktop\project\integrated-web-app\venv\Lib\site-packages\django\db\models\base.py", line 902, in save
    self.save_base(
    ~~~~~~~~~~~~~~^
        using=using,
        ^^^^^^^^^^^^
    ...<2 lines>...
        update_fields=update_fields,
        ^^^^^^^^^^^^^^^^^^^^^^^^^^^^
    )
    ^
  File "C:\Users\urjii\OneDrive\Desktop\project\integrated-web-app\venv\Lib\site-packages\django\db\models\base.py", line 1008, in save_base
    updated = self._save_table(
        raw,
    ...<4 lines>...
        update_fields,
    )
  File "C:\Users\urjii\OneDrive\Desktop\project\integrated-web-app\venv\Lib\site-packages\django\db\models\base.py", line 1169, in _save_table
    results = self._do_insert(
        cls._base_manager, using, fields, returning_fields, raw
    )
  File "C:\Users\urjii\OneDrive\Desktop\project\integrated-web-app\venv\Lib\site-packages\django\db\models\base.py", line 1210, in _do_insert
    return manager._insert(
           ~~~~~~~~~~~~~~~^
        [self],
        ^^^^^^^
    ...<3 lines>...
        raw=raw,
        ^^^^^^^^
    )
    ^
  File "C:\Users\urjii\OneDrive\Desktop\project\integrated-web-app\venv\Lib\site-packages\django\db\models\manager.py", line 87, in manager_method
    return getattr(self.get_queryset(), name)(*args, **kwargs)
           ~~~~~~~~~~~~~~~~~~~~~~~~~~~~~~~~~~^^^^^^^^^^^^^^^^^
  File "C:\Users\urjii\OneDrive\Desktop\project\integrated-web-app\venv\Lib\site-packages\django\db\models\query.py", line 1854, in _insert
    return query.get_compiler(using=using).execute_sql(returning_fields)
           ~~~~~~~~~~~~~~~~~~~~~~~~~~~~~~~~~~~~~~~~~~~^^^^^^^^^^^^^^^^^^
  File "C:\Users\urjii\OneDrive\Desktop\project\integrated-web-app\venv\Lib\site-packages\django\db\models\sql\compiler.py", line 1881, in execute_sql
    cursor.execute(sql, params)
    ~~~~~~~~~~~~~~^^^^^^^^^^^^^
  File "C:\Users\urjii\OneDrive\Desktop\project\integrated-web-app\venv\Lib\site-packages\django\db\backends\utils.py", line 122, in execute
    return super().execute(sql, params)
           ~~~~~~~~~~~~~~~^^^^^^^^^^^^^
  File "C:\Users\urjii\OneDrive\Desktop\project\integrated-web-app\venv\Lib\site-packages\django\db\backends\utils.py", line 79, in execute
    return self._execute_with_wrappers(
           ~~~~~~~~~~~~~~~~~~~~~~~~~~~^
        sql, params, many=False, executor=self._execute
        ^^^^^^^^^^^^^^^^^^^^^^^^^^^^^^^^^^^^^^^^^^^^^^^
    )
    ^
  File "C:\Users\urjii\OneDrive\Desktop\project\integrated-web-app\venv\Lib\site-packages\django\db\backends\utils.py", line 92, in _execute_with_wrappers
    return executor(sql, params, many, context)
  File "C:\Users\urjii\OneDrive\Desktop\project\integrated-web-app\venv\Lib\site-packages\django\db\backends\utils.py", line 100, in _execute
    with self.db.wrap_database_errors:
         ^^^^^^^^^^^^^^^^^^^^^^^^^^^^
  File "C:\Users\urjii\OneDrive\Desktop\project\integrated-web-app\venv\Lib\site-packages\django\db\utils.py", line 91, in __exit__
    raise dj_exc_value.with_traceback(traceback) from exc_value
  File "C:\Users\urjii\OneDrive\Desktop\project\integrated-web-app\venv\Lib\site-packages\django\db\backends\utils.py", line 105, in _execute
    return self.cursor.execute(sql, params)
           ~~~~~~~~~~~~~~~~~~~^^^^^^^^^^^^^
django.db.utils.IntegrityError: null value in column "answer_id" of relation "Groupforum_comment" violates not-null constraint
DETAIL:  Failing row contains (9, thanks, 2025-05-12 19:57:46.483191+00, null, null, null).

2025-05-12 22:58:18,301 - INFO - Load pretrained SentenceTransformer: sentence-transformers/all-MiniLM-L6-v2
2025-05-12 22:58:25,262 - INFO - Embeddings initialized successfully
2025-05-12 22:58:29,295 - INFO - Loaded: knowledge_base\ASTUlegislation2017.pdf
2025-05-12 22:58:33,857 - INFO - Loaded: knowledge_base\Course_catalogue_Final.pdf
2025-05-12 22:58:34,071 - INFO - Loaded: knowledge_base\PEOs_and_POs_ASTUs_Programs.pdf
2025-05-12 22:58:34,297 - INFO - Loaded: knowledge_base\Program_Accreditations.pdf
2025-05-12 22:59:25,226 - INFO - Loading faiss with AVX2 support.
2025-05-12 22:59:25,253 - INFO - Successfully loaded faiss with AVX2 support.
2025-05-12 22:59:25,259 - INFO - Failed to load GPU Faiss: name 'GpuIndexIVFFlat' is not defined. Will not load constructor refs for GPU indexes.
2025-05-12 22:59:25,399 - INFO - Loaded 1970 chunks from 853 documents
2025-05-12 22:59:25,402 - INFO - File watcher initialized
2025-05-12 22:59:39,658 - INFO - Load pretrained SentenceTransformer: sentence-transformers/all-MiniLM-L6-v2
2025-05-12 22:59:46,604 - INFO - Embeddings initialized successfully
2025-05-12 22:59:50,700 - INFO - Loaded: knowledge_base\ASTUlegislation2017.pdf
2025-05-12 22:59:55,317 - INFO - Loaded: knowledge_base\Course_catalogue_Final.pdf
2025-05-12 22:59:55,533 - INFO - Loaded: knowledge_base\PEOs_and_POs_ASTUs_Programs.pdf
2025-05-12 22:59:55,747 - INFO - Loaded: knowledge_base\Program_Accreditations.pdf
2025-05-12 23:00:56,266 - INFO - Loading faiss with AVX2 support.
2025-05-12 23:00:56,295 - INFO - Successfully loaded faiss with AVX2 support.
2025-05-12 23:00:56,303 - INFO - Failed to load GPU Faiss: name 'GpuIndexIVFFlat' is not defined. Will not load constructor refs for GPU indexes.
2025-05-12 23:00:56,450 - INFO - Loaded 1970 chunks from 853 documents
2025-05-12 23:00:56,453 - INFO - File watcher initialized
2025-05-12 23:01:14,853 - INFO - Load pretrained SentenceTransformer: sentence-transformers/all-MiniLM-L6-v2
2025-05-12 23:01:22,076 - INFO - Embeddings initialized successfully
2025-05-12 23:01:26,187 - INFO - Loaded: knowledge_base\ASTUlegislation2017.pdf
2025-05-12 23:01:31,113 - INFO - Loaded: knowledge_base\Course_catalogue_Final.pdf
2025-05-12 23:01:31,353 - INFO - Loaded: knowledge_base\PEOs_and_POs_ASTUs_Programs.pdf
2025-05-12 23:01:31,592 - INFO - Loaded: knowledge_base\Program_Accreditations.pdf
2025-05-12 23:02:31,881 - INFO - Loading faiss with AVX2 support.
2025-05-12 23:02:31,911 - INFO - Successfully loaded faiss with AVX2 support.
2025-05-12 23:02:31,918 - INFO - Failed to load GPU Faiss: name 'GpuIndexIVFFlat' is not defined. Will not load constructor refs for GPU indexes.
2025-05-12 23:02:32,068 - INFO - Loaded 1970 chunks from 853 documents
2025-05-12 23:02:32,071 - INFO - File watcher initialized
2025-05-12 23:03:03,249 - ERROR - Internal Server Error: /api/forum/comments/
Traceback (most recent call last):
  File "C:\Users\urjii\OneDrive\Desktop\project\integrated-web-app\venv\Lib\site-packages\django\core\handlers\exception.py", line 55, in inner
    response = get_response(request)
  File "C:\Users\urjii\OneDrive\Desktop\project\integrated-web-app\venv\Lib\site-packages\django\core\handlers\base.py", line 197, in _get_response
    response = wrapped_callback(request, *callback_args, **callback_kwargs)
  File "C:\Users\urjii\OneDrive\Desktop\project\integrated-web-app\venv\Lib\site-packages\django\views\decorators\csrf.py", line 65, in _view_wrapper
    return view_func(request, *args, **kwargs)
  File "C:\Users\urjii\OneDrive\Desktop\project\integrated-web-app\venv\Lib\site-packages\rest_framework\viewsets.py", line 125, in view
    return self.dispatch(request, *args, **kwargs)
           ~~~~~~~~~~~~~^^^^^^^^^^^^^^^^^^^^^^^^^^
  File "C:\Users\urjii\OneDrive\Desktop\project\integrated-web-app\venv\Lib\site-packages\rest_framework\views.py", line 515, in dispatch
    response = self.handle_exception(exc)
  File "C:\Users\urjii\OneDrive\Desktop\project\integrated-web-app\venv\Lib\site-packages\rest_framework\views.py", line 475, in handle_exception
    self.raise_uncaught_exception(exc)
    ~~~~~~~~~~~~~~~~~~~~~~~~~~~~~^^^^^
  File "C:\Users\urjii\OneDrive\Desktop\project\integrated-web-app\venv\Lib\site-packages\rest_framework\views.py", line 486, in raise_uncaught_exception
    raise exc
  File "C:\Users\urjii\OneDrive\Desktop\project\integrated-web-app\venv\Lib\site-packages\rest_framework\views.py", line 512, in dispatch
    response = handler(request, *args, **kwargs)
  File "C:\Users\urjii\OneDrive\Desktop\project\integrated-web-app\venv\Lib\site-packages\rest_framework\mixins.py", line 19, in create
    self.perform_create(serializer)
    ~~~~~~~~~~~~~~~~~~~^^^^^^^^^^^^
  File "C:\Users\urjii\OneDrive\Desktop\project\integrated-web-app\venv\Lib\site-packages\rest_framework\mixins.py", line 24, in perform_create
    serializer.save()
    ~~~~~~~~~~~~~~~^^
  File "C:\Users\urjii\OneDrive\Desktop\project\integrated-web-app\venv\Lib\site-packages\rest_framework\serializers.py", line 210, in save
    self.instance = self.create(validated_data)
                    ~~~~~~~~~~~^^^^^^^^^^^^^^^^
  File "C:\Users\urjii\OneDrive\Desktop\project\integrated-web-app\venv\Lib\site-packages\rest_framework\serializers.py", line 991, in create
    instance = ModelClass._default_manager.create(**validated_data)
  File "C:\Users\urjii\OneDrive\Desktop\project\integrated-web-app\venv\Lib\site-packages\django\db\models\manager.py", line 87, in manager_method
    return getattr(self.get_queryset(), name)(*args, **kwargs)
           ~~~~~~~~~~~~~~~~~~~~~~~~~~~~~~~~~~^^^^^^^^^^^^^^^^^
  File "C:\Users\urjii\OneDrive\Desktop\project\integrated-web-app\venv\Lib\site-packages\django\db\models\query.py", line 663, in create
    obj.save(force_insert=True, using=self.db)
    ~~~~~~~~^^^^^^^^^^^^^^^^^^^^^^^^^^^^^^^^^^
  File "C:\Users\urjii\OneDrive\Desktop\project\integrated-web-app\Groupforum\models.py", line 55, in save
    self.clean()
    ~~~~~~~~~~^^
  File "C:\Users\urjii\OneDrive\Desktop\project\integrated-web-app\Groupforum\models.py", line 52, in clean
    raise ValidationError("A comment must be associated with either an answer or another comment")
django.core.exceptions.ValidationError: ['A comment must be associated with either an answer or another comment']
2025-05-12 23:09:11,151 - INFO - C:\Users\urjii\OneDrive\Desktop\project\integrated-web-app\Groupforum\serializers.py changed, reloading.
2025-05-12 23:09:19,941 - INFO - Load pretrained SentenceTransformer: sentence-transformers/all-MiniLM-L6-v2
2025-05-12 23:09:26,727 - INFO - Embeddings initialized successfully
2025-05-12 23:09:31,515 - INFO - Loaded: knowledge_base\ASTUlegislation2017.pdf
2025-05-12 23:09:36,810 - INFO - Loaded: knowledge_base\Course_catalogue_Final.pdf
2025-05-12 23:09:37,196 - INFO - Loaded: knowledge_base\PEOs_and_POs_ASTUs_Programs.pdf
2025-05-12 23:09:37,452 - INFO - Loaded: knowledge_base\Program_Accreditations.pdf
2025-05-12 23:10:33,607 - INFO - Loading faiss with AVX2 support.
2025-05-12 23:10:33,634 - INFO - Successfully loaded faiss with AVX2 support.
2025-05-12 23:10:33,640 - INFO - Failed to load GPU Faiss: name 'GpuIndexIVFFlat' is not defined. Will not load constructor refs for GPU indexes.
2025-05-12 23:10:33,774 - INFO - Loaded 1970 chunks from 853 documents
2025-05-12 23:10:33,777 - INFO - File watcher initialized
2025-05-12 23:10:43,834 - INFO - C:\Users\urjii\OneDrive\Desktop\project\integrated-web-app\Groupforum\views.py changed, reloading.
2025-05-12 23:10:51,406 - INFO - Load pretrained SentenceTransformer: sentence-transformers/all-MiniLM-L6-v2
2025-05-12 23:10:59,801 - INFO - Embeddings initialized successfully
2025-05-12 23:11:03,921 - INFO - Loaded: knowledge_base\ASTUlegislation2017.pdf
2025-05-12 23:11:08,562 - INFO - Loaded: knowledge_base\Course_catalogue_Final.pdf
2025-05-12 23:11:08,779 - INFO - Loaded: knowledge_base\PEOs_and_POs_ASTUs_Programs.pdf
2025-05-12 23:11:08,994 - INFO - Loaded: knowledge_base\Program_Accreditations.pdf
2025-05-12 23:12:04,946 - INFO - Loading faiss with AVX2 support.
2025-05-12 23:12:04,977 - INFO - Successfully loaded faiss with AVX2 support.
2025-05-12 23:12:04,985 - INFO - Failed to load GPU Faiss: name 'GpuIndexIVFFlat' is not defined. Will not load constructor refs for GPU indexes.
2025-05-12 23:12:05,139 - INFO - Loaded 1970 chunks from 853 documents
2025-05-12 23:12:05,141 - INFO - File watcher initialized
2025-05-12 23:38:42,911 - ERROR - Internal Server Error: /api/forum/comments/
Traceback (most recent call last):
  File "C:\Users\urjii\OneDrive\Desktop\project\integrated-web-app\venv\Lib\site-packages\django\core\handlers\exception.py", line 55, in inner
    response = get_response(request)
  File "C:\Users\urjii\OneDrive\Desktop\project\integrated-web-app\venv\Lib\site-packages\django\core\handlers\base.py", line 197, in _get_response
    response = wrapped_callback(request, *callback_args, **callback_kwargs)
  File "C:\Users\urjii\OneDrive\Desktop\project\integrated-web-app\venv\Lib\site-packages\django\views\decorators\csrf.py", line 65, in _view_wrapper
    return view_func(request, *args, **kwargs)
  File "C:\Users\urjii\OneDrive\Desktop\project\integrated-web-app\venv\Lib\site-packages\rest_framework\viewsets.py", line 125, in view
    return self.dispatch(request, *args, **kwargs)
           ~~~~~~~~~~~~~^^^^^^^^^^^^^^^^^^^^^^^^^^
  File "C:\Users\urjii\OneDrive\Desktop\project\integrated-web-app\venv\Lib\site-packages\rest_framework\views.py", line 515, in dispatch
    response = self.handle_exception(exc)
  File "C:\Users\urjii\OneDrive\Desktop\project\integrated-web-app\venv\Lib\site-packages\rest_framework\views.py", line 475, in handle_exception
    self.raise_uncaught_exception(exc)
    ~~~~~~~~~~~~~~~~~~~~~~~~~~~~~^^^^^
  File "C:\Users\urjii\OneDrive\Desktop\project\integrated-web-app\venv\Lib\site-packages\rest_framework\views.py", line 486, in raise_uncaught_exception
    raise exc
  File "C:\Users\urjii\OneDrive\Desktop\project\integrated-web-app\venv\Lib\site-packages\rest_framework\views.py", line 512, in dispatch
    response = handler(request, *args, **kwargs)
  File "C:\Users\urjii\OneDrive\Desktop\project\integrated-web-app\Groupforum\views.py", line 86, in create
    return super().create(request, *args, **kwargs)
           ~~~~~~~~~~~~~~^^^^^^^^^^^^^^^^^^^^^^^^^^
  File "C:\Users\urjii\OneDrive\Desktop\project\integrated-web-app\venv\Lib\site-packages\rest_framework\mixins.py", line 19, in create
    self.perform_create(serializer)
    ~~~~~~~~~~~~~~~~~~~^^^^^^^^^^^^
  File "C:\Users\urjii\OneDrive\Desktop\project\integrated-web-app\venv\Lib\site-packages\rest_framework\mixins.py", line 24, in perform_create
    serializer.save()
    ~~~~~~~~~~~~~~~^^
  File "C:\Users\urjii\OneDrive\Desktop\project\integrated-web-app\venv\Lib\site-packages\rest_framework\serializers.py", line 210, in save
    self.instance = self.create(validated_data)
                    ~~~~~~~~~~~^^^^^^^^^^^^^^^^
  File "C:\Users\urjii\OneDrive\Desktop\project\integrated-web-app\venv\Lib\site-packages\rest_framework\serializers.py", line 991, in create
    instance = ModelClass._default_manager.create(**validated_data)
  File "C:\Users\urjii\OneDrive\Desktop\project\integrated-web-app\venv\Lib\site-packages\django\db\models\manager.py", line 87, in manager_method
    return getattr(self.get_queryset(), name)(*args, **kwargs)
           ~~~~~~~~~~~~~~~~~~~~~~~~~~~~~~~~~~^^^^^^^^^^^^^^^^^
  File "C:\Users\urjii\OneDrive\Desktop\project\integrated-web-app\venv\Lib\site-packages\django\db\models\query.py", line 663, in create
    obj.save(force_insert=True, using=self.db)
    ~~~~~~~~^^^^^^^^^^^^^^^^^^^^^^^^^^^^^^^^^^
  File "C:\Users\urjii\OneDrive\Desktop\project\integrated-web-app\Groupforum\models.py", line 56, in save
    super().save(*args, **kwargs)
    ~~~~~~~~~~~~^^^^^^^^^^^^^^^^^
  File "C:\Users\urjii\OneDrive\Desktop\project\integrated-web-app\venv\Lib\site-packages\django\db\models\base.py", line 902, in save
    self.save_base(
    ~~~~~~~~~~~~~~^
        using=using,
        ^^^^^^^^^^^^
    ...<2 lines>...
        update_fields=update_fields,
        ^^^^^^^^^^^^^^^^^^^^^^^^^^^^
    )
    ^
  File "C:\Users\urjii\OneDrive\Desktop\project\integrated-web-app\venv\Lib\site-packages\django\db\models\base.py", line 1023, in save_base
    post_save.send(
    ~~~~~~~~~~~~~~^
        sender=origin,
        ^^^^^^^^^^^^^^
    ...<4 lines>...
        using=using,
        ^^^^^^^^^^^^
    )
    ^
  File "C:\Users\urjii\OneDrive\Desktop\project\integrated-web-app\venv\Lib\site-packages\django\dispatch\dispatcher.py", line 189, in send
    response = receiver(signal=self, sender=sender, **named)
  File "C:\Users\urjii\OneDrive\Desktop\project\integrated-web-app\Groupforum\signals.py", line 25, in notify_answer_author
    anonymous_id=instance.answer.anonymous_id
                 ^^^^^^^^^^^^^^^^^^^^^^^^^^^^
AttributeError: 'NoneType' object has no attribute 'anonymous_id'
2025-05-12 23:40:09,192 - ERROR - Internal Server Error: /api/forum/comments/
Traceback (most recent call last):
  File "C:\Users\urjii\OneDrive\Desktop\project\integrated-web-app\venv\Lib\site-packages\django\core\handlers\exception.py", line 55, in inner
    response = get_response(request)
  File "C:\Users\urjii\OneDrive\Desktop\project\integrated-web-app\venv\Lib\site-packages\django\core\handlers\base.py", line 197, in _get_response
    response = wrapped_callback(request, *callback_args, **callback_kwargs)
  File "C:\Users\urjii\OneDrive\Desktop\project\integrated-web-app\venv\Lib\site-packages\django\views\decorators\csrf.py", line 65, in _view_wrapper
    return view_func(request, *args, **kwargs)
  File "C:\Users\urjii\OneDrive\Desktop\project\integrated-web-app\venv\Lib\site-packages\rest_framework\viewsets.py", line 125, in view
    return self.dispatch(request, *args, **kwargs)
           ~~~~~~~~~~~~~^^^^^^^^^^^^^^^^^^^^^^^^^^
  File "C:\Users\urjii\OneDrive\Desktop\project\integrated-web-app\venv\Lib\site-packages\rest_framework\views.py", line 515, in dispatch
    response = self.handle_exception(exc)
  File "C:\Users\urjii\OneDrive\Desktop\project\integrated-web-app\venv\Lib\site-packages\rest_framework\views.py", line 475, in handle_exception
    self.raise_uncaught_exception(exc)
    ~~~~~~~~~~~~~~~~~~~~~~~~~~~~~^^^^^
  File "C:\Users\urjii\OneDrive\Desktop\project\integrated-web-app\venv\Lib\site-packages\rest_framework\views.py", line 486, in raise_uncaught_exception
    raise exc
  File "C:\Users\urjii\OneDrive\Desktop\project\integrated-web-app\venv\Lib\site-packages\rest_framework\views.py", line 512, in dispatch
    response = handler(request, *args, **kwargs)
  File "C:\Users\urjii\OneDrive\Desktop\project\integrated-web-app\Groupforum\views.py", line 86, in create
    return super().create(request, *args, **kwargs)
           ~~~~~~~~~~~~~~^^^^^^^^^^^^^^^^^^^^^^^^^^
  File "C:\Users\urjii\OneDrive\Desktop\project\integrated-web-app\venv\Lib\site-packages\rest_framework\mixins.py", line 19, in create
    self.perform_create(serializer)
    ~~~~~~~~~~~~~~~~~~~^^^^^^^^^^^^
  File "C:\Users\urjii\OneDrive\Desktop\project\integrated-web-app\venv\Lib\site-packages\rest_framework\mixins.py", line 24, in perform_create
    serializer.save()
    ~~~~~~~~~~~~~~~^^
  File "C:\Users\urjii\OneDrive\Desktop\project\integrated-web-app\venv\Lib\site-packages\rest_framework\serializers.py", line 210, in save
    self.instance = self.create(validated_data)
                    ~~~~~~~~~~~^^^^^^^^^^^^^^^^
  File "C:\Users\urjii\OneDrive\Desktop\project\integrated-web-app\venv\Lib\site-packages\rest_framework\serializers.py", line 991, in create
    instance = ModelClass._default_manager.create(**validated_data)
  File "C:\Users\urjii\OneDrive\Desktop\project\integrated-web-app\venv\Lib\site-packages\django\db\models\manager.py", line 87, in manager_method
    return getattr(self.get_queryset(), name)(*args, **kwargs)
           ~~~~~~~~~~~~~~~~~~~~~~~~~~~~~~~~~~^^^^^^^^^^^^^^^^^
  File "C:\Users\urjii\OneDrive\Desktop\project\integrated-web-app\venv\Lib\site-packages\django\db\models\query.py", line 663, in create
    obj.save(force_insert=True, using=self.db)
    ~~~~~~~~^^^^^^^^^^^^^^^^^^^^^^^^^^^^^^^^^^
  File "C:\Users\urjii\OneDrive\Desktop\project\integrated-web-app\Groupforum\models.py", line 56, in save
    super().save(*args, **kwargs)
    ~~~~~~~~~~~~^^^^^^^^^^^^^^^^^
  File "C:\Users\urjii\OneDrive\Desktop\project\integrated-web-app\venv\Lib\site-packages\django\db\models\base.py", line 902, in save
    self.save_base(
    ~~~~~~~~~~~~~~^
        using=using,
        ^^^^^^^^^^^^
    ...<2 lines>...
        update_fields=update_fields,
        ^^^^^^^^^^^^^^^^^^^^^^^^^^^^
    )
    ^
  File "C:\Users\urjii\OneDrive\Desktop\project\integrated-web-app\venv\Lib\site-packages\django\db\models\base.py", line 1023, in save_base
    post_save.send(
    ~~~~~~~~~~~~~~^
        sender=origin,
        ^^^^^^^^^^^^^^
    ...<4 lines>...
        using=using,
        ^^^^^^^^^^^^
    )
    ^
  File "C:\Users\urjii\OneDrive\Desktop\project\integrated-web-app\venv\Lib\site-packages\django\dispatch\dispatcher.py", line 189, in send
    response = receiver(signal=self, sender=sender, **named)
  File "C:\Users\urjii\OneDrive\Desktop\project\integrated-web-app\Groupforum\signals.py", line 25, in notify_answer_author
    anonymous_id=instance.answer.anonymous_id
                 ^^^^^^^^^^^^^^^^^^^^^^^^^^^^
AttributeError: 'NoneType' object has no attribute 'anonymous_id'
2025-05-12 23:49:08,944 - INFO - C:\Users\urjii\OneDrive\Desktop\project\integrated-web-app\Groupforum\models.py changed, reloading.
2025-05-12 23:49:29,322 - INFO - Load pretrained SentenceTransformer: sentence-transformers/all-MiniLM-L6-v2
2025-05-12 23:49:33,133 - INFO - Embeddings initialized successfully
2025-05-12 23:49:43,498 - INFO - Loaded: knowledge_base\ASTUlegislation2017.pdf
2025-05-12 23:50:00,656 - INFO - Loaded: knowledge_base\Course_catalogue_Final.pdf
2025-05-12 23:50:01,912 - INFO - Loaded: knowledge_base\PEOs_and_POs_ASTUs_Programs.pdf
2025-05-12 23:50:03,157 - INFO - Loaded: knowledge_base\Program_Accreditations.pdf
2025-05-12 23:52:24,917 - INFO - Loading faiss with AVX2 support.
2025-05-12 23:52:24,975 - INFO - Successfully loaded faiss with AVX2 support.
2025-05-12 23:52:24,993 - INFO - Failed to load GPU Faiss: name 'GpuIndexIVFFlat' is not defined. Will not load constructor refs for GPU indexes.
2025-05-12 23:52:25,327 - INFO - Loaded 1970 chunks from 853 documents
2025-05-12 23:52:25,333 - INFO - File watcher initialized
2025-05-12 23:53:55,288 - INFO - Load pretrained SentenceTransformer: sentence-transformers/all-MiniLM-L6-v2
2025-05-12 23:54:01,115 - INFO - Embeddings initialized successfully
2025-05-12 23:54:20,336 - INFO - Loaded: knowledge_base\ASTUlegislation2017.pdf
2025-05-12 23:54:42,130 - INFO - Loaded: knowledge_base\Course_catalogue_Final.pdf
2025-05-12 23:54:43,176 - INFO - Loaded: knowledge_base\PEOs_and_POs_ASTUs_Programs.pdf
2025-05-12 23:54:44,259 - INFO - Loaded: knowledge_base\Program_Accreditations.pdf
2025-05-12 23:56:42,449 - INFO - Loading faiss with AVX2 support.
2025-05-12 23:56:42,471 - INFO - Successfully loaded faiss with AVX2 support.
2025-05-12 23:56:42,476 - INFO - Failed to load GPU Faiss: name 'GpuIndexIVFFlat' is not defined. Will not load constructor refs for GPU indexes.
2025-05-12 23:56:42,596 - INFO - Loaded 1970 chunks from 853 documents
2025-05-12 23:56:42,599 - INFO - File watcher initialized
2025-05-12 23:59:12,718 - INFO - Load pretrained SentenceTransformer: sentence-transformers/all-MiniLM-L6-v2
2025-05-12 23:59:22,653 - INFO - Embeddings initialized successfully
2025-05-12 23:59:32,613 - INFO - Loaded: knowledge_base\ASTUlegislation2017.pdf
2025-05-12 23:59:42,767 - INFO - Loaded: knowledge_base\Course_catalogue_Final.pdf
2025-05-12 23:59:42,975 - INFO - Loaded: knowledge_base\PEOs_and_POs_ASTUs_Programs.pdf
2025-05-12 23:59:43,189 - INFO - Loaded: knowledge_base\Program_Accreditations.pdf
2025-05-13 00:01:54,771 - INFO - Loading faiss with AVX2 support.
2025-05-13 00:01:54,794 - INFO - Successfully loaded faiss with AVX2 support.
2025-05-13 00:01:54,798 - INFO - Failed to load GPU Faiss: name 'GpuIndexIVFFlat' is not defined. Will not load constructor refs for GPU indexes.
2025-05-13 00:01:54,909 - INFO - Loaded 1970 chunks from 853 documents
2025-05-13 00:01:54,912 - INFO - File watcher initialized
